cluster,substrate,substrate_class,ecology_note,confidence
1_101_OxoO,"2-oxo-1,2-dihydroquinoline",natural_aromatic,"N-heterocyclic aromatic. Quinoline occurs both as a precursor of plant alkaloids and as a coal-tar component, so this class assignment is not clear-cut.",medium
1_102_CARDO,carbazole,xenobiotic,N-heterocyclic aromatic; carbazole degradation genes are known to travel on transposons,high
1_103_CarAa,carbazole,xenobiotic,Alpha subunit of the same carbazole system as CARDO,high
1_104_VanA,vanillate,natural_aromatic,Lignin-derived; degradation of plant material and a central part of the soil carbon cycle,high
1_105_DdmC,dicamba,xenobiotic,"Herbicide O-demethylase, but 39 % of this type's members are plant proteins, so the label applies only to the bacterial subgroup",low
1_106_TsaM,4-toluenesulfonate,xenobiotic,Surfactant and detergent derivative,high
1_107_CndA,"chloroacetanilide herbicides (alachlor, acetochlor, butachlor)",xenobiotic,Chloroacetanilide herbicides; the oxygenase gene sits in a transposable element conserved between the two Sphingomonas strains.,high
1_108_PobA,4-hydroxybenzoate,natural_aromatic,,medium
1_109_LigX,"5,5'-dehydrodivanillate",natural_aromatic,Lignin-derived biaryl; part of the Sphingobium lignin pathway,high
1_110_SxtT,saxitoxin pathway intermediate,natural_specialized,"Cyanobacterial natural product biosynthesis, not degradation",medium
1_111_GxtA,gonyautoxin pathway intermediate,natural_specialized,Tailoring enzyme of the saxitoxin pathway,medium
1_112_NdmA,caffeine,natural_specialized,N-demethylase of a purine alkaloid,high
1_113_CdnA,caffeine and methylxanthines,natural_specialized,,medium
1_114_NdmB,caffeine,natural_specialized,N3-demethylase,high
1_115_NdmC,7-methylxanthine,natural_specialized,N7-demethylase,high
2_201_BphA1,biphenyl,xenobiotic,Entry enzyme of PCB degradation; the bph operon is classically mobile,high
2_202_EdoA1,ethylbenzene,xenobiotic,,medium
2_203_cumA1,cumene,xenobiotic,Isopropylbenzene,high
2_204_Dpe,diphenyl ether,xenobiotic,Angular dioxygenase of Sphingobium phenoxybenzoativorans SC_3; opens the C1a-C2 bond of diphenyl ether,high
2_206_IpBAa,isopropylbenzene,xenobiotic,,high
2_207_BpdC1,biphenyl,xenobiotic,Rhodococcus bph pathway,high
2_208_TecA1,"1,2,4,5-tetrachlorobenzene",xenobiotic,Chloroaromatic,high
2_209_TDO,toluene,xenobiotic,BTEX compound; todC1C2 operon,high
2_210_XylC1,xylene,xenobiotic,BTEX compound; associated with the TOL plasmid,high
2_211_bfzA,benzene and fluorene,xenobiotic,,low
2_212_BedC1,benzene,xenobiotic,BTEX compound,high
2_213_BphA1A2,biphenyl,xenobiotic,Alpha-beta fusion protein,medium
2_214_TftA,"2,4,5-trichlorophenoxyacetate",xenobiotic,"First step of the 2,4,5-T herbicide pathway",high
2_215_cadA,"2,4-dichlorophenoxyacetate (2,4-D)",xenobiotic,"Phenoxyacetate herbicide oxygenase of Bradyrhizobium sp. HW13. TENTATIVE: the source work discusses both 2,4-D and 2,4,5-T activity, so the preferred substrate is unsettled.",low
2_216_BPDO,biphenyl,xenobiotic,,high
2_217_HcaE,3-phenylpropionate,natural_aromatic,Plant-derived phenylpropanoid; the chromosomal hca operon of Escherichia coli,high
2_218_BphA1,biphenyl,xenobiotic,,high
3_301_PhnA1a,phenanthrene,xenobiotic,Polycyclic aromatic hydrocarbon,high
3_302_DitA,dehydroabietate,natural_specialized,Conifer resin acid; degradation of a plant defence compound,high
3_303_NBDO,nitrobenzene,xenobiotic,Nitroaromatic,high
3_304_OMO,"2-oxo-1,2-dihydroquinoline",natural_aromatic,Same enzyme as the reference entered as OxoO; see that entry. Class assignment shares its ambiguity.,medium
3_305_ArhA1,polycyclic aromatic hydrocarbons,xenobiotic,,medium
3_306_3NTDO,3-nitrotoluene,xenobiotic,Nitroaromatic and explosives residue,high
3_307_NagGH,naphthalene-2-sulfonate,xenobiotic,Dye industry intermediate,high
3_308_DxnA1,dibenzo-p-dioxin,xenobiotic,Dioxin,high
3_309_NahAc,naphthalene,xenobiotic,Polycyclic aromatic hydrocarbon; the NAH7 plasmid is the classic mobile catabolic plasmid,high
3_310_DntAc,"2,4-dinitrotoluene",xenobiotic,Explosives manufacturing residue,high
3_311_PhtAa,phthalate,xenobiotic,Plasticiser,high
3_312_NinA,nitroaromatic compounds,xenobiotic,,medium
3_313_KshA15,3-ketosteroid,natural_specialized,Cholesterol and steroid degradation; linked to Mycobacterium virulence and chromosomally encoded,high
3_314_NDO,naphthalene,xenobiotic,Polycyclic aromatic hydrocarbon,high
3_315_NDO,naphthalene,xenobiotic,Polycyclic aromatic hydrocarbon,high
3_316_NarAa,naphthalene,xenobiotic,Rhodococcus nar pathway,high
3_317_NidA,pyrene,xenobiotic,High molecular weight polycyclic aromatic hydrocarbon,high
3_318_NidA,pyrene,xenobiotic,Polycyclic aromatic hydrocarbon,high
3_319_PhdA,phenanthrene,xenobiotic,Polycyclic aromatic hydrocarbon,high
3_320_NidA3,polycyclic aromatic hydrocarbons,xenobiotic,,medium
4_401_CmtAb,p-cumate,xenobiotic,,high
4_402_PsbAb,4-sulfobenzoate,xenobiotic,"4-sulfobenzoate, a sulfonated aromatic of industrial origin; released sulfite enters sulfur metabolism.",high
4_403_AtdA,aniline,xenobiotic,Dye and pesticide intermediate,high
4_404_TdnA1,aniline,xenobiotic,Carried on a TOL-like plasmid,high
4_405_ROCH34,phthalate,xenobiotic,"Phthalate 4,5-dioxygenase of Cupriavidus metallidurans CH34; plasticiser degradation.",high
4_406_PDO,phthalate,xenobiotic,Plasticiser,high
4_407_PbaA1,3-phenoxybenzoate,xenobiotic,"Pyrethroid insecticide metabolite; a 3-PBA 1',2'-dioxygenase of RHO type IV",high
4_408_AntA,anthranilate,natural_aromatic,"Intermediate of tryptophan catabolism, so an endogenous metabolite rather than a pollutant",high
4_409_TPDO,terephthalate,xenobiotic,Monomer of PET plastic and an entirely anthropogenic substrate,high
4_410_CbdC,2-halobenzoate,xenobiotic,Chloroaromatic,high
4_411_XylX,toluate and benzoate,xenobiotic,Meta pathway of the TOL plasmid,high
5_501_CmoS,choline,natural_specialized,Plant choline monooxygenase; synthesises glycine betaine under salt stress,high
5_502_CmoB,choline,natural_specialized,Plant osmolyte biosynthesis,high
5_503_CmoA,choline,natural_specialized,Plant osmolyte biosynthesis,high
5_504_CntA,L-carnitine,natural_specialized,"Gut microbiome; carnitine to trimethylamine to TMAO, linked to cardiovascular risk",high
5_505_OxyA,benzalkonium chloride and other quaternary ammonium compounds,xenobiotic,"Benzalkonium chloride, a synthetic disinfectant. The qxyAR operon travels on IS1380 and Tn3 composite transposons, and N-dealkylation removes the biocidal activity.",high
5_506_Stc2,stachydrine,natural_specialized,Plant betaine (proline betaine) in the rhizosphere,high
5_507_BmoA,glycine betaine,natural_specialized,,medium
5_508_GbcA,glycine betaine,natural_specialized,Osmolyte demethylation; the Pseudomonas gbc pathway,high
