host,kingdom,basis,n_replicons
Homo sapiens,human,binomial,1175
Arabidopsis thaliana,plant,genus,353
Populus deltoides,plant,genus,143
Euprymna scolopes,animal,genus,36
Oryza sativa,plant,genus,35
Phaseolus vulgaris,plant,genus,30
Prunus avium,plant,genus,21
Centrolobium paraense,plant,"curated: Amazonian legume tree, Fabaceae",20
Elaeagnus,plant,genus,17
Lupinus albescens,plant,genus,16
Solanum lycopersicum,plant,genus,16
Aesculus hippocastanum,plant,genus,15
Cicer arietinum,plant,genus,15
swine,animal,common name,14
Coriaria myrtifolia,plant,genus,13
Glycine max,plant,genus,13
Laccaria proxima,fungus,genus,13
potato,plant,common name,13
rice,plant,common name,12
Bos taurus,animal,genus,11
Actinidia deliciosa,plant,genus,10
Agaricus bisporus,fungus,genus,10
Drosophila melanogaster,animal,genus,10
maize,plant,common name; covers case variants,10
moss,plant,common name,10
seahorse,animal,common name,10
Casuarina cunninghamiana,plant,genus,9
chicken,animal,common name; covers case variants,9
dog,animal,common name,9
Pachyrhizus erosus,plant,genus,9
termite,animal,common name,9
Vavilovia formosa,plant,genus,9
Ant,animal,common name,8
Emiliania huxleyi,alga,genus,8
Lablab purpureus,plant,genus,8
Mus musculus,animal,genus,8
Bursaphelenchus xylophilus,animal,genus,7
Daphnia magna,animal,genus,7
Magallana gigas,animal,genus,7
Mimosa pudica,plant,genus,7
pig,animal,common name,7
Sheep,animal,common name; covers case variants,7
Solanum tuberosum,plant,genus,7
sugarcane variety SP71-1406,plant,genus,7
Vigna unguiculata,plant,genus,7
avocado,plant,common name,6
Axinella dissimilis,animal,genus,6
Blasia pusilla L.,plant,genus,6
Caenorhabditis elegans MY316,animal,genus,6
Caenorhabditis elegans MY379,animal,genus,6
Canis lupus familiaris,animal,genus,6
Casuarina equisetifolia,plant,genus,6
Cichorium intybus,plant,genus,6
Corylus avellana,plant,genus,6
Draba verna,plant,genus,6
Sorghum bicolor,plant,genus,6
Acacia senegal,plant,genus,5
Apium graveolens,plant,genus,5
Brassica napus L.,plant,genus,5
Brassica oleracea var. botrytis,plant,genus,5
Camellia sinensis,plant,genus,5
Colletia paradoxa,plant,genus,5
Cowpea,plant,common name,5
Dioon merolae,plant,genus,5
Heterorhabditis bacteriophora,animal,genus,5
Lupinus mariae-josephae,plant,genus,5
nematode,animal,common name,5
Phaseolus lunatus,plant,genus,5
Piper auritum,plant,genus,5
Pisum sativum,plant,genus,5
Prunus cerasifera,plant,genus,5
Retama monosperma,plant,genus,5
Rhodnius prolixus,animal,genus,5
Salix sp. (willow),plant,genus,5
Smilax japicanga,plant,genus,5
strawberry,plant,common name,5
Tagetes erecta,plant,genus,5
Toxicodendron radicans,plant,genus,5
Vicia faba,plant,genus,5
wheat,plant,common name; covers case variants,5
Alexandrium tamiyavanichii AcMS01,alga,genus,4
Allium sativum,plant,genus,4
Anopheles gambiae,animal,genus,4
Castanea crenata,plant,genus,4
Comptonia peregrina,plant,genus,4
Coriandrum sativum,plant,genus,4
Festuca rubra,plant,genus,4
fish,animal,common name; covers case variants,4
Fragaria x ananassa,plant,genus,4
horse,animal,common name,4
Lagria villosa,animal,genus,4
Larimichthys crocea,animal,genus,4
Lens culinaris,plant,genus,4
microalgae,alga,genus,4
Mimosa diplotricha,plant,genus,4
Mimosa velloziana,plant,genus,4
Morella californica,plant,genus,4
Olea europaea,plant,genus,4
Oryza sativa sp. japonica cv. TN71,plant,genus,4
Pinus sylvestris,plant,genus,4
Platanus orientalis,plant,genus,4
Psychotria verschuerenii,plant,genus,4
shrimp,animal,common name,4
Sternotherus odoratus,animal,genus,4
Syagrus romanzoffiana (palm),plant,genus,4
Trifolium repens,plant,genus,4
Triticum aestivum,plant,genus,4
Vitis vinifera,plant,genus,4
Alnus alnobetula,plant,genus,3
Anthurium,plant,genus,3
Antirrhinum majus,plant,genus,3
Atta capiguara,animal,genus,3
Beta vulgaris,plant,genus,3
Brassica rapa,plant,genus,3
Bromus carinatus,plant,genus,3
Capsicum annuum,plant,genus,3
cattle,animal,common name,3
Cetonia aurata,animal,genus,3
Citrus x aurantiifolia,plant,genus,3
cow,animal,common name,3
Cucurbita pepo subsp. pepo,plant,genus,3
Cunninghamia lanceolata,plant,genus,3
Dalea leporina,plant,genus,3
Delphinium sp.,plant,genus,3
Eucalyptus grandis x Eucalyptus urophylla,plant,genus,3
Felis catus,animal,genus,3
fly,animal,common name,3
fruit fly,animal,common name,3
Gossypium sp.,plant,genus,3
Haliclona simulans,animal,genus,3
hime-yuzuriha,plant,curated: Japanese name for Daphniphyllum teijsmannii,3
Ipomoea batatas,plant,genus,3
Lactuca serriola,plant,genus,3
Lotus corniculatus,plant,genus,3
Luffa aegyptiaca,plant,genus,3
Malus sp.,plant,genus,3
Manihot esculenta,plant,genus,3
Medicago sativa,plant,genus,3
Meleagris gallopavo,animal,genus,3
Mud Dauber Wasp,animal,common name,3
Mussismilia hispida,animal,genus,3
Neltuma juliflora,plant,genus,3
Nephrolepsis exaltata,plant,genus,3
Panicum virgatum,plant,genus,3
Populus,plant,genus,3
Primula sp.,plant,genus,3
Prunus domestica,plant,genus,3
Prunus dulcis,plant,genus,3
Prunus persica,plant,genus,3
Ribes aureum,plant,genus,3
Saccharum officinarum,plant,genus,3
Salmo salar,animal,genus,3
Secale cereale x Triticum aestivum,plant,genus,3
Senegalia senegal,plant,genus,3
Sesamum indicum,plant,genus,3
Spheciospongia confoederata,animal,genus,3
spinach,plant,common name,3
tomato,plant,common name,3
Veronica,plant,genus,3
Viburnum sp.,plant,genus,3
Acacia,plant,genus,2
Actinidia,plant,genus,2
Actinidia chinensis,plant,genus,2
Actinidia chinensis var. chinensis,plant,genus,2
Actinidia sp.,plant,genus,2
apple,plant,common name,2
Arabidopsis halleri,plant,genus,2
Atta texana,animal,genus,2
Berberis sp.,plant,genus,2
bovine,animal,common name,2
Broussonetia kazinoki Sieb. X Broussonetia papyrifa Vent.,plant,genus,2
cabbage,plant,common name,2
Caenorhabditis elegans,animal,genus,2
Cajanus cajan,plant,genus,2
Camellia sinensis (L.) O. Kuntze,plant,genus,2
Cannabis sativa,plant,genus,2
Carica papaya,plant,genus,2
Chelonia mydas,animal,genus,2
Cilantro,plant,common name,2
Cocos nucifera,plant,genus,2
Coleus scutellarioides,plant,genus,2
cucumber,plant,common name,2
Cucumis sativus,plant,genus,2
Daucus carota subsp. sativus (carrot),plant,genus,2
Dugesia japonica,animal,genus,2
Echinacea purpurea,plant,genus,2
Equus caballus,animal,genus,2
Equus ferus caballus,animal,genus,2
Eriobotrya japonica,plant,genus,2
Fuchsia,plant,genus,2
Geranium,plant,genus,2
Helianthus annuus,plant,genus,2
Helianthus annuus L.,plant,genus,2
Helicoverpa armigera,animal,genus,2
Heterorhabditis megidis,animal,genus,2
Heterorhabditis sp.,animal,genus,2
Ipomoea batatas [L.] Lam.,plant,genus,2
Kiwifruit,plant,common name,2
Kummerowia striata,plant,genus,2
Lebeckia ambigua,plant,genus,2
Leucaena sp.; Phaseolus vulgaris (common bean),plant,genus,2
Lotus sp.,plant,genus,2
Malus,plant,genus,2
Malus domestica,plant,genus,2
Medicago rotata,plant,genus,2
mole,animal,common name,2
Morella rubra,plant,genus,2
Morone saxatilis,animal,genus,2
Musa acuminata,plant,genus,2
Myotis volans,animal,genus,2
Nasonia vitripennis,animal,genus,2
Nerium oleander,plant,genus,2
Orbicella annularis,animal,genus,2
Panicum miliaceum,plant,genus,2
Paullinia cupana (Mart) Ducke,plant,genus,2
Petunia x hybrida,plant,genus,2
Phaseolus vulgaris L.,plant,genus,2
Photinia glabra,plant,genus,2
Pieris,ambiguous,"curated: Pieris is both a plant and a butterfly genus, undecidable",2
Pinus mugo,plant,genus,2
plant-parasitic nematode,animal,common name,2
Popillia japonica,animal,genus,2
Populus alba,plant,genus,2
Potamogeton pectinatus,plant,genus,2
pulmonate snail,animal,common name,2
rabbit,animal,common name,2
"Rice, Sorghum, Chickpea",plant,common name,2
rose,plant,common name,2
Sedum sp.,plant,genus,2
Soil,not_a_host,not an organism; covers case variants,2
Solanum tuberosum L.,plant,genus,2
Solidago canadensis var. scabra,plant,genus,2
Steinernema sp.,animal,genus,2
Strongylocentrotus intermedius (sea urchin),animal,genus,2
Sulla coronaria,plant,genus,2
Tectona grandis,plant,genus,2
Trachinotus falcatus,animal,genus,2
Trifolium pratense,plant,genus,2
Triticum turgidum,plant,genus,2
turfgrass,plant,common name,2
white clover,plant,common name,2
Zea mays,plant,genus,2
"Zostera sp. (Coastal, Eelgrass)",plant,genus,2
Acartia tonsa,animal,genus,1
Acer pseudoplatanus,plant,genus,1
Acropora cytherea (hexacoral),animal,genus,1
Actinocyclus sp.,alga,genus,1
Agama (lizzard),animal,genus,1
Alces alces,animal,genus,1
Alder,plant,common name,1
Alfalfa,plant,common name,1
Alhagi sparsifolia,plant,genus,1
Allium fistulosum,plant,genus,1
Anas platyrhynchos,animal,genus,1
Anopheles gambiae strain G3,animal,genus,1
Apium graveolens (celery),plant,genus,1
Aporrectodea caliginosa,animal,genus,1
Apterostigma dentigerum,animal,genus,1
Arachis hypogaea,plant,genus,1
Aster,plant,genus,1
Astragalus pelecinus subsp. leiocarpus,plant,genus,1
Aureococcus anophagefferens,alga,genus,1
Azadirachta indica,plant,genus,1
Barley,plant,common name,1
Bauhinia purpurea,plant,genus,1
Biserrula pelecinus Casbah,plant,genus,1
Black vulture (Coragyps atratus),animal,common name,1
Boophilus sp. [Acari: Ixodidae],animal,genus,1
Bos taurus indicus,animal,genus,1
Botryococcus braunii,alga,genus,1
Brassica nigra,plant,genus,1
Brassica rapa subsp. chinensis,plant,genus,1
Calendula officinalis,plant,genus,1
Campanula,plant,genus,1
Canis lupus,animal,genus,1
Carthamus tinctorius,plant,genus,1
Casuarina equisetifolia subsp. incana.,plant,genus,1
Cephalotes varians,animal,genus,1
Ceratonia siliqua,plant,genus,1
Chamaecostus cuspidatus,plant,genus,1
Cicer arietinum kabuli,plant,genus,1
Cicer canariense,plant,genus,1
Cicer echinospermum,plant,genus,1
Cicer reticulatum,plant,genus,1
Citrus x limon,plant,genus,1
Coloeus monedula,animal,genus,1
Conoderus sp.,animal,genus,1
Corn,plant,common name,1
Corynorhinus townsendii,animal,genus,1
Cranberry,plant,common name,1
Cyclops,animal,genus,1
Dendropanax trifidus,plant,genus,1
Diatraea saccharalis,animal,genus,1
Didelphis marsupialis,animal,genus,1
Digitaria sanguinalis,plant,genus,1
dolphin,animal,common name,1
Drosophila,animal,genus,1
Drosophila melanogaster (wildtype),animal,genus,1
Drosophila melanogaster strain W1118,animal,genus,1
duck,animal,common name,1
Eucalyptus,plant,genus,1
Euonymus,plant,genus,1
Ficus erecta,plant,genus,1
Fraxinus excelsior,plant,genus,1
Gorgonacea,animal,genus,1
grapevine,plant,common name,1
Hedera helix,plant,genus,1
Hemionitis calomelanos,plant,genus,1
Heterorhabditis zealandica strain ETL,animal,genus,1
Heuchera,plant,genus,1
Hibiscus rosa-sinensis,plant,genus,1
Hordeum vulgare,plant,genus,1
Hosta,plant,genus,1
Ictalurus punctatus,animal,genus,1
Iotrochota protea,animal,"curated: marine sponge, Demospongiae",1
Juglans regia,plant,genus,1
Klyxum echinatum,animal,genus,1
Lactuca sativa,plant,genus,1
Lathyrus sativus,plant,genus,1
Leobordea lanceolata,plant,genus,1
lichen,fungus,"curated: lichen is a fungus-alga symbiosis, not a plant",1
Lilac,plant,genus,1
Lolium multiflorum,plant,genus,1
Lupinus angustifolius,plant,genus,1
Lupinus honoratus,plant,genus,1
Macrocystis pyrifera,alga,genus,1
mangrove plant,plant,common name,1
Melia azedarach,plant,genus,1
Mimosa,plant,genus,1
Mimosa gymnas,plant,genus,1
Mineral hydromagnesite,not_a_host,not an organism,1
Morus alba,plant,genus,1
Mouse,animal,common name,1
oilseed rape,plant,common name,1
Oncorhynchus mykiss,animal,genus,1
onion,plant,common name,1
Oxytropis sp.,plant,genus,1
Paeonia,plant,genus,1
Papaver somniferum,plant,genus,1
Parthenium hysterophorus,plant,genus,1
peanut,plant,common name,1
Penaeus vannamei (Pacific white shrimp),animal,genus,1
Petunia,plant,genus,1
Phaseolus,plant,genus,1
Phaseolus albescens,plant,genus,1
Pistachio,plant,common name,1
Pisum sativum l. (pea),plant,genus,1
Plantain,plant,common name,1
Poa,plant,genus,1
Poa sp.,plant,genus,1
porcine,animal,common name,1
Primula x polyantha,plant,genus,1
Prunus yedoensis,plant,genus,1
Pyrodinium bahamense,alga,genus,1
Raphanus sativus,plant,genus,1
Raphanus sativus var. Flamboyant 5,plant,genus,1
rhizospheric soil of Cistus ladanifer L.,plant,common name,1
Rhus typhina,plant,genus,1
Rosa hybrid cultivar,plant,genus,1
Ruditapes decussatus,animal,genus,1
Saccharum (sugarcane),plant,genus,1
Saccharum hybrid cultivar,plant,genus,1
Salacca wallichiana,plant,genus,1
sea anemone,animal,common name,1
Seagrass,plant,common name,1
Sedum,plant,genus,1
Sesbania cannabina,plant,genus,1
Skeletonema costatum,alga,genus,1
Solanam lycopersicum,plant,curated: misspelling of Solanum lycopersicum,1
Solanum tuberosum cv. Romina,plant,genus,1
Spheniscidae,animal,genus,1
sponge,animal,common name,1
Steinernema karii,animal,genus,1
Steinernema texanum,animal,genus,1
Styela canopus,animal,genus,1
Sus scrofa (APC1311/+),animal,genus,1
Sus scrofa domesticus,animal,genus,1
Symbiodinium tridacnidarum,alga,genus,1
Thalassionema frauenfeldii,alga,genus,1
Thalassiosira rotula CCMP3264,alga,genus,1
Thalassiosira rotula WPF8,alga,genus,1
Threskiornis spinicollis,animal,genus,1
Tillandsia usneoides,plant,genus,1
tobacco,plant,common name,1
Trema orientale,plant,genus,1
Tursiops truncatus,animal,genus,1
Ulmus pumila,plant,genus,1
Ulmus sp.,plant,genus,1
Vicia sativa,plant,genus,1
Vigna radiata,plant,genus,1
Vitis vinifera cv. Thompson,plant,genus,1
Yarrow,plant,genus,1
Zinnia elegans,plant,genus,1
Zizania aquatica,plant,genus,1
Zizania aquatica L.,plant,genus,1
