"ro_name","organism","subunit_composition","pdb","source_doi","source_citation","mapped_cluster","mapping_basis","mapping_identity_pct","rcsb_title","rcsb_organism","rcsb_entities","rcsb_citation_doi","agrees_with_review","mapping_note"
"DMO","Stenotrophomonas maltophilia","a3","3GKE","10.1021/acs.biochem.5c00369","Miao H, Schmidt S. Biochemistry 2025;64:3801-3813, Table 1","1_105_DdmC","pdb_match","","Crystal Structure of Dicamba Monooxygenase","Stenotrophomonas maltophilia","DdmC x3 (349 aa, UniProt:Q5S3I3)","10.1016/j.jmb.2009.07.021","yes","sequence corroborates the pdb_match: 99.7% identical to this type's curated reference"
"CntA","Acinetobacter baumannii","a3","6Y8J","10.1021/acs.biochem.5c00369","Miao H, Schmidt S. Biochemistry 2025;64:3801-3813, Table 1","5_504_CntA","sequence_identity","99.5","Crystal structure of the apo form of a quaternary ammonium Rieske monooxygenase CntA","Acinetobacter baumannii","Carnitine monooxygenase oxygenase subunit x1 (391 aa, UniProt:A0AA90HUQ3)","10.1074/jbc.RA120.016019","yes","the number of distinct polymers (1) matches alpha3, but the deposited asymmetric unit holds only 1 chain -- the trimer is generated by crystallographic symmetry and is not verifiable from the entry record alone"
"CARDO","Janthinobacterium sp. strain J3","a3","1WW9","10.1021/acs.biochem.5c00369","Miao H, Schmidt S. Biochemistry 2025;64:3801-3813, Table 1","1_102_CARDO","pdb_match","","Crystal structure of the terminal oxygenase component of carbazole 1,9a-dioxygenase, a non-heme iron oxygenase system catalyzing the novel angular dioxygenation for carbazole and dioxin","Janthinobacterium sp. J3","terminal oxygenase component of carbazole x1 (392 aa, UniProt:Q84II6)","10.1016/j.jmb.2005.05.059","yes","the number of distinct polymers (1) matches alpha3, but the deposited asymmetric unit holds only 1 chain -- the trimer is generated by crystallographic symmetry and is not verifiable from the entry record alone | sequence corroborates the pdb_match: 100.0% identical to this type's curated reference | chemistry.csv assigns 1WW9 to 2 types: 1_102_CARDO, 1_103_CarAa | also matches 1_103_CarAa (99.2% identical reference, duplicate curated name carrying the same PDB id)"
"OMO","Pseudomonas putida strain 86","a3","1Z01","10.1021/acs.biochem.5c00369","Miao H, Schmidt S. Biochemistry 2025;64:3801-3813, Table 1","3_304_OMO","sequence_identity","100.0","2-Oxoquinoline 8-Monooxygenase Component: Active site Modulation by Rieske-[2fe-2S] Center Oxidation/Reduction","Pseudomonas putida","2-oxo-1,2-dihydroquinoline 8-monooxygenase, oxygenase component x6 (446 aa, UniProt:O05935)","10.1016/j.str.2005.03.008","yes","also matches 1_101_OxoO (100.0% identical reference -- duplicate in the curated set)"
"KshA","Mycobacterium tuberculosis","a3","2ZYL","10.1021/acs.biochem.5c00369","Miao H, Schmidt S. Biochemistry 2025;64:3801-3813, Table 1","3_313_KshA15","pdb_match","","Crystal structure of 3-ketosteroid-9-alpha-hydroxylase (KshA) from M. tuberculosis","Mycobacterium tuberculosis","POSSIBLE OXIDOREDUCTASE x1 (386 aa, UniProt:P71875)","10.1074/jbc.M900719200","yes","the number of distinct polymers (1) matches alpha3, but the deposited asymmetric unit holds only 1 chain -- the trimer is generated by crystallographic symmetry and is not verifiable from the entry record alone | sequence corroborates the pdb_match: 100.0% identical to this type's curated reference"
"SxtT","Microseira wollei","a3","6WN3","10.1021/acs.biochem.5c00369","Miao H, Schmidt S. Biochemistry 2025;64:3801-3813, Table 1","1_110_SxtT","sequence_identity","100.0","Structure of the Rieske non-heme iron oxygenase SxtT","Microseira wollei","SxtT x3 (334 aa, UniProt:C3RVQ0)","10.1038/s41467-020-16729-0","yes",""
"GxtA","Microseira wollei","a3","6WNC","10.1021/acs.biochem.5c00369","Miao H, Schmidt S. Biochemistry 2025;64:3801-3813, Table 1","1_111_GxtA","sequence_identity","100.0","Structure of the Rieske non-heme iron oxygenase GxtA","Microseira wollei","SxtDIOX x3 (334 aa, UniProt:C3RVP5)","10.1038/s41467-020-16729-0","yes",""
"Stc2","Sinorhizobium meliloti 1021","a3","3VCP","10.1021/acs.biochem.5c00369","Miao H, Schmidt S. Biochemistry 2025;64:3801-3813, Table 1","5_506_Stc2","sequence_identity","100.0","The 2.2 Angstrom structure of Stc2 with proline bound in the active site","Sinorhizobium meliloti 1021","Ring-hydroxylating dioxygenase x1 (412 aa, UniProt:Q92ZP9)","10.1021/ja2111898","yes","the number of distinct polymers (1) matches alpha3, but the deposited asymmetric unit holds only 1 chain -- the trimer is generated by crystallographic symmetry and is not verifiable from the entry record alone"
"GdmA","Rhizorhabdus wittichii RW1","a3","7QWT","10.1021/acs.biochem.5c00369","Miao H, Schmidt S. Biochemistry 2025;64:3801-3813, Table 1","","unmapped","","Rieske non-heme iron monooxygenase for guaiacol O-demethylation","Rhizorhabdus wittichii RW1","Rieske (2Fe-2S) domain protein x9 (373 aa, UniProt:A0A9J9HDN6)","10.1016/j.checat.2022.04.019","yes","no curated reference reaches 95% identity (best: 1_107_CndA at 34.5%), and neither the PDB id nor the name/organism match a type -- this enzyme has no counterpart among the 71 types"
"NDO","Pseudomonas sp. strain NCIB 9816-4","a3b3","1NDO","10.1021/acs.biochem.5c00369","Miao H, Schmidt S. Biochemistry 2025;64:3801-3813, Table 1","3_315_NDO","pdb_match","","NAPHTHALENE 1,2-DIOXYGENASE","Pseudomonas putida","NAPHTHALENE 1,2-DIOXYGENASE x3 (449 aa, UniProt:P0A110); NAPHTHALENE 1,2-DIOXYGENASE x3 (194 aa, UniProt:P0A112)","10.1016/S0969-2126(98)00059-8","yes","the two sources name this organism at different levels of specificity -- the review says 'Pseudomonas sp. strain NCIB 9816-4', RCSB says Pseudomonas putida; the genus agrees and this is nomenclature, not a different protein | sequence corroborates the pdb_match: 100.0% identical to this type's curated reference | chemistry.csv assigns 1NDO to 3 types: 3_309_NahAc, 3_314_NDO, 3_315_NDO | also matches 3_309_NahAc (100.0% identical reference, duplicate curated name carrying the same PDB id) | also matches 3_314_NDO (carries 1NDO in chemistry.csv but its curated reference is only 27.4% identical to this entry -- CURATION ERROR)"
"CDO","Pseudomonas fluorescens IP01","a3b3","1WQL","10.1021/acs.biochem.5c00369","Miao H, Schmidt S. Biochemistry 2025;64:3801-3813, Table 1","2_203_cumA1","pdb_match","","Cumene dioxygenase (cumA1A2) from Pseudomonas fluorescens IP01","Pseudomonas fluorescens","iron-sulfur protein large subunit of cumene dioxygenase x1 (459 aa, UniProt:Q51743); ethylbenzene dioxygenase small subunit x1 (186 aa, UniProt:Q51744)","10.1128/JB.187.7.2483-2490.2005","yes","the number of distinct polymers (2) matches alpha3beta3, but the deposited asymmetric unit holds only 2 chains -- the trimer is generated by crystallographic symmetry and is not verifiable from the entry record alone | sequence corroborates the pdb_match: 100.0% identical to this type's curated reference"
"BPDO","Rhodococcus sp. strain RHA1","a3b3","1ULI","10.1021/acs.biochem.5c00369","Miao H, Schmidt S. Biochemistry 2025;64:3801-3813, Table 1","2_213_BphA1A2","sequence_identity","100.0","Biphenyl dioxygenase (BphA1A2) derived from Rhodococcus sp. strain RHA1","Rhodococcus jostii RHA1","biphenyl dioxygenase large subunit x3 (460 aa, UniProt:Q53122); biphenyl dioxygenase small subunit x3 (187 aa, UniProt:Q53123)","10.1016/j.jmb.2004.07.062","yes","the two sources name this organism at different levels of specificity -- the review says 'Rhodococcus sp. strain RHA1', RCSB says Rhodococcus jostii RHA1; the genus agrees and this is nomenclature, not a different protein"
"BPDO","Comamonas testosteroni strain B-356","a3b3","3GZY","10.1021/acs.biochem.5c00369","Miao H, Schmidt S. Biochemistry 2025;64:3801-3813, Table 1","","unmapped","","Crystal Structure of the Biphenyl Dioxygenase from Comamonas testosteroni Sp. Strain B-356","Comamonas testosteroni","Biphenyl dioxygenase subunit alpha x1 (457 aa, UniProt:Q46372); Biphenyl dioxygenase subunit beta x1 (186 aa, UniProt:Q46373)","10.1371/journal.pone.0052550","yes","the primary citation names this strain under a different genus than both the deposition and the review (citation title: ""Structural Characterization of Pandoraea pnomenusa B-356 Biphenyl Dioxygenase Reveals Features of Potent Polychlorinated Biphenyl-Degrading Enzymes"") -- a strain reclassification, not a different protein | the number of distinct polymers (2) matches alpha3beta3, but the deposited asymmetric unit holds only 2 chains -- the trimer is generated by crystallographic symmetry and is not verifiable from the entry record alone | no curated reference reaches 95% identity (best: 2_201_BphA1 at 76.9%), and neither the PDB id nor the name/organism match a type -- this enzyme has no counterpart among the 71 types"
"BPDO","Paraburkholderia xenovorans LB400","a3b3","2XR8","10.1021/acs.biochem.5c00369","Miao H, Schmidt S. Biochemistry 2025;64:3801-3813, Table 1","2_201_BphA1","pdb_match","","Crystal structure of biphenyl dioxygenase from Burkholderia xenovorans LB400","Paraburkholderia xenovorans LB400","BIPHENYL DIOXYGENASE SUBUNIT ALPHA x12 (459 aa, UniProt:P37333); BIPHENYL DIOXYGENASE SUBUNIT BETA x12 (188 aa, UniProt:P37334)","10.1016/J.JMB.2010.11.009","yes","sequence corroborates the pdb_match: 95.9% identical to this type's curated reference"
"NagGH","Ralstonia sp. strain U2","a3b3","7C8Z","10.1021/acs.biochem.5c00369","Miao H, Schmidt S. Biochemistry 2025;64:3801-3813, Table 1","3_307_NagGH","sequence_identity","100.0","Crystal structure of salicylate 5-hydroxylase NagGH (a Rieske non-heme iron-dependent monooxgenase)","Ralstonia sp.","Salicylate 5-hydroxylase, large oxygenase component x4 (442 aa, UniProt:O52379); Salicylate 5-hydroxylase, small oxygenase component x4 (161 aa, UniProt:O52380)","10.1128/AEM.01629-20","yes",""
"NBDO","Comamonas sp. strain JS765","a3b3","2BMO","10.1021/acs.biochem.5c00369","Miao H, Schmidt S. Biochemistry 2025;64:3801-3813, Table 1","3_303_NBDO","pdb_match","","The Crystal Structure of Nitrobenzene Dioxygenase","Comamonas sp. JS765","OXYGENASE-ALPHA NBDO x1 (447 aa, UniProt:Q8RTL4); OXYGENASE-BETA NBDO x1 (194 aa, UniProt:Q8RTL3)","10.1016/j.jmb.2005.03.052","yes","the number of distinct polymers (2) matches alpha3beta3, but the deposited asymmetric unit holds only 2 chains -- the trimer is generated by crystallographic symmetry and is not verifiable from the entry record alone | sequence corroborates the pdb_match: 100.0% identical to this type's curated reference"
"TDO","Pseudomonas putida strain F1","a3b3","3EN1","10.1021/acs.biochem.5c00369","Miao H, Schmidt S. Biochemistry 2025;64:3801-3813, Table 1","2_209_TDO","pdb_match","","Crystal structure of Toluene 2,3-Dioxygenase","Pseudomonas putida","Benzene 1,2-dioxygenase subunit alpha x1 (450 aa, UniProt:A5W4F2); Benzene 1,2-dioxygenase subunit beta x1 (187 aa, UniProt:A5W4F1)","10.1107/S0907444908036524","yes","the number of distinct polymers (2) matches alpha3beta3, but the deposited asymmetric unit holds only 2 chains -- the trimer is generated by crystallographic symmetry and is not verifiable from the entry record alone | sequence corroborates the pdb_match: 100.0% identical to this type's curated reference"
"PAHDO","Sphingomonas sp. CHY-1","a3b3","2CKF","10.1021/acs.biochem.5c00369","Miao H, Schmidt S. Biochemistry 2025;64:3801-3813, Table 1","3_301_PhnA1a","sequence_identity","100.0","Crystal Structure of the Terminal Component of the PAH-hydroxylating Dioxygenase from Sphingomonas sp CHY-1","Sphingomonas sp. CHY-1","RING-HYDROXYLATING DIOXYGENASE ALPHA SUBUNIT x3 (454 aa, UniProt:Q65AT1); RING-HYDROXYLATING DIOXYGENASE BETA SUBUNIT x3 (174 aa, UniProt:Q65AT0)","10.1016/J.BBRC.2006.11.117","yes",""
"3NTDO","Diaphorobacter sp. DS2","a3b3","5XBP","10.1021/acs.biochem.5c00369","Miao H, Schmidt S. Biochemistry 2025;64:3801-3813, Table 1","3_306_3NTDO","sequence_identity","100.0","Oxygenase component of 3-nitrotoluene dioxygenase from Diaphorobacter sp. strain DS2","Diaphorobacter sp. DS2","3NT oxygenase alpha subunit x3 (446 aa, UniProt:M9PW15); 3NT oxygenase beta subunit x3 (193 aa, UniProt:M9PUZ8)","10.1371/journal.pone.0176398","yes","this entry supersedes the earlier 5BRC (2017-04-19) -- the review cites the current entry, which is correct"
"TPDO","Comamonas testosteroni KF-1","a3b3","7VJU","10.1021/acs.biochem.5c00369","Miao H, Schmidt S. Biochemistry 2025;64:3801-3813, Table 1","4_409_TPDO","sequence_identity","100.0","Crystal Structure of terephthalate dioxygenase from Comamonas testosteroni KF1","Comamonas testosteroni KF-1","Rieske (2Fe-2S) domain protein x3 (413 aa, UniProt:B7WRJ9); Aromatic-ring-hydroxylating dioxygenase beta subunit x3 (154 aa, UniProt:B7WRJ8)","10.1128/JB.00543-21","yes",""
"TPADO","Comamonas sp. strain E6","a3b3","7Q04","10.1021/acs.biochem.5c00369","Miao H, Schmidt S. Biochemistry 2025;64:3801-3813, Table 1","4_409_TPDO","sequence_identity","99.5","Crystal structure of TPADO in a substrate-free state","Comamonas sp.; Gallus gallus","Terephthalate 1,2-dioxygenase, terminal oxygenase component subunit beta 1 x3 (154 aa, UniProt:Q3C1E2); Terephthalate 1,2-dioxygenase, terminal oxygenase component subunit alpha 2 x3 (428 aa, UniProt:Q3C1D5); Lysozyme x1 (129 aa, UniProt:P00698)","10.1073/pnas.2121426119","yes","1 polymer entity from a different organism (Lysozyme / Gallus gallus) is not counted toward the subunit composition -- a crystallization additive, not part of the RO"
"IadDE","Variovorax paradoxus","a3b3","8H2T","10.1021/acs.biochem.5c00369","Miao H, Schmidt S. Biochemistry 2025;64:3801-3813, Table 1","","unmapped","","Cryo-EM structure of IadD/E dioxygenase bound with IAA","Variovorax paradoxus","Rieske (2Fe-2S) domain protein x3 (437 aa, UniProt:C5CSP6); Aromatic-ring-hydroxylating dioxygenase beta subunit x3 (162 aa, UniProt:C5CSP7)","10.1371/journal.pbio.3002189","yes","no curated reference reaches 95% identity (best: 4_404_TdnA1 at 29.7%), and neither the PDB id nor the name/organism match a type -- this enzyme has no counterpart among the 71 types"
"HcaEF","Escherichia coli K-12","a3b3","8K0A","10.1021/acs.biochem.5c00369","Miao H, Schmidt S. Biochemistry 2025;64:3801-3813, Table 1","2_217_HcaE","sequence_identity","100.0","CryoEM structure of 3-phenylpropionate/cinnamic acid dioxygenase HcaE-HcaF complex","Escherichia coli K-12","3-phenylpropionate/cinnamic acid dioxygenase subunit alpha x3 (453 aa, UniProt:P0ABR5); 3-phenylpropionate/cinnamic acid dioxygenase subunit beta x3 (172 aa, UniProt:Q47140)","","yes","RCSB has no DOI or PubMed id for the primary citation (journal: To be published) -- the structure is citable only by its PDB id"
"NdmA","Pseudomonas putida CBB5","a3a'3","6ICK","10.1021/acs.biochem.5c00369","Miao H, Schmidt S. Biochemistry 2025;64:3801-3813, Table 1 (NdmA/NdmB pair, 6ICK/6ICL)","1_112_NdmA","sequence_identity","100.0","Pseudomonas putida CBB5 NdmA","Pseudomonas putida","Methylxanthine N1-demethylase NdmA x3 (369 aa, UniProt:H9N289)","10.1016/j.jmb.2019.08.004","partial","the review's alpha3alpha'3 label describes the NdmA3/NdmB3 heterocomplex, but this entry contains only one of the two catalytic subunits (1 distinct polymer), so the composition cannot be confirmed from this entry alone"
"NdmB","Pseudomonas putida CBB5","a3a'3","6ICL","10.1021/acs.biochem.5c00369","Miao H, Schmidt S. Biochemistry 2025;64:3801-3813, Table 1 (NdmA/NdmB pair, 6ICK/6ICL)","1_114_NdmB","sequence_identity","100.0","Pseudomonas putida CBB5 NdmB","Pseudomonas putida","Methylxanthine N3-demethylase NdmB x1 (373 aa, UniProt:H9N290)","10.1016/j.jmb.2019.08.004","partial","the review's alpha3alpha'3 label describes the NdmA3/NdmB3 heterocomplex, but this entry contains only one of the two catalytic subunits (1 distinct polymer), so the composition cannot be confirmed from this entry alone | also matches 1_115_NdmC (100.0% identical reference -- duplicate in the curated set)"
"PDO","Comamonas testosteroni KF-1","a3a3","7FJL","10.1021/acs.biochem.5c00369","Miao H, Schmidt S. Biochemistry 2025;64:3801-3813, Table 1","4_406_PDO","sequence_identity","100.0","Crystal Structure of phthalate dioxygenase from Comamonas testosteroni KF1","Comamonas testosteroni KF-1","Rieske (2Fe-2S) domain protein x6 (439 aa, UniProt:B7WQT1)","10.1016/j.jbc.2021.101416","yes",""
