candidate_id,protein_id,locus_tag,gene,product,ro_cluster,ro_group,hmm_score,model_coverage,hmm_evalue,nucleotide_id,start,end,strand,organism,taxonomy,is_plasmid,leaf_id,assignment_class,core_identity,operon_completeness,has_beta,has_ferredoxin,has_reductase,layout
NC_007949.1:263979-265302:-1,WP_011486004.1,BPRO_RS25785,,aromatic ring-hydroxylating dioxygenase subunit alpha,4_405_ROCH34,4,265.0,0.8269,7.3e-79,NC_007949.1,263979,265302,-1,Polaromonas sp. JS666,Bacteria; Pseudomonadati; Pseudomonadota; Betaproteobacteria; Burkholderiales; Comamonadaceae; Polaromonas,1,4_405_ROCH34#0,core,0.907,2,0,1,1,[alpha] > other > ferredoxin > reductase > transporter > transporter > transporter > transporter > transporter > other > transporter > transposon
NC_011892.1:191557-192904:1,WP_015934112.1,MNOD_RS37220,,aromatic ring-hydroxylating dioxygenase subunit alpha,4_405_ROCH34,4,275.8,0.8041,3.8e-82,NC_011892.1,191557,192904,1,Methylobacterium nodulans ORS 2060,Bacteria; Pseudomonadati; Pseudomonadota; Alphaproteobacteria; Hyphomicrobiales; Methylobacteriaceae; Methylobacterium,1,4_405_ROCH34#0,core,0.7966,0,0,0,0,[alpha] > other > transporter
NZ_ABCP01000011.1:73744-75031:-1,WP_007153622.1,MDG893_RS09840,,aromatic ring-hydroxylating dioxygenase subunit alpha,4_405_ROCH34,4,407.5,0.9863,4.1e-122,NZ_ABCP01000011.1,73744,75031,-1,Marinobacter algicola DG893,Bacteria; Pseudomonadati; Pseudomonadota; Gammaproteobacteria; Pseudomonadales; Marinobacteraceae; Marinobacter,0,4_405_ROCH34#4,divergent,0.4468,0,0,0,0,[alpha] > hypothetical > other > hypothetical > hypothetical > hypothetical > reductase > other > hydrolase
NZ_AEGR01000040.1:7300-8623:1,WP_006296721.1,HGR_RS03580,,aromatic ring-hydroxylating dioxygenase subunit alpha,4_405_ROCH34,4,268.5,0.836,6.4e-80,NZ_AEGR01000040.1,7300,8623,1,Hylemonella gracilis ATCC 19624,Bacteria; Pseudomonadati; Pseudomonadota; Betaproteobacteria; Burkholderiales; Comamonadaceae; Hylemonella,0,4_405_ROCH34#0,core,0.8287,2,0,1,1,[alpha] > other > ferredoxin > reductase > transporter > transporter > transporter > transporter > transporter > ring_cleavage
NZ_AGUD01000294.1:19706-21029:-1,WP_007578261.1,PAI11_RS20255,,aromatic ring-hydroxylating dioxygenase subunit alpha,4_405_ROCH34,4,268.3,0.9613,6.9e-80,NZ_AGUD01000294.1,19706,21029,-1,Patulibacter medicamentivorans,Bacteria; Bacillati; Actinomycetota; Thermoleophilia; Solirubrobacterales; Patulibacteraceae; Patulibacter,0,4_405_ROCH34#11,divergent,0.4701,0,0,0,0,[alpha] > other
NZ_AHBW01000039.1:11244-12528:-1,WP_006552202.1,AK37_RS10885,,aromatic ring-hydroxylating dioxygenase subunit alpha,4_405_ROCH34,4,434.9,0.9909,1.9e-130,NZ_AHBW01000039.1,11244,12528,-1,Rhodococcus pyridinivorans AK37,Bacteria; Bacillati; Actinomycetota; Actinomycetes; Mycobacteriales; Nocardiaceae; Rhodococcus,0,4_405_ROCH34#7,divergent,0.5,0,0,0,0,[alpha] > dehydrogenase > hypothetical > reductase
NZ_AJJH01000032.1:10115-11399:-1,WP_007296704.1,W59_RS07465,,Rieske 2Fe-2S domain-containing protein,4_405_ROCH34,4,429.4,0.9909,9e-129,NZ_AJJH01000032.1,10115,11399,-1,Rhodococcus opacus RKJ300 = JCM 13270,Bacteria; Bacillati; Actinomycetota; Actinomycetes; Mycobacteriales; Nocardiaceae; Rhodococcus,0,4_405_ROCH34#7,divergent,0.4909,1,0,0,1,[alpha] > dehydrogenase > hypothetical > reductase
NZ_AJLR01000162.1:3384-4674:-1,WP_004432420.1,BAZO_RS20905,,Rieske 2Fe-2S domain-containing protein,4_405_ROCH34,4,321.3,0.8656,5.7e-96,NZ_AJLR01000162.1,3384,4674,-1,Schinkia azotoformans LMG 9581,Bacteria; Bacillati; Bacillota; Bacilli; Bacillales; Bacillaceae; Calidifontibacillus/Schinkia group; Schinkia,0,4_405_ROCH34#23,novel_candidate,0.3294,1,0,1,0,[alpha] > hypothetical > hydrolase > other > ring_cleavage > ferredoxin
NZ_AJWE01000027.1:19558-20842:1,WP_007815491.1,PMI11_RS08255,,Rieske 2Fe-2S domain-containing protein,4_405_ROCH34,4,401.9,0.9909,2.1e-120,NZ_AJWE01000027.1,19558,20842,1,Rhizobium sp. CF142,Bacteria; Pseudomonadati; Pseudomonadota; Alphaproteobacteria; Hyphomicrobiales; Rhizobiaceae; Rhizobium/Agrobacterium group; Rhizobium,0,4_405_ROCH34#18,divergent,0.4717,1,0,0,1,[alpha] > reductase > reductase > hypothetical
NZ_AJWE01000027.1:44498-45827:-1,WP_007815519.1,PMI11_RS08380,,Rieske 2Fe-2S domain-containing protein,4_405_ROCH34,4,331.3,0.9818,5.3e-99,NZ_AJWE01000027.1,44498,45827,-1,Rhizobium sp. CF142,Bacteria; Pseudomonadati; Pseudomonadota; Alphaproteobacteria; Hyphomicrobiales; Rhizobiaceae; Rhizobium/Agrobacterium group; Rhizobium,0,4_405_ROCH34#17,divergent,0.4411,1,0,0,1,hydrolase > [alpha] > reductase
NZ_AKIY01000089.1:10729-12067:1,WP_008133242.1,PMI42_RS10065,,Rieske 2Fe-2S domain-containing protein,4_405_ROCH34,4,360.4,0.9294,8e-108,NZ_AKIY01000089.1,10729,12067,1,Bradyrhizobium sp. YR681,Bacteria; Pseudomonadati; Pseudomonadota; Alphaproteobacteria; Hyphomicrobiales; Nitrobacteraceae; Bradyrhizobium,0,4_405_ROCH34#1,core,0.9206,0,0,0,0,[alpha] > hydrolase
NZ_AKIY01000309.1:15259-16618:-1,WP_008143437.1,PMI42_RS33580,,aromatic ring-hydroxylating dioxygenase subunit alpha,4_405_ROCH34,4,270.5,0.8018,1.5e-80,NZ_AKIY01000309.1,15259,16618,-1,Bradyrhizobium sp. YR681,Bacteria; Pseudomonadati; Pseudomonadota; Alphaproteobacteria; Hyphomicrobiales; Nitrobacteraceae; Bradyrhizobium,0,4_405_ROCH34#0,core,0.9661,0,0,0,0,[alpha]
NZ_AKIV01000076.1:132626-134042:-1,WP_007870797.1,PMI15_RS15360,,Rieske 2Fe-2S domain-containing protein,4_405_ROCH34,4,224.8,0.8474,1.2e-66,NZ_AKIV01000076.1,132626,134042,-1,Polaromonas sp. CF318,Bacteria; Pseudomonadati; Pseudomonadota; Betaproteobacteria; Burkholderiales; Comamonadaceae; Polaromonas,0,4_405_ROCH34#5,divergent,0.5201,1,0,1,0,[alpha] > other > ferredoxin > other
NZ_AKIW01000120.1:5696-7031:1,WP_007838273.1,PMI12_RS25395,,aromatic ring-hydroxylating dioxygenase subunit alpha,4_405_ROCH34,4,261.9,0.8337,6.4e-78,NZ_AKIW01000120.1,5696,7031,1,Variovorax sp. CF313,Bacteria; Pseudomonadati; Pseudomonadota; Betaproteobacteria; Burkholderiales; Comamonadaceae; Variovorax,0,4_405_ROCH34#0,core,0.9099,1,0,1,0,[alpha] > other > ferredoxin > transporter > transporter > transporter > transporter > transporter
NZ_ATDP01000109.1:39864-41181:1,WP_021228505.1,RLDS_RS52570,,Rieske 2Fe-2S domain-containing protein,4_405_ROCH34,4,342.2,0.9294,2.6e-102,NZ_ATDP01000109.1,39864,41181,1,Sphingobium lactosutens DS20,Bacteria; Pseudomonadati; Pseudomonadota; Alphaproteobacteria; Sphingomonadales; Sphingomonadaceae; Sphingobium,0,4_405_ROCH34#3,core,0.9316,0,0,0,0,[alpha]
NZ_AURB01000021.1:2952-4278:1,WP_161624317.1,N007_RS24560,,Rieske 2Fe-2S domain-containing protein,4_405_ROCH34,4,405.8,0.9727,1.3e-121,NZ_AURB01000021.1,2952,4278,1,Alicyclobacillus acidoterrestris ATCC 49025,Bacteria; Bacillati; Bacillota; Bacilli; Bacillales; Alicyclobacillaceae; Alicyclobacillus,0,4_405_ROCH34#10,divergent,0.4542,0,0,0,0,[alpha] > other > transporter > alpha_other
NZ_AURB01000021.1:6045-7380:1,WP_021294885.1,N007_RS24575,,Rieske 2Fe-2S domain-containing protein,4_405_ROCH34,4,390.1,0.9772,7.5e-117,NZ_AURB01000021.1,6045,7380,1,Alicyclobacillus acidoterrestris ATCC 49025,Bacteria; Bacillati; Bacillota; Bacilli; Bacillales; Alicyclobacillaceae; Alicyclobacillus,0,4_405_ROCH34#10,divergent,0.474,0,0,0,0,alpha_other > other > transporter > [alpha]
NZ_AWGB01000023.1:71526-72858:1,WP_018082787.1,ABENE_RS36940,,aromatic ring-hydroxylating dioxygenase subunit alpha,4_405_ROCH34,4,226.9,0.8633,2.6e-67,NZ_AWGB01000023.1,71526,72858,1,Asticcacaulis benevestitus DSM 16100 = ATCC BAA-896,Bacteria; Pseudomonadati; Pseudomonadota; Alphaproteobacteria; Caulobacterales; Caulobacteraceae; Asticcacaulis,0,4_405_ROCH34#8,core,0.6059,1,0,1,0,other > reductase > dehydrogenase > other > other > other > hydrolase > [alpha] > other > ferredoxin
NZ_AWTP01000115.1:54843-56118:-1,WP_034392998.1,P608_RS14680,,aromatic ring-hydroxylating dioxygenase subunit alpha,4_405_ROCH34,4,349.7,0.9658,1.4e-104,NZ_AWTP01000115.1,54843,56118,-1,Comamonas thiooxydans,Bacteria; Pseudomonadati; Pseudomonadota; Betaproteobacteria; Burkholderiales; Comamonadaceae; Comamonas,0,4_405_ROCH34#2,core,0.875,1,0,0,1,[alpha] > transporter > reductase > reductase
NZ_AYOY01000143.1:13988-15278:-1,WP_235219060.1,C100_RS35640,,Rieske 2Fe-2S domain-containing protein,4_405_ROCH34,4,342.5,0.9203,2.2e-102,NZ_AYOY01000143.1,13988,15278,-1,Sphingobium sp. C100,Bacteria; Pseudomonadati; Pseudomonadota; Alphaproteobacteria; Sphingomonadales; Sphingomonadaceae; Sphingobium,0,4_405_ROCH34#3,core,0.901,0,0,0,0,[alpha] > reductase > transporter > reductase > dehydrogenase > hydrolase
NZ_AZXY01000017.1:34937-36221:-1,WP_060654658.1,Z045_RS23760,,aromatic ring-hydroxylating dioxygenase subunit alpha,4_405_ROCH34,4,434.0,0.9909,3.7e-130,NZ_AZXY01000017.1,34937,36221,-1,Rhodococcus pyridinivorans KG-16,Bacteria; Bacillati; Actinomycetota; Actinomycetes; Mycobacteriales; Nocardiaceae; Rhodococcus,0,4_405_ROCH34#7,divergent,0.503,0,0,0,0,[alpha] > dehydrogenase > hypothetical > reductase > transposon
NZ_BBXH01000025.1:36005-37280:1,WP_054075758.1,CSE6_RS20695,,aromatic ring-hydroxylating dioxygenase subunit alpha,4_405_ROCH34,4,350.1,0.9658,1.1e-104,NZ_BBXH01000025.1,36005,37280,1,Comamonas sp. E6,Bacteria; Pseudomonadati; Pseudomonadota; Betaproteobacteria; Burkholderiales; Comamonadaceae; Comamonas,0,4_405_ROCH34#2,core,0.95,1,0,0,1,[alpha] > transporter > reductase > reductase > regulator
NZ_BCWR01000005.1:8726-10112:-1,WP_068168238.1,HTA01S_RS06580,,aromatic ring-hydroxylating dioxygenase subunit alpha,4_405_ROCH34,4,241.1,0.836,1.2e-71,NZ_BCWR01000005.1,8726,10112,-1,Hydrogenophaga taeniospiralis CCUG 15921,Bacteria; Pseudomonadati; Pseudomonadota; Betaproteobacteria; Burkholderiales; Comamonadaceae; Hydrogenophaga,0,4_405_ROCH34#5,divergent,0.5088,1,0,1,0,[alpha] > other > ferredoxin > hydrolase
NZ_BMMH01000006.1:224433-225717:-1,WP_058855926.1,IEY68_RS16530,,aromatic ring-hydroxylating dioxygenase subunit alpha,4_405_ROCH34,4,409.0,0.9909,1.5e-122,NZ_BMMH01000006.1,224433,225717,-1,Nocardia jinanensis,Bacteria; Bacillati; Actinomycetota; Actinomycetes; Mycobacteriales; Nocardiaceae; Nocardia,0,4_405_ROCH34#7,divergent,0.454,0,0,0,0,transporter > [alpha] > hypothetical > transporter > transporter > transporter > dehydrogenase > hypothetical > reductase
NZ_BNBC01000058.1:42016-43303:1,WP_030178154.1,IE318_RS38240,,Rieske 2Fe-2S domain-containing protein,4_405_ROCH34,4,403.9,0.9818,4.9e-121,NZ_BNBC01000058.1,42016,43303,1,Streptomyces spiralis,Bacteria; Bacillati; Actinomycetota; Actinomycetes; Kitasatosporales; Streptomycetaceae; Streptomyces,0,4_405_ROCH34#13,divergent,0.4272,1,0,1,0,ferredoxin > [alpha] > hypothetical > other > hydrolase
NZ_CADIKB010000001.1:429691-431008:1,WP_035480323.1,HV711_RS01980,,aromatic ring-hydroxylating dioxygenase subunit alpha,4_405_ROCH34,4,266.5,0.8519,2.5e-79,NZ_CADIKB010000001.1,429691,431008,1,Paraburkholderia phenoliruptrix,Bacteria; Pseudomonadati; Pseudomonadota; Betaproteobacteria; Burkholderiales; Burkholderiaceae; Paraburkholderia,0,4_405_ROCH34#8,core,0.7373,2,0,1,1,[alpha] > other > ferredoxin > reductase > regulator
NZ_CADFGH010000003.1:31780-33097:-1,WP_012406144.1,HWY06_RS06370,,aromatic ring-hydroxylating dioxygenase subunit alpha,4_405_ROCH34,4,269.1,0.8451,4e-80,NZ_CADFGH010000003.1,31780,33097,-1,Paraburkholderia phymatum STM815,Bacteria; Pseudomonadati; Pseudomonadota; Betaproteobacteria; Burkholderiales; Burkholderiaceae; Paraburkholderia,0,4_405_ROCH34#14,core,0.72,2,0,1,1,[alpha] > other > ferredoxin > reductase > hydrolase > regulator
NZ_CAFK01000166.1:1879-3238:-1,WP_008970430.1,BRAS3843_RS18090,,aromatic ring-hydroxylating dioxygenase subunit alpha,4_405_ROCH34,4,274.5,0.8246,9.4e-82,NZ_CAFK01000166.1,1879,3238,-1,Bradyrhizobium sp. STM 3843,Bacteria; Pseudomonadati; Pseudomonadota; Alphaproteobacteria; Hyphomicrobiales; Nitrobacteraceae; Bradyrhizobium,0,4_405_ROCH34#0,core,0.8864,0,0,0,0,[alpha]
NZ_CAFK01000263.1:27453-28773:1,WP_008972325.1,BRAS3843_RS27135,,Rieske 2Fe-2S domain-containing protein,4_405_ROCH34,4,855.7,0.9977,4.1e-258,NZ_CAFK01000263.1,27453,28773,1,Bradyrhizobium sp. STM 3843,Bacteria; Pseudomonadati; Pseudomonadota; Alphaproteobacteria; Hyphomicrobiales; Nitrobacteraceae; Bradyrhizobium,0,4_405_ROCH34#6,novel_candidate,0.3769,1,0,0,1,hypothetical > [alpha] > reductase > transporter > other > other > other > hypothetical
NZ_CAFK01000299.1:97590-98919:-1,WP_008973084.1,BRAS3843_RS30800,,Rieske 2Fe-2S domain-containing protein,4_405_ROCH34,4,351.2,0.9727,5.1e-105,NZ_CAFK01000299.1,97590,98919,-1,Bradyrhizobium sp. STM 3843,Bacteria; Pseudomonadati; Pseudomonadota; Alphaproteobacteria; Hyphomicrobiales; Nitrobacteraceae; Bradyrhizobium,0,4_405_ROCH34#10,core,0.5669,1,0,1,0,[alpha] > transporter > hydrolase > hydrolase > ferredoxin > transporter > transporter > transporter
NZ_CP019603.1:35458-36772:1,WP_066849406.1,A9D14_RS14430,,Rieske 2Fe-2S domain-containing protein,4_405_ROCH34,4,342.6,0.9453,2e-102,NZ_CP019603.1,35458,36772,1,Croceicoccus marinus,Bacteria; Pseudomonadati; Pseudomonadota; Alphaproteobacteria; Sphingomonadales; Erythrobacteraceae; Croceicoccus,1,4_405_ROCH34#3,core,0.8954,0,0,0,0,[alpha]
NZ_CYSG01000005.1:68097-69438:1,WP_058333696.1,PH5382_RS07235,,aromatic ring-hydroxylating dioxygenase subunit alpha,4_405_ROCH34,4,254.3,0.7882,1.2e-75,NZ_CYSG01000005.1,68097,69438,1,Phaeobacter sp. CECT 5382,Bacteria; Pseudomonadati; Pseudomonadota; Alphaproteobacteria; Rhodobacterales; Roseobacteraceae; Phaeobacter,0,4_405_ROCH34#15,divergent,0.5297,0,0,0,0,[alpha] > other
NZ_FCNX02000003.1:124571-125858:-1,WP_061133801.1,AWB77_RS07540,,aromatic ring-hydroxylating dioxygenase subunit alpha,4_405_ROCH34,4,419.0,0.9886,1.3e-125,NZ_FCNX02000003.1,124571,125858,-1,Caballeronia fortuita,Bacteria; Pseudomonadati; Pseudomonadota; Betaproteobacteria; Burkholderiales; Burkholderiaceae; Caballeronia,0,4_405_ROCH34#13,divergent,0.4551,0,0,0,0,[alpha] > dehydrogenase > hypothetical > transporter
NZ_FCOI02000021.1:87218-88547:-1,WP_061163012.1,AWB76_RS26095,,Rieske 2Fe-2S domain-containing protein,4_405_ROCH34,4,236.9,0.8314,2.5e-70,NZ_FCOI02000021.1,87218,88547,-1,Caballeronia temeraria,Bacteria; Pseudomonadati; Pseudomonadota; Betaproteobacteria; Burkholderiales; Burkholderiaceae; Caballeronia,0,4_405_ROCH34#30,novel_candidate,0.3363,1,0,0,1,hypothetical > [alpha] > reductase
NZ_FCOK02000070.1:32580-33864:1,WP_062091308.1,AWB69_RS34645,,Rieske 2Fe-2S domain-containing protein,4_405_ROCH34,4,379.5,0.9203,1.3e-113,NZ_FCOK02000070.1,32580,33864,1,Caballeronia udeis,Bacteria; Pseudomonadati; Pseudomonadota; Betaproteobacteria; Burkholderiales; Burkholderiaceae; Caballeronia,0,4_405_ROCH34#18,divergent,0.4174,0,0,0,0,other > other > [alpha]
NZ_FCOK02000123.1:5386-6658:-1,WP_062092847.1,AWB69_RS42960,,aromatic ring-hydroxylating dioxygenase subunit alpha,4_405_ROCH34,4,357.5,0.9522,6.1e-107,NZ_FCOK02000123.1,5386,6658,-1,Caballeronia udeis,Bacteria; Pseudomonadati; Pseudomonadota; Betaproteobacteria; Burkholderiales; Burkholderiaceae; Caballeronia,0,4_405_ROCH34#2,core,0.744,1,0,0,1,[alpha] > reductase > reductase > transporter > transporter
NZ_FCOX02000002.1:120539-121856:-1,WP_062602007.1,AWB78_RS02760,,aromatic ring-hydroxylating dioxygenase subunit alpha,4_405_ROCH34,4,262.2,0.8292,4.9e-78,NZ_FCOX02000002.1,120539,121856,-1,Caballeronia calidae,Bacteria; Pseudomonadati; Pseudomonadota; Betaproteobacteria; Burkholderiales; Burkholderiaceae; Caballeronia,0,4_405_ROCH34#14,core,0.7275,2,0,1,1,[alpha] > other > ferredoxin > reductase > hydrolase > regulator
NZ_FMCE01000063.1:3276-4563:1,WP_010268629.1,GA0115251_RS06115,,aromatic ring-hydroxylating dioxygenase subunit alpha,4_405_ROCH34,4,389.0,0.9841,1.6e-116,NZ_FMCE01000063.1,3276,4563,1,Streptomyces sp. TverLS-915,Bacteria; Bacillati; Actinomycetota; Actinomycetes; Kitasatosporales; Streptomycetaceae; Streptomyces,0,4_405_ROCH34#4,divergent,0.4169,1,0,1,0,ferredoxin > [alpha] > hypothetical > other > hydrolase
NZ_FNDI01000004.1:140340-141657:1,WP_091777210.1,BLT65_RS09405,,aromatic ring-hydroxylating dioxygenase subunit alpha,4_405_ROCH34,4,265.7,0.8132,4.2e-79,NZ_FNDI01000004.1,140340,141657,1,Paraburkholderia steynii,Bacteria; Pseudomonadati; Pseudomonadota; Betaproteobacteria; Burkholderiales; Burkholderiaceae; Paraburkholderia,0,4_405_ROCH34#8,core,0.7345,2,0,1,1,[alpha] > other > ferredoxin > reductase > hydrolase > regulator
NZ_FNKH01000003.1:17257-18541:-1,WP_074703480.1,BLR74_RS23100,,Rieske 2Fe-2S domain-containing protein,4_405_ROCH34,4,409.8,0.9909,8e-123,NZ_FNKH01000003.1,17257,18541,-1,Arthrobacter crystallopoietes,Bacteria; Bacillati; Actinomycetota; Actinomycetes; Micrococcales; Micrococcaceae; Arthrobacter,0,4_405_ROCH34#7,divergent,0.4715,1,0,0,1,[alpha] > dehydrogenase > hypothetical > reductase > hypothetical
NZ_FNNW01000038.1:2989-4273:-1,WP_043868779.1,BLW07_RS22000,,Rieske 2Fe-2S domain-containing protein,4_405_ROCH34,4,388.6,0.9226,2.3e-116,NZ_FNNW01000038.1,2989,4273,-1,Celeribacter indicus,Bacteria; Pseudomonadati; Pseudomonadota; Alphaproteobacteria; Rhodobacterales; Roseobacteraceae; Celeribacter,0,4_405_ROCH34#18,divergent,0.4969,1,0,0,1,[alpha] > reductase > reductase > hypothetical
NZ_FNHX01000002.1:158614-160030:1,WP_074575286.1,BLQ85_RS05155,,Rieske 2Fe-2S domain-containing protein,4_405_ROCH34,4,224.4,0.9203,1.5e-66,NZ_FNHX01000002.1,158614,160030,1,Polaromonas sp. JS666,Bacteria; Pseudomonadati; Pseudomonadota; Betaproteobacteria; Burkholderiales; Comamonadaceae; Polaromonas,0,4_405_ROCH34#5,divergent,0.5158,0,0,0,0,[alpha] > other > ferredoxin > other
NZ_FNPE01000008.1:208857-210171:1,WP_074921945.1,BLV89_RS14350,,Rieske 2Fe-2S domain-containing protein,4_405_ROCH34,4,798.7,1.0,7.8e-241,NZ_FNPE01000008.1,208857,210171,1,Delftia lacustris,Bacteria; Pseudomonadati; Pseudomonadota; Betaproteobacteria; Burkholderiales; Comamonadaceae; Delftia,0,4_405_ROCH34#21,novel_candidate,0.3567,0,0,0,0,[alpha] > other > reductase
NZ_FNNW01000001.1:436969-438304:-1,WP_043870114.1,BLW07_RS02175,,Rieske 2Fe-2S domain-containing protein,4_405_ROCH34,4,310.3,0.9749,1.3e-92,NZ_FNNW01000001.1,436969,438304,-1,Celeribacter indicus,Bacteria; Pseudomonadati; Pseudomonadota; Alphaproteobacteria; Rhodobacterales; Roseobacteraceae; Celeribacter,0,4_405_ROCH34#17,divergent,0.4843,1,0,0,1,hydrolase > [alpha] > reductase
NZ_FQZF01000012.1:83363-84689:-1,WP_073134922.1,BUB97_RS11785,,aromatic ring-hydroxylating dioxygenase subunit alpha,4_405_ROCH34,4,252.4,0.8109,4.6e-75,NZ_FQZF01000012.1,83363,84689,-1,Roseomonas rosea,Bacteria; Pseudomonadati; Pseudomonadota; Alphaproteobacteria; Acetobacterales; Roseomonadaceae; Roseomonas,0,4_405_ROCH34#8,core,0.62,0,0,0,0,[alpha] > other > transporter > transporter > transporter > transporter > transporter > transporter
NZ_FQZF01000040.1:28937-30260:-1,WP_073139424.1,BUB97_RS22855,,Rieske 2Fe-2S domain-containing protein,4_405_ROCH34,4,356.1,0.9522,1.6e-106,NZ_FQZF01000040.1,28937,30260,-1,Roseomonas rosea,Bacteria; Pseudomonadati; Pseudomonadota; Alphaproteobacteria; Acetobacterales; Roseomonadaceae; Roseomonas,0,4_405_ROCH34#3,core,0.7171,0,0,0,0,[alpha]
NZ_FRAP01000015.1:113303-114641:1,WP_073458563.1,BUE41_RS19410,,Rieske 2Fe-2S domain-containing protein,4_405_ROCH34,4,266.8,0.8861,2e-79,NZ_FRAP01000015.1,113303,114641,1,Pseudonocardia thermophila,Bacteria; Bacillati; Actinomycetota; Actinomycetes; Pseudonocardiales; Pseudonocardiaceae; Pseudonocardia,0,4_405_ROCH34#11,divergent,0.4843,0,0,0,0,[alpha] > other
NZ_FTMY01000008.1:203161-204502:1,WP_076509669.1,BXA03_RS16190,,aromatic ring-hydroxylating dioxygenase subunit alpha,4_405_ROCH34,4,268.0,0.8246,8.9e-80,NZ_FTMY01000008.1,203161,204502,1,Pseudacidovorax sp. RU35E,Bacteria; Pseudomonadati; Pseudomonadota; Betaproteobacteria; Burkholderiales; Comamonadaceae; Pseudacidovorax,0,4_405_ROCH34#0,core,0.8156,0,0,0,0,[alpha] > other
NZ_FTMY01000010.1:204449-205724:1,WP_076510754.1,BXA03_RS19055,,aromatic ring-hydroxylating dioxygenase subunit alpha,4_405_ROCH34,4,341.6,0.9544,4.1e-102,NZ_FTMY01000010.1,204449,205724,1,Pseudacidovorax sp. RU35E,Bacteria; Pseudomonadati; Pseudomonadota; Betaproteobacteria; Burkholderiales; Comamonadaceae; Pseudacidovorax,0,4_405_ROCH34#2,core,0.8397,0,0,0,0,[alpha] > transporter > reductase > reductase
NZ_JACAQG010000004.1:106229-107516:1,WP_026013104.1,HX776_RS03130,,aromatic ring-hydroxylating dioxygenase subunit alpha,4_405_ROCH34,4,401.0,0.9863,3.8e-120,NZ_JACAQG010000004.1,106229,107516,1,Pseudomonas agarici,Bacteria; Pseudomonadati; Pseudomonadota; Gammaproteobacteria; Pseudomonadales; Pseudomonadaceae; Pseudomonas,0,4_405_ROCH34#13,divergent,0.4299,0,0,0,0,[alpha]
NZ_JACIJL010000008.1:48747-50061:1,WP_046905324.1,FHS61_RS14575,,Rieske 2Fe-2S domain-containing protein,4_405_ROCH34,4,346.6,0.9522,1.2e-103,NZ_JACIJL010000008.1,48747,50061,1,Croceibacterium atlanticum,Bacteria; Pseudomonadati; Pseudomonadota; Alphaproteobacteria; Sphingomonadales; Erythrobacteraceae; Croceibacterium,0,4_405_ROCH34#3,core,0.84,0,0,0,0,[alpha] > reductase > transporter > reductase > dehydrogenase
NZ_JACIHD010000003.1:159686-161024:-1,WP_018316745.1,GGD62_RS10585,,Rieske 2Fe-2S domain-containing protein,4_405_ROCH34,4,355.4,0.9294,2.7e-106,NZ_JACIHD010000003.1,159686,161024,-1,Bradyrhizobium sp. ERR14,Bacteria; Pseudomonadati; Pseudomonadota; Alphaproteobacteria; Hyphomicrobiales; Nitrobacteraceae; Bradyrhizobium,0,4_405_ROCH34#1,core,0.93,0,0,0,0,[alpha] > hydrolase
NZ_JACORU010000021.1:3120-4368:1,WP_187085595.1,H8R02_RS29620,,Rieske 2Fe-2S domain-containing protein,4_405_ROCH34,4,327.8,0.9499,6.4e-98,NZ_JACORU010000021.1,3120,4368,1,Ramlibacter albus,Bacteria; Pseudomonadati; Pseudomonadota; Betaproteobacteria; Burkholderiales; Comamonadaceae; Ramlibacter,0,4_405_ROCH34#9,novel_candidate,0.3396,0,0,0,0,transporter > [alpha]
NZ_JACORU010000021.1:22484-23762:-1,WP_070401280.1,H8R02_RS29715,,Rieske 2Fe-2S domain-containing protein,4_405_ROCH34,4,362.1,0.9658,2.4e-108,NZ_JACORU010000021.1,22484,23762,-1,Ramlibacter albus,Bacteria; Pseudomonadati; Pseudomonadota; Betaproteobacteria; Burkholderiales; Comamonadaceae; Ramlibacter,0,4_405_ROCH34#9,divergent,0.4923,0,0,0,0,hypothetical > [alpha] > transporter
NZ_JAFCKK010000015.1:96630-97989:-1,WP_060909416.1,JQ614_RS09705,,aromatic ring-hydroxylating dioxygenase subunit alpha,4_405_ROCH34,4,270.5,0.8018,1.5e-80,NZ_JAFCKK010000015.1,96630,97989,-1,Bradyrhizobium diazoefficiens,Bacteria; Pseudomonadati; Pseudomonadota; Alphaproteobacteria; Hyphomicrobiales; Nitrobacteraceae; Bradyrhizobium,0,4_405_ROCH34#0,core,0.871,0,0,0,0,[alpha] > other
NZ_JAFKHN010000013.1:60257-61631:1,WP_204742756.1,J0I38_RS14935,,Rieske 2Fe-2S domain-containing protein,4_405_ROCH34,4,241.5,0.8087,9.7e-72,NZ_JAFKHN010000013.1,60257,61631,1,Hydrogenophaga sp.,Bacteria; Pseudomonadati; Pseudomonadota; Betaproteobacteria; Burkholderiales; Comamonadaceae; Hydrogenophaga,0,4_405_ROCH34#5,divergent,0.5202,1,0,1,0,[alpha] > other > ferredoxin > hydrolase > transporter > hydrolase > transporter
NZ_JALN02000002.1:364884-366117:-1,WP_237752761.1,Y900_RS28015,,aromatic ring-hydroxylating dioxygenase subunit alpha,4_405_ROCH34,4,374.7,0.9431,3.7e-112,NZ_JALN02000002.1,364884,366117,-1,Mycolicibacterium aromaticivorans JS19b1 = JCM 16368,Bacteria; Bacillati; Actinomycetota; Actinomycetes; Mycobacteriales; Mycobacteriaceae; Mycolicibacterium,0,4_405_ROCH34#4,divergent,0.4401,0,0,0,0,[alpha] > other > other > hydrolase
NZ_JARDWQ010000005.1:326869-328186:-1,WP_065273329.1,PYY28_RS10310,,aromatic ring-hydroxylating dioxygenase subunit alpha,4_405_ROCH34,4,277.8,0.8907,9e-83,NZ_JARDWQ010000005.1,326869,328186,-1,Phaeobacter gallaeciensis,Bacteria; Pseudomonadati; Pseudomonadota; Alphaproteobacteria; Rhodobacterales; Roseobacteraceae; Phaeobacter,0,4_405_ROCH34#15,core,0.5739,0,0,0,0,[alpha] > other
NZ_JAVRET010000025.1:45684-46971:-1,WP_010268629.1,RM698_RS13305,,aromatic ring-hydroxylating dioxygenase subunit alpha,4_405_ROCH34,4,389.0,0.9841,1.6e-116,NZ_JAVRET010000025.1,45684,46971,-1,Streptomyces evansiae,Bacteria; Bacillati; Actinomycetota; Actinomycetes; Kitasatosporales; Streptomycetaceae; Streptomyces,0,4_405_ROCH34#4,divergent,0.4169,1,0,1,0,ferredoxin > [alpha] > hypothetical > other > hydrolase
NZ_JAWLKG010000018.1:41504-42788:1,WP_006552202.1,R3Q02_RS27790,,aromatic ring-hydroxylating dioxygenase subunit alpha,4_405_ROCH34,4,434.9,0.9909,1.9e-130,NZ_JAWLKG010000018.1,41504,42788,1,Rhodococcus aetherivorans,Bacteria; Bacillati; Actinomycetota; Actinomycetes; Mycobacteriales; Nocardiaceae; Rhodococcus,0,4_405_ROCH34#7,divergent,0.5,0,0,0,0,[alpha] > dehydrogenase > hypothetical > reductase
NZ_JEMV01000001.1:264512-265826:1,WP_037479160.1,BF95_RS01125,,Rieske 2Fe-2S domain-containing protein,4_405_ROCH34,4,343.5,0.9294,1.1e-102,NZ_JEMV01000001.1,264512,265826,1,Sphingobium sp. Ant17,Bacteria; Pseudomonadati; Pseudomonadota; Alphaproteobacteria; Sphingomonadales; Sphingomonadaceae; Sphingobium,0,4_405_ROCH34#3,core,0.8725,0,0,0,0,[alpha] > reductase > transporter > reductase > dehydrogenase > hypothetical
NZ_JGVR01000002.1:6692-8006:-1,WP_037516510.1,CP98_RS02265,,Rieske 2Fe-2S domain-containing protein,4_405_ROCH34,4,346.9,0.9362,1e-103,NZ_JGVR01000002.1,6692,8006,-1,Sphingobium yanoikuyae,Bacteria; Pseudomonadati; Pseudomonadota; Alphaproteobacteria; Sphingomonadales; Sphingomonadaceae; Sphingobium,0,4_405_ROCH34#3,core,0.884,0,0,0,0,[alpha] > reductase > transporter > reductase > dehydrogenase
NZ_JJRY01000005.1:130218-131508:1,WP_035194952.1,M670_RS08190,,Rieske 2Fe-2S domain-containing protein,4_405_ROCH34,4,321.2,0.8679,6.1e-96,NZ_JJRY01000005.1,130218,131508,1,Schinkia azotoformans MEV2011,Bacteria; Bacillati; Bacillota; Bacilli; Bacillales; Bacillaceae; Calidifontibacillus/Schinkia group; Schinkia,0,4_405_ROCH34#23,novel_candidate,0.3304,0,0,0,0,[alpha]
NZ_JSBM01000047.1:23015-24335:-1,WP_033536309.1,NV82_RS14080,,aromatic ring-hydroxylating dioxygenase subunit alpha,4_405_ROCH34,4,271.4,0.8451,8.2e-81,NZ_JSBM01000047.1,23015,24335,-1,Caballeronia zhejiangensis,Bacteria; Pseudomonadati; Pseudomonadota; Betaproteobacteria; Burkholderiales; Burkholderiaceae; Caballeronia,0,4_405_ROCH34#8,core,0.7171,2,0,1,1,[alpha] > other > ferredoxin > reductase > hydrolase > regulator
NZ_JSUQ01000003.1:327548-328865:1,WP_043138395.1,OA50_RS05680,,aromatic ring-hydroxylating dioxygenase subunit alpha,4_405_ROCH34,4,268.4,0.8998,6.7e-80,NZ_JSUQ01000003.1,327548,328865,1,Mameliella alba,Bacteria; Pseudomonadati; Pseudomonadota; Alphaproteobacteria; Rhodobacterales; Roseobacteraceae; Mameliella,0,4_405_ROCH34#15,divergent,0.5428,0,0,0,0,[alpha] > other
NZ_JSEP01000009.1:41483-42770:1,WP_068412513.1,OA90_RS13715,,aromatic ring-hydroxylating dioxygenase subunit alpha,4_405_ROCH34,4,397.9,0.9886,3.3e-119,NZ_JSEP01000009.1,41483,42770,1,Labrenzia sp. OB1,Bacteria; Pseudomonadati; Pseudomonadota; Alphaproteobacteria; Hyphomicrobiales; Stappiaceae; Labrenzia,0,4_405_ROCH34#4,divergent,0.425,0,0,0,0,other > [alpha] > hypothetical > hypothetical > other > hypothetical > hypothetical > hypothetical
NZ_JSUQ01000009.1:7574-8936:-1,WP_052244472.1,OA50_RS11640,,Rieske 2Fe-2S domain-containing protein,4_405_ROCH34,4,335.6,0.9544,2.7e-100,NZ_JSUQ01000009.1,7574,8936,-1,Mameliella alba,Bacteria; Pseudomonadati; Pseudomonadota; Alphaproteobacteria; Rhodobacterales; Roseobacteraceae; Mameliella,0,4_405_ROCH34#29,divergent,0.4438,0,0,0,0,other > reductase > transporter > transporter > transporter > [alpha] > other > other > reductase > regulator > transposon
NZ_JSVA01000016.1:111153-112206:1,WP_053224363.1,OB69_RS14000,,aromatic ring-hydroxylating dioxygenase subunit alpha,4_405_ROCH34,4,89.5,0.4647,1.3e-25,NZ_JSVA01000016.1,111153,112206,1,Roseivirga seohaensis subsp. aquiponti,Bacteria; Pseudomonadati; Bacteroidota; Cytophagia; Cytophagales; Roseivirgaceae; Roseivirga,0,4_405_ROCH34#28,novel_candidate,0.2136,0,0,0,0,other > hypothetical > other > other > dehydrogenase > hydrolase > hypothetical > [alpha]
NZ_JXXE01000360.1:5775-7095:-1,WP_044413998.1,OO17_RS17840,,Rieske 2Fe-2S domain-containing protein,4_405_ROCH34,4,856.2,0.9977,2.9e-258,NZ_JXXE01000360.1,5775,7095,-1,Rhodopseudomonas palustris,Bacteria; Pseudomonadati; Pseudomonadota; Alphaproteobacteria; Hyphomicrobiales; Nitrobacteraceae; Rhodopseudomonas,0,4_405_ROCH34#6,novel_candidate,0.3769,1,0,0,1,hypothetical > [alpha] > reductase > other
NZ_JYMR01000007.1:12946-14284:-1,WP_045010204.1,UB31_RS06080,,Rieske 2Fe-2S domain-containing protein,4_405_ROCH34,4,355.3,0.9294,2.8e-106,NZ_JYMR01000007.1,12946,14284,-1,Bradyrhizobium sp. LTSP849,Bacteria; Pseudomonadati; Pseudomonadota; Alphaproteobacteria; Hyphomicrobiales; Nitrobacteraceae; Bradyrhizobium,0,4_405_ROCH34#1,core,0.9083,0,0,0,0,[alpha] > hydrolase
NZ_JYMT01000012.1:170228-171584:-1,WP_044537654.1,UP09_RS08680,,aromatic ring-hydroxylating dioxygenase subunit alpha,4_405_ROCH34,4,261.1,0.8041,1e-77,NZ_JYMT01000012.1,170228,171584,-1,Bradyrhizobium sp. LTSP885,Bacteria; Pseudomonadati; Pseudomonadota; Alphaproteobacteria; Hyphomicrobiales; Nitrobacteraceae; Bradyrhizobium,0,4_405_ROCH34#0,core,0.8439,0,0,0,0,hydrolase > [alpha] > other > transporter > hydrolase > transporter > transporter > transporter > transporter
NZ_JYMU01000009.1:31269-32610:1,WP_044586706.1,UP10_RS07320,,Rieske 2Fe-2S domain-containing protein,4_405_ROCH34,4,352.1,0.9362,2.6e-105,NZ_JYMU01000009.1,31269,32610,1,Bradyrhizobium sp. LTSPM299,Bacteria; Pseudomonadati; Pseudomonadota; Alphaproteobacteria; Hyphomicrobiales; Nitrobacteraceae; Bradyrhizobium,0,4_405_ROCH34#1,core,0.9115,0,0,0,0,other > other > [alpha]
NZ_JYMR01000038.1:79699-81058:1,WP_045012502.1,UB31_RS22915,,aromatic ring-hydroxylating dioxygenase subunit alpha,4_405_ROCH34,4,271.9,0.8041,5.8e-81,NZ_JYMR01000038.1,79699,81058,1,Bradyrhizobium sp. LTSP849,Bacteria; Pseudomonadati; Pseudomonadota; Alphaproteobacteria; Hyphomicrobiales; Nitrobacteraceae; Bradyrhizobium,0,4_405_ROCH34#0,core,0.9465,0,0,0,0,[alpha]
NZ_JYMT01000003.1:97640-98981:1,WP_044536289.1,UP09_RS01745,,Rieske 2Fe-2S domain-containing protein,4_405_ROCH34,4,357.1,0.9385,8e-107,NZ_JYMT01000003.1,97640,98981,1,Bradyrhizobium sp. LTSP885,Bacteria; Pseudomonadati; Pseudomonadota; Alphaproteobacteria; Hyphomicrobiales; Nitrobacteraceae; Bradyrhizobium,0,4_405_ROCH34#1,core,0.9172,0,0,0,0,other > other > [alpha]
NZ_JYMT01000038.1:417487-418846:-1,WP_044541067.1,UP09_RS25705,,aromatic ring-hydroxylating dioxygenase subunit alpha,4_405_ROCH34,4,257.7,0.8064,1.1e-76,NZ_JYMT01000038.1,417487,418846,-1,Bradyrhizobium sp. LTSP885,Bacteria; Pseudomonadati; Pseudomonadota; Alphaproteobacteria; Hyphomicrobiales; Nitrobacteraceae; Bradyrhizobium,0,4_405_ROCH34#0,core,0.8854,0,0,0,0,[alpha] > other
NZ_JYMU01000066.1:7294-8614:-1,WP_044591127.1,UP10_RS31655,,Rieske 2Fe-2S domain-containing protein,4_405_ROCH34,4,854.6,0.9977,8.7e-258,NZ_JYMU01000066.1,7294,8614,-1,Bradyrhizobium sp. LTSPM299,Bacteria; Pseudomonadati; Pseudomonadota; Alphaproteobacteria; Hyphomicrobiales; Nitrobacteraceae; Bradyrhizobium,0,4_405_ROCH34#6,novel_candidate,0.3659,1,0,0,1,other > [alpha] > reductase > transporter > other > other > other
NZ_JZEX01000087.1:33810-35142:-1,WP_046108129.1,VE25_RS08230,,Rieske 2Fe-2S domain-containing protein,4_405_ROCH34,4,323.3,0.9749,1.4e-96,NZ_JZEX01000087.1,33810,35142,-1,Devosia geojensis,Bacteria; Pseudomonadati; Pseudomonadota; Alphaproteobacteria; Hyphomicrobiales; Devosiaceae; Devosia,0,4_405_ROCH34#17,divergent,0.4431,1,0,0,1,hydrolase > [alpha] > reductase
NZ_KQ948150.1:582198-583548:-1,WP_051831865.1,AQI94_RS30540,,Rieske 2Fe-2S domain-containing protein,4_405_ROCH34,4,307.5,0.959,9.3e-92,NZ_KQ948150.1,582198,583548,-1,Streptomyces pseudovenezuelae,Bacteria; Bacillati; Actinomycetota; Actinomycetes; Kitasatosporales; Streptomycetaceae; Streptomyces; Streptomyces aurantiacus group,0,4_405_ROCH34#20,novel_candidate,0.374,0,0,0,0,alpha_other > hypothetical > [alpha] > other > dehydrogenase
NZ_LABY01000047.1:6107-7466:1,WP_048443603.1,VQ02_RS07760,,aromatic ring-hydroxylating dioxygenase subunit alpha,4_405_ROCH34,4,281.4,0.8064,7.4e-84,NZ_LABY01000047.1,6107,7466,1,Methylobacterium variabile,Bacteria; Pseudomonadati; Pseudomonadota; Alphaproteobacteria; Hyphomicrobiales; Methylobacteriaceae; Methylobacterium,0,4_405_ROCH34#0,core,0.8,0,0,0,0,[alpha]
NZ_LAKD02000004.1:219405-220692:-1,WP_046089856.1,VT50_RS03460,,Rieske 2Fe-2S domain-containing protein,4_405_ROCH34,4,411.4,0.9863,2.7e-123,NZ_LAKD02000004.1,219405,220692,-1,Streptomyces antioxidans,Bacteria; Bacillati; Actinomycetota; Actinomycetes; Kitasatosporales; Streptomycetaceae; Streptomyces,0,4_405_ROCH34#13,divergent,0.4178,1,0,1,0,ferredoxin > [alpha] > hypothetical > other > hydrolase
NZ_LBNE01000013.1:66830-68153:1,WP_068374343.1,AAV32_RS15410,,aromatic ring-hydroxylating dioxygenase subunit alpha,4_405_ROCH34,4,266.2,0.8292,3.1e-79,NZ_LBNE01000013.1,66830,68153,1,Kerstersia gyiorum,Bacteria; Pseudomonadati; Pseudomonadota; Betaproteobacteria; Burkholderiales; Alcaligenaceae; Kerstersia,0,4_405_ROCH34#8,core,0.8729,2,0,1,1,[alpha] > other > ferredoxin > reductase > transporter > transporter > transporter > transporter > transporter > other > hypothetical
NZ_LDSL01000173.1:21079-22420:1,WP_058644201.1,NS331_RS22665,,aromatic ring-hydroxylating dioxygenase subunit alpha,4_405_ROCH34,4,271.6,0.8314,7.3e-81,NZ_LDSL01000173.1,21079,22420,1,Pseudacidovorax intermedius,Bacteria; Pseudomonadati; Pseudomonadota; Betaproteobacteria; Burkholderiales; Comamonadaceae; Pseudacidovorax,0,4_405_ROCH34#0,core,0.8268,0,0,0,0,[alpha] > other
NZ_LDPY01000002.1:276701-277988:-1,WP_047997482.1,IMCC21224_RS20760,,aromatic ring-hydroxylating dioxygenase subunit alpha,4_405_ROCH34,4,392.4,0.9841,1.6e-117,NZ_LDPY01000002.1,276701,277988,-1,Puniceibacterium sp. IMCC21224,Bacteria; Pseudomonadati; Pseudomonadota; Alphaproteobacteria; Rhodobacterales; Paracoccaceae; Puniceibacterium,0,4_405_ROCH34#4,divergent,0.4354,0,0,0,0,other > [alpha] > hypothetical > other > hypothetical > hypothetical > hypothetical > other > transporter
NZ_LDRV01000042.1:16090-17428:-1,WP_058613878.1,RSA3_RS07480,,Rieske 2Fe-2S domain-containing protein,4_405_ROCH34,4,255.2,0.8838,6.6e-76,NZ_LDRV01000042.1,16090,17428,-1,Microbacterium testaceum,Bacteria; Bacillati; Actinomycetota; Actinomycetes; Micrococcales; Microbacteriaceae; Microbacterium,0,4_405_ROCH34#11,divergent,0.4826,0,0,0,0,reductase > [alpha] > other > dehydrogenase > hydrolase > hydrolase
NZ_LFYT02000006.1:45688-47080:1,WP_053170471.1,H663_RS27225,,Rieske 2Fe-2S domain-containing protein,4_405_ROCH34,4,255.4,0.9066,5.7e-76,NZ_LFYT02000006.1,45688,47080,1,Limnohabitans planktonicus II-D5,Bacteria; Pseudomonadati; Pseudomonadota; Betaproteobacteria; Burkholderiales; Comamonadaceae; Limnohabitans,0,4_405_ROCH34#5,core,0.5625,1,0,1,0,[alpha] > other > ferredoxin
NZ_LGHK01000043.1:64178-65498:1,WP_074127010.1,AC628_RS11960,,Rieske 2Fe-2S domain-containing protein,4_405_ROCH34,4,858.9,0.9977,4.3e-259,NZ_LGHK01000043.1,64178,65498,1,Bradyrhizobium sp. NAS96.2,Bacteria; Pseudomonadati; Pseudomonadota; Alphaproteobacteria; Hyphomicrobiales; Nitrobacteraceae; Bradyrhizobium,0,4_405_ROCH34#6,novel_candidate,0.3788,1,0,0,1,hypothetical > [alpha] > reductase > transporter > other > other > other
NZ_LGHK01000111.1:44325-45684:-1,WP_074129115.1,AC628_RS23655,,aromatic ring-hydroxylating dioxygenase subunit alpha,4_405_ROCH34,4,260.1,0.8018,2.2e-77,NZ_LGHK01000111.1,44325,45684,-1,Bradyrhizobium sp. NAS96.2,Bacteria; Pseudomonadati; Pseudomonadota; Alphaproteobacteria; Hyphomicrobiales; Nitrobacteraceae; Bradyrhizobium,0,4_405_ROCH34#0,core,0.8655,0,0,0,0,[alpha]
NZ_LGHK01000236.1:693-2034:-1,WP_074131528.1,AC628_RS36595,,Rieske 2Fe-2S domain-containing protein,4_405_ROCH34,4,358.0,0.9385,4.4e-107,NZ_LGHK01000236.1,693,2034,-1,Bradyrhizobium sp. NAS96.2,Bacteria; Pseudomonadati; Pseudomonadota; Alphaproteobacteria; Hyphomicrobiales; Nitrobacteraceae; Bradyrhizobium,0,4_405_ROCH34#1,core,0.9233,0,0,0,0,[alpha]
NZ_LGHM01000041.1:48148-49507:-1,WP_074118143.1,AC630_RS09185,,aromatic ring-hydroxylating dioxygenase subunit alpha,4_405_ROCH34,4,272.0,0.8087,5.2e-81,NZ_LGHM01000041.1,48148,49507,-1,Bradyrhizobium sp. AS23.2,Bacteria; Pseudomonadati; Pseudomonadota; Alphaproteobacteria; Hyphomicrobiales; Nitrobacteraceae; Bradyrhizobium,0,4_405_ROCH34#0,core,0.9075,0,0,0,0,[alpha]
NZ_LGHM01000150.1:68023-69361:1,WP_074122125.1,AC630_RS30210,,Rieske 2Fe-2S domain-containing protein,4_405_ROCH34,4,359.0,0.9294,2.1e-107,NZ_LGHM01000150.1,68023,69361,1,Bradyrhizobium sp. AS23.2,Bacteria; Pseudomonadati; Pseudomonadota; Alphaproteobacteria; Hyphomicrobiales; Nitrobacteraceae; Bradyrhizobium,0,4_405_ROCH34#1,core,0.956,0,0,0,0,[alpha] > hydrolase
NZ_LGUS01000116.1:33966-35193:1,WP_053190967.1,ADK37_RS11470,,Rieske 2Fe-2S domain-containing protein,4_405_ROCH34,4,336.0,0.8679,2.1e-100,NZ_LGUS01000116.1,33966,35193,1,Streptomyces resistomycificus,Bacteria; Bacillati; Actinomycetota; Actinomycetes; Kitasatosporales; Streptomycetaceae; Streptomyces; Streptomyces aurantiacus group,0,4_405_ROCH34#19,novel_candidate,0.3333,0,0,0,0,regulator > transporter > other > other > other > [alpha] > reductase
NZ_LGRC01000026.1:257096-258368:1,WP_053570049.1,ACU09_RS23185,,aromatic ring-hydroxylating dioxygenase subunit alpha,4_405_ROCH34,4,358.1,0.9522,3.9e-107,NZ_LGRC01000026.1,257096,258368,1,Caballeronia cordobensis,Bacteria; Pseudomonadati; Pseudomonadota; Betaproteobacteria; Burkholderiales; Burkholderiaceae; Caballeronia,0,4_405_ROCH34#2,core,0.7546,0,0,0,0,[alpha] > reductase > reductase > transporter > transporter
NZ_LIKT01000006.1:65722-67072:1,WP_054460253.1,AN476_RS06870,,aromatic ring-hydroxylating dioxygenase subunit alpha,4_405_ROCH34,4,261.1,0.8679,1.1e-77,NZ_LIKT01000006.1,65722,67072,1,Phaeobacter sp. 11ANDIMAR09,Bacteria; Pseudomonadati; Pseudomonadota; Alphaproteobacteria; Rhodobacterales; Roseobacteraceae; Phaeobacter,0,4_405_ROCH34#15,divergent,0.546,0,0,0,0,[alpha]
NZ_LJIC01000110.1:33831-35190:-1,WP_054163772.1,IP86_RS17810,,aromatic ring-hydroxylating dioxygenase subunit alpha,4_405_ROCH34,4,277.2,0.8314,1.4e-82,NZ_LJIC01000110.1,33831,35190,-1,Rhodopseudomonas sp. AAP120,Bacteria; Pseudomonadati; Pseudomonadota; Alphaproteobacteria; Hyphomicrobiales; Nitrobacteraceae; Rhodopseudomonas,0,4_405_ROCH34#0,core,0.763,0,0,0,0,[alpha] > other > transporter
NZ_LJYG01000044.1:31046-32405:-1,WP_057745124.1,AOQ71_RS09780,,aromatic ring-hydroxylating dioxygenase subunit alpha,4_405_ROCH34,4,273.7,0.8109,1.6e-81,NZ_LJYG01000044.1,31046,32405,-1,Bradyrhizobium manausense,Bacteria; Pseudomonadati; Pseudomonadota; Alphaproteobacteria; Hyphomicrobiales; Nitrobacteraceae; Bradyrhizobium,0,4_405_ROCH34#0,core,0.9606,0,0,0,0,[alpha] > other
NZ_LLXY01000013.1:88878-90237:1,WP_057853510.1,CQ10_RS03625,,aromatic ring-hydroxylating dioxygenase subunit alpha,4_405_ROCH34,4,268.2,0.8018,7.4e-80,NZ_LLXY01000013.1,88878,90237,1,Bradyrhizobium valentinum,Bacteria; Pseudomonadati; Pseudomonadota; Alphaproteobacteria; Hyphomicrobiales; Nitrobacteraceae; Bradyrhizobium,0,4_405_ROCH34#0,core,0.871,0,0,0,0,[alpha] > other
NZ_LLXY01000113.1:1530-2871:1,WP_057853720.1,CQ10_RS13940,,Rieske 2Fe-2S domain-containing protein,4_405_ROCH34,4,350.8,0.9453,6.5e-105,NZ_LLXY01000113.1,1530,2871,1,Bradyrhizobium valentinum,Bacteria; Pseudomonadati; Pseudomonadota; Alphaproteobacteria; Hyphomicrobiales; Nitrobacteraceae; Bradyrhizobium,0,4_405_ROCH34#1,core,0.9226,0,0,0,0,other > [alpha]
NZ_LLXZ01000218.1:75138-76479:-1,WP_057840453.1,CQ12_RS38595,,Rieske 2Fe-2S domain-containing protein,4_405_ROCH34,4,353.2,0.9362,1.2e-105,NZ_LLXZ01000218.1,75138,76479,-1,Bradyrhizobium jicamae,Bacteria; Pseudomonadati; Pseudomonadota; Alphaproteobacteria; Hyphomicrobiales; Nitrobacteraceae; Bradyrhizobium,0,4_405_ROCH34#1,core,0.9375,0,0,0,0,[alpha]
NZ_LLYA01000159.1:35534-36875:-1,WP_057844622.1,CQ13_RS20340,,Rieske 2Fe-2S domain-containing protein,4_405_ROCH34,4,356.3,0.9453,1.4e-106,NZ_LLYA01000159.1,35534,36875,-1,Bradyrhizobium retamae,Bacteria; Pseudomonadati; Pseudomonadota; Alphaproteobacteria; Hyphomicrobiales; Nitrobacteraceae; Bradyrhizobium,0,4_405_ROCH34#1,core,0.9349,0,0,0,0,other > [alpha]
NZ_LLYB01000086.1:227015-228374:-1,WP_057860474.1,CQ14_RS24950,,aromatic ring-hydroxylating dioxygenase subunit alpha,4_405_ROCH34,4,271.8,0.8064,6.1e-81,NZ_LLYB01000086.1,227015,228374,-1,Bradyrhizobium lablabi,Bacteria; Pseudomonadati; Pseudomonadota; Alphaproteobacteria; Hyphomicrobiales; Nitrobacteraceae; Bradyrhizobium,0,4_405_ROCH34#0,core,0.7402,0,0,0,0,[alpha] > other
NZ_LLYB01000127.1:197030-198371:1,WP_057862817.1,CQ14_RS37835,,Rieske 2Fe-2S domain-containing protein,4_405_ROCH34,4,354.5,0.9499,5e-106,NZ_LLYB01000127.1,197030,198371,1,Bradyrhizobium lablabi,Bacteria; Pseudomonadati; Pseudomonadota; Alphaproteobacteria; Hyphomicrobiales; Nitrobacteraceae; Bradyrhizobium,0,4_405_ROCH34#1,core,0.9527,0,0,0,0,[alpha]
NZ_LLYA01000001.1:318663-320022:1,WP_057841237.1,CQ13_RS01490,,aromatic ring-hydroxylating dioxygenase subunit alpha,4_405_ROCH34,4,272.4,0.8087,4e-81,NZ_LLYA01000001.1,318663,320022,1,Bradyrhizobium retamae,Bacteria; Pseudomonadati; Pseudomonadota; Alphaproteobacteria; Hyphomicrobiales; Nitrobacteraceae; Bradyrhizobium,0,4_405_ROCH34#0,core,0.8717,0,0,0,0,[alpha] > other
NZ_LMDW01000015.1:538569-539901:-1,WP_056517764.1,ASC92_RS16625,,aromatic ring-hydroxylating dioxygenase subunit alpha,4_405_ROCH34,4,264.0,0.8292,1.4e-78,NZ_LMDW01000015.1,538569,539901,-1,Variovorax sp. Root411,Bacteria; Pseudomonadati; Pseudomonadota; Betaproteobacteria; Burkholderiales; Comamonadaceae; Variovorax,0,4_405_ROCH34#0,core,0.8958,0,0,0,0,hydrolase > hydrolase > [alpha] > other
NZ_LMEK01000026.1:174656-175982:1,WP_056598327.1,ASD05_RS25590,,Rieske 2Fe-2S domain-containing protein,4_405_ROCH34,4,279.4,0.9066,2.9e-83,NZ_LMEK01000026.1,174656,175982,1,Variovorax sp. Root434,Bacteria; Pseudomonadati; Pseudomonadota; Betaproteobacteria; Burkholderiales; Comamonadaceae; Variovorax,0,4_405_ROCH34#27,novel_candidate,0.3333,2,0,1,1,transporter > transporter > transporter > transporter > transporter > reductase > [alpha] > ferredoxin > reductase > dehydrogenase
NZ_LMEK01000029.1:148786-150121:-1,WP_056600330.1,ASD05_RS29200,,aromatic ring-hydroxylating dioxygenase subunit alpha,4_405_ROCH34,4,268.9,0.8314,4.5e-80,NZ_LMEK01000029.1,148786,150121,-1,Variovorax sp. Root434,Bacteria; Pseudomonadati; Pseudomonadota; Betaproteobacteria; Burkholderiales; Comamonadaceae; Variovorax,0,4_405_ROCH34#0,core,0.875,1,0,1,0,[alpha] > other > ferredoxin > transporter > transporter
NZ_LMEV01000001.1:119313-120630:-1,WP_056571627.1,ASD34_RS00535,,Rieske 2Fe-2S domain-containing protein,4_405_ROCH34,4,794.9,1.0,1.2e-239,NZ_LMEV01000001.1,119313,120630,-1,Variovorax sp. Root473,Bacteria; Pseudomonadati; Pseudomonadota; Betaproteobacteria; Burkholderiales; Comamonadaceae; Variovorax,0,4_405_ROCH34#21,novel_candidate,0.3263,0,0,0,0,[alpha] > transporter > other > other > reductase > reductase
NZ_LMEV01000013.1:4227-5565:1,WP_056574467.1,ASD34_RS06405,,aromatic ring-hydroxylating dioxygenase subunit alpha,4_405_ROCH34,4,264.7,0.8314,8.7e-79,NZ_LMEV01000013.1,4227,5565,1,Variovorax sp. Root473,Bacteria; Pseudomonadati; Pseudomonadota; Betaproteobacteria; Burkholderiales; Comamonadaceae; Variovorax,0,4_405_ROCH34#8,core,0.9065,1,0,1,0,[alpha] > other > ferredoxin > transporter > transporter > transporter > transporter > transporter
NZ_LMFR01000001.1:7593-8895:1,WP_055987574.1,ASD19_RS00055,,aromatic ring-hydroxylating dioxygenase subunit alpha,4_405_ROCH34,4,371.2,0.9841,4.1e-111,NZ_LMFR01000001.1,7593,8895,1,Microbacterium sp. Root53,Bacteria; Bacillati; Actinomycetota; Actinomycetes; Micrococcales; Microbacteriaceae; Microbacterium,0,4_405_ROCH34#4,divergent,0.4251,1,0,1,0,ferredoxin > [alpha] > hypothetical > other > hydrolase
NZ_LMIH01000029.1:34695-35970:1,WP_057204701.1,ASE31_RS24840,,aromatic ring-hydroxylating dioxygenase subunit alpha,4_405_ROCH34,4,344.8,0.9658,4.4e-103,NZ_LMIH01000029.1,34695,35970,1,Acidovorax sp. Root217,Bacteria; Pseudomonadati; Pseudomonadota; Betaproteobacteria; Burkholderiales; Comamonadaceae; Acidovorax,0,4_405_ROCH34#2,core,0.9298,1,0,0,1,[alpha] > transporter > reductase > reductase
NZ_LMIJ01000002.1:12501-13776:-1,WP_057204701.1,ASE28_RS02405,,aromatic ring-hydroxylating dioxygenase subunit alpha,4_405_ROCH34,4,344.8,0.9658,4.4e-103,NZ_LMIJ01000002.1,12501,13776,-1,Acidovorax sp. Root219,Bacteria; Pseudomonadati; Pseudomonadota; Betaproteobacteria; Burkholderiales; Comamonadaceae; Acidovorax,0,4_405_ROCH34#2,core,0.9298,1,0,0,1,[alpha] > transporter > reductase > reductase
NZ_LMIE01000022.1:406670-407945:1,WP_056272119.1,ASE11_RS13430,,aromatic ring-hydroxylating dioxygenase subunit alpha,4_405_ROCH34,4,342.8,0.9681,1.7e-102,NZ_LMIE01000022.1,406670,407945,1,Hydrogenophaga sp. Root209,Bacteria; Pseudomonadati; Pseudomonadota; Betaproteobacteria; Burkholderiales; Comamonadaceae; Hydrogenophaga,0,4_405_ROCH34#2,core,0.882,0,0,0,0,[alpha] > transporter > reductase > reductase
NZ_LMIE01000033.1:22162-23437:1,WP_056277426.1,ASE11_RS22945,,aromatic ring-hydroxylating dioxygenase subunit alpha,4_405_ROCH34,4,350.7,0.9818,6.8e-105,NZ_LMIE01000033.1,22162,23437,1,Hydrogenophaga sp. Root209,Bacteria; Pseudomonadati; Pseudomonadota; Betaproteobacteria; Burkholderiales; Comamonadaceae; Hydrogenophaga,0,4_405_ROCH34#2,core,0.8272,1,0,0,1,[alpha] > transporter > reductase > reductase
NZ_LMKV01000028.1:237399-238770:-1,WP_056690979.1,ASE85_RS16890,,Rieske 2Fe-2S domain-containing protein,4_405_ROCH34,4,302.3,0.9066,3.4e-90,NZ_LMKV01000028.1,237399,238770,-1,Sphingobium sp. Leaf26,Bacteria; Pseudomonadati; Pseudomonadota; Alphaproteobacteria; Sphingomonadales; Sphingomonadaceae; Sphingobium,0,4_405_ROCH34#20,divergent,0.4618,0,0,0,0,hydrolase > other > [alpha] > alpha_other > hypothetical
NZ_LMKV01000032.1:139217-140531:-1,WP_056693487.1,ASE85_RS21025,,Rieske 2Fe-2S domain-containing protein,4_405_ROCH34,4,342.8,0.9544,1.8e-102,NZ_LMKV01000032.1,139217,140531,-1,Sphingobium sp. Leaf26,Bacteria; Pseudomonadati; Pseudomonadota; Alphaproteobacteria; Sphingomonadales; Sphingomonadaceae; Sphingobium,0,4_405_ROCH34#3,core,0.9073,0,0,0,0,[alpha] > reductase > transporter > reductase > dehydrogenase
NZ_LMMT01000004.1:91458-92784:1,WP_056659030.1,ASF45_RS06695,,aromatic ring-hydroxylating dioxygenase subunit alpha,4_405_ROCH34,4,255.7,0.9043,4.8e-76,NZ_LMMT01000004.1,91458,92784,1,Pseudorhodoferax sp. Leaf265,Bacteria; Pseudomonadati; Pseudomonadota; Betaproteobacteria; Burkholderiales; Comamonadaceae,0,4_405_ROCH34#0,core,0.8531,2,0,1,1,[alpha] > other > ferredoxin > reductase > transporter
NZ_LMMT01000034.1:57806-59129:-1,WP_056667877.1,ASF45_RS21915,,Rieske 2Fe-2S domain-containing protein,4_405_ROCH34,4,840.6,0.9977,1.5e-253,NZ_LMMT01000034.1,57806,59129,-1,Pseudorhodoferax sp. Leaf265,Bacteria; Pseudomonadati; Pseudomonadota; Betaproteobacteria; Burkholderiales; Comamonadaceae,0,4_405_ROCH34#22,novel_candidate,0.3716,1,0,0,1,[alpha] > reductase > regulator > transporter > other > other > other > other > dehydrogenase
NZ_LMNA01000029.1:268737-270060:-1,WP_056902285.1,ASF44_RS26610,,Rieske 2Fe-2S domain-containing protein,4_405_ROCH34,4,841.0,0.9977,1.2e-253,NZ_LMNA01000029.1,268737,270060,-1,Pseudorhodoferax sp. Leaf274,Bacteria; Pseudomonadati; Pseudomonadota; Betaproteobacteria; Burkholderiales; Comamonadaceae,0,4_405_ROCH34#22,novel_candidate,0.3716,1,0,0,1,[alpha] > reductase > regulator > transporter > other > other > other > other > dehydrogenase
NZ_LMQJ01000034.1:148415-149774:1,WP_057197998.1,ASG57_RS25435,,aromatic ring-hydroxylating dioxygenase subunit alpha,4_405_ROCH34,4,270.8,0.8109,1.2e-80,NZ_LMQJ01000034.1,148415,149774,1,Bradyrhizobium sp. Leaf396,Bacteria; Pseudomonadati; Pseudomonadota; Alphaproteobacteria; Hyphomicrobiales; Nitrobacteraceae; Bradyrhizobium,0,4_405_ROCH34#0,core,0.9775,0,0,0,0,[alpha]
NZ_LMQL01000011.1:53029-54445:1,WP_055897683.1,ASG30_RS13900,,Rieske 2Fe-2S domain-containing protein,4_405_ROCH34,4,236.9,0.7722,2.3e-70,NZ_LMQL01000011.1,53029,54445,1,Ramlibacter sp. Leaf400,Bacteria; Pseudomonadati; Pseudomonadota; Betaproteobacteria; Burkholderiales; Comamonadaceae; Ramlibacter,0,4_405_ROCH34#5,divergent,0.5444,1,0,1,0,[alpha] > other > ferredoxin
NZ_LMRW01000024.1:146296-147631:-1,WP_056732447.1,ASG80_RS15935,,Rieske 2Fe-2S domain-containing protein,4_405_ROCH34,4,253.5,0.9157,2.3e-75,NZ_LMRW01000024.1,146296,147631,-1,Agromyces sp. Soil535,Bacteria; Bacillati; Actinomycetota; Actinomycetes; Micrococcales; Microbacteriaceae; Agromyces,0,4_405_ROCH34#11,divergent,0.4387,0,0,0,0,reductase > hypothetical > [alpha] > other > reductase > hydrolase > other > other > hydrolase > hydrolase
NZ_LMWH01000278.1:171364-172651:-1,WP_059132753.1,ADL25_RS39125,,Rieske 2Fe-2S domain-containing protein,4_405_ROCH34,4,393.6,0.9841,6.6e-118,NZ_LMWH01000278.1,171364,172651,-1,Streptomyces sp. NRRL F-5122,Bacteria; Bacillati; Actinomycetota; Actinomycetes; Kitasatosporales; Streptomycetaceae; Streptomyces,0,4_405_ROCH34#4,divergent,0.4226,1,0,1,0,ferredoxin > [alpha] > other
NZ_LNCU01000118.1:28196-29513:1,WP_066514515.1,AS156_RS36385,,Rieske 2Fe-2S domain-containing protein,4_405_ROCH34,4,853.6,0.9977,1.8e-257,NZ_LNCU01000118.1,28196,29513,1,Bradyrhizobium macuxiense,Bacteria; Pseudomonadati; Pseudomonadota; Alphaproteobacteria; Hyphomicrobiales; Nitrobacteraceae; Bradyrhizobium,0,4_405_ROCH34#6,novel_candidate,0.3692,1,0,0,1,hypothetical > [alpha] > reductase > other
NZ_LNCU01000080.1:12062-13403:1,WP_066508904.1,AS156_RS22775,,Rieske 2Fe-2S domain-containing protein,4_405_ROCH34,4,353.2,0.9385,1.2e-105,NZ_LNCU01000080.1,12062,13403,1,Bradyrhizobium macuxiense,Bacteria; Pseudomonadati; Pseudomonadota; Alphaproteobacteria; Hyphomicrobiales; Nitrobacteraceae; Bradyrhizobium,0,4_405_ROCH34#1,core,0.9251,0,0,0,0,other > [alpha]
NZ_LNCU01000035.1:39591-40950:1,WP_066503042.1,AS156_RS09290,,aromatic ring-hydroxylating dioxygenase subunit alpha,4_405_ROCH34,4,266.0,0.8109,3.5e-79,NZ_LNCU01000035.1,39591,40950,1,Bradyrhizobium macuxiense,Bacteria; Pseudomonadati; Pseudomonadota; Alphaproteobacteria; Hyphomicrobiales; Nitrobacteraceae; Bradyrhizobium,0,4_405_ROCH34#0,core,0.7622,0,0,0,0,[alpha] > other
NZ_LQQP01000008.1:71089-72427:1,WP_063256811.1,AVW09_RS04145,,Rieske 2Fe-2S domain-containing protein,4_405_ROCH34,4,258.9,0.8861,5e-77,NZ_LQQP01000008.1,71089,72427,1,Microbacterium sp. T32,Bacteria; Bacillati; Actinomycetota; Actinomycetes; Micrococcales; Microbacteriaceae; Microbacterium,0,4_405_ROCH34#11,divergent,0.4697,0,0,0,0,reductase > [alpha] > other > dehydrogenase > hydrolase > hydrolase > hydrolase > reductase > hydrolase > hydrolase > hypothetical
NZ_LRBG01000031.1:258222-259509:-1,WP_062130357.1,CI15_RS20655,,aromatic ring-hydroxylating dioxygenase subunit alpha,4_405_ROCH34,4,407.6,0.9863,3.7e-122,NZ_LRBG01000031.1,258222,259509,-1,Paraburkholderia monticola,Bacteria; Pseudomonadati; Pseudomonadota; Betaproteobacteria; Burkholderiales; Burkholderiaceae; Paraburkholderia,0,4_405_ROCH34#4,divergent,0.4663,0,0,0,0,[alpha] > dehydrogenase > hypothetical > transporter > hypothetical > ring_cleavage
NZ_LSEF01000063.1:11059-12418:1,WP_063679436.1,AXW67_RS21425,,aromatic ring-hydroxylating dioxygenase subunit alpha,4_405_ROCH34,4,266.9,0.8041,1.9e-79,NZ_LSEF01000063.1,11059,12418,1,Bradyrhizobium neotropicale,Bacteria; Pseudomonadati; Pseudomonadota; Alphaproteobacteria; Hyphomicrobiales; Nitrobacteraceae; Bradyrhizobium,0,4_405_ROCH34#0,core,0.9605,0,0,0,0,[alpha]
NZ_LSEF01000063.1:151169-152507:-1,WP_063679529.1,AXW67_RS22010,,Rieske 2Fe-2S domain-containing protein,4_405_ROCH34,4,352.3,0.9294,2.3e-105,NZ_LSEF01000063.1,151169,152507,-1,Bradyrhizobium neotropicale,Bacteria; Pseudomonadati; Pseudomonadota; Alphaproteobacteria; Hyphomicrobiales; Nitrobacteraceae; Bradyrhizobium,0,4_405_ROCH34#1,core,0.9324,0,0,0,0,[alpha] > hydrolase
NZ_LUUB01000055.1:2877-4236:1,WP_063700576.1,AYJ54_RS17595,,aromatic ring-hydroxylating dioxygenase subunit alpha,4_405_ROCH34,4,269.1,0.8018,4.1e-80,NZ_LUUB01000055.1,2877,4236,1,Bradyrhizobium centrolobii,Bacteria; Pseudomonadati; Pseudomonadota; Alphaproteobacteria; Hyphomicrobiales; Nitrobacteraceae; Bradyrhizobium,0,4_405_ROCH34#0,core,0.9662,0,0,0,0,[alpha]
NZ_LUUB01000099.1:7866-9204:1,WP_063706805.1,AYJ54_RS36235,,Rieske 2Fe-2S domain-containing protein,4_405_ROCH34,4,350.4,0.9294,8.4e-105,NZ_LUUB01000099.1,7866,9204,1,Bradyrhizobium centrolobii,Bacteria; Pseudomonadati; Pseudomonadota; Alphaproteobacteria; Hyphomicrobiales; Nitrobacteraceae; Bradyrhizobium,0,4_405_ROCH34#1,core,0.9412,0,0,0,0,[alpha] > hydrolase
NZ_LVVY01000136.1:1498-2779:-1,WP_067460276.1,A3840_RS17960,,Rieske 2Fe-2S domain-containing protein,4_405_ROCH34,4,401.9,0.9841,2e-120,NZ_LVVY01000136.1,1498,2779,-1,Devosia elaeis,Bacteria; Pseudomonadati; Pseudomonadota; Alphaproteobacteria; Hyphomicrobiales; Devosiaceae; Devosia,0,4_405_ROCH34#13,divergent,0.4904,1,0,1,0,ferredoxin > [alpha] > reductase > hypothetical
NZ_LVYV01000023.1:482920-484288:1,WP_068735228.1,A4A58_RS19865,,aromatic ring-hydroxylating dioxygenase subunit alpha,4_405_ROCH34,4,271.4,0.8337,7.9e-81,NZ_LVYV01000023.1,482920,484288,1,Tardiphaga robiniae,Bacteria; Pseudomonadati; Pseudomonadota; Alphaproteobacteria; Hyphomicrobiales; Nitrobacteraceae; Tardiphaga,0,4_405_ROCH34#0,core,0.8305,0,0,0,0,hydrolase > [alpha] > other > transporter > hydrolase > transporter > transporter > transporter > transporter
NZ_LVWD01000007.1:272264-273659:1,WP_066088278.1,LPB72_RS07695,,aromatic ring-hydroxylating dioxygenase subunit alpha,4_405_ROCH34,4,247.4,0.9203,1.5e-73,NZ_LVWD01000007.1,272264,273659,1,Hydrogenophaga crassostreae,Bacteria; Pseudomonadati; Pseudomonadota; Betaproteobacteria; Burkholderiales; Comamonadaceae; Hydrogenophaga,0,4_405_ROCH34#5,divergent,0.5484,1,0,1,0,[alpha] > other > ferredoxin > hydrolase
NZ_LXGI01000103.1:2465-3743:-1,WP_065063592.1,A6456_RS29050,,Rieske 2Fe-2S domain-containing protein,4_405_ROCH34,4,403.4,0.9727,7.2e-121,NZ_LXGI01000103.1,2465,3743,-1,Paraburkholderia tropica,Bacteria; Pseudomonadati; Pseudomonadota; Betaproteobacteria; Burkholderiales; Burkholderiaceae; Paraburkholderia,0,4_405_ROCH34#16,novel_candidate,0.3631,1,0,1,0,alpha_other > ferredoxin > [alpha] > other > dehydrogenase > other
NZ_LXJZ01000020.1:25310-26534:1,WP_207547558.1,A6V36_RS01290,,Rieske 2Fe-2S domain-containing protein,4_405_ROCH34,4,366.7,0.9294,1e-109,NZ_LXJZ01000020.1,25310,26534,1,Paraburkholderia ginsengiterrae,Bacteria; Pseudomonadati; Pseudomonadota; Betaproteobacteria; Burkholderiales; Burkholderiaceae; Paraburkholderia,0,4_405_ROCH34#16,novel_candidate,0.3943,2,0,1,1,alpha_other > reductase > other > reductase > ferredoxin > [alpha]
NZ_LXKA01000382.1:25310-26534:1,WP_207547558.1,A6V37_RS36390,,Rieske 2Fe-2S domain-containing protein,4_405_ROCH34,4,366.7,0.9294,1e-109,NZ_LXKA01000382.1,25310,26534,1,Paraburkholderia ginsengiterrae,Bacteria; Pseudomonadati; Pseudomonadota; Betaproteobacteria; Burkholderiales; Burkholderiaceae; Paraburkholderia,0,4_405_ROCH34#16,novel_candidate,0.3943,2,0,1,1,alpha_other > reductase > other > reductase > ferredoxin > [alpha]
NZ_LXVX01000003.1:177599-178892:-1,WP_231746417.1,A7Q26_RS03660,,Rieske 2Fe-2S domain-containing protein,4_405_ROCH34,4,341.0,0.9134,6.1e-102,NZ_LXVX01000003.1,177599,178892,-1,Sphingobium sp. TCM1,Bacteria; Pseudomonadati; Pseudomonadota; Alphaproteobacteria; Sphingomonadales; Sphingomonadaceae; Sphingobium,0,4_405_ROCH34#3,core,0.9443,0,0,0,0,[alpha]
NZ_LXVX01000011.1:23708-25022:-1,WP_232313720.1,A7Q26_RS07750,,Rieske 2Fe-2S domain-containing protein,4_405_ROCH34,4,347.2,0.9339,8.1e-104,NZ_LXVX01000011.1,23708,25022,-1,Sphingobium sp. TCM1,Bacteria; Pseudomonadati; Pseudomonadota; Alphaproteobacteria; Sphingomonadales; Sphingomonadaceae; Sphingobium,0,4_405_ROCH34#3,core,0.8919,0,0,0,0,[alpha] > reductase > transporter > reductase > dehydrogenase > hypothetical
NZ_LXYI01000023.1:213631-214951:-1,WP_067292413.1,A8B82_RS11685,,aromatic ring-hydroxylating dioxygenase subunit alpha,4_405_ROCH34,4,262.9,0.7995,3.1e-78,NZ_LXYI01000023.1,213631,214951,-1,Sulfitobacter sp. EhC04,Bacteria; Pseudomonadati; Pseudomonadota; Alphaproteobacteria; Rhodobacterales; Roseobacteraceae; Sulfitobacter,0,4_405_ROCH34#32,core,0.5891,0,0,0,0,[alpha] > other
NZ_LYMK01000042.1:40506-41781:-1,WP_057204701.1,A8M77_RS27155,,aromatic ring-hydroxylating dioxygenase subunit alpha,4_405_ROCH34,4,344.8,0.9658,4.4e-103,NZ_LYMK01000042.1,40506,41781,-1,Variovorax sp. JS1663,Bacteria; Pseudomonadati; Pseudomonadota; Betaproteobacteria; Burkholderiales; Comamonadaceae; Variovorax,0,4_405_ROCH34#2,core,0.9298,1,0,0,1,[alpha] > transporter > reductase > reductase
NZ_LYWZ01000017.1:144187-145501:-1,WP_066770963.1,A9D13_RS04930,,Rieske 2Fe-2S domain-containing protein,4_405_ROCH34,4,342.1,0.9453,2.8e-102,NZ_LYWZ01000017.1,144187,145501,-1,Croceicoccus mobilis,Bacteria; Pseudomonadati; Pseudomonadota; Alphaproteobacteria; Sphingomonadales; Erythrobacteraceae; Croceicoccus,0,4_405_ROCH34#3,core,0.8824,0,0,0,0,[alpha]
NZ_LZDH01000056.1:726695-728048:1,WP_068609463.1,A9O67_RS09245,,Rieske 2Fe-2S domain-containing protein,4_405_ROCH34,4,233.0,0.6219,3.6e-69,NZ_LZDH01000056.1,726695,728048,1,Tepidimonas fonticaldi,Bacteria; Pseudomonadati; Pseudomonadota; Betaproteobacteria; Burkholderiales; Tepidimonas,0,4_405_ROCH34#14,divergent,0.4942,0,0,0,0,[alpha]
NZ_MAMP01000021.1:77030-78311:1,WP_069938375.1,BA724_RS09200,,Rieske 2Fe-2S domain-containing protein,4_405_ROCH34,4,435.1,0.9749,1.7e-130,NZ_MAMP01000021.1,77030,78311,1,Domibacillus iocasae,Bacteria; Bacillati; Bacillota; Bacilli; Bacillales; Bacillaceae; Domibacillus,0,4_405_ROCH34#12,divergent,0.4469,0,0,0,0,[alpha] > dehydrogenase
NZ_MAXC01000023.1:439113-440454:1,WP_065746572.1,LMTR3_RS19150,,Rieske 2Fe-2S domain-containing protein,4_405_ROCH34,4,355.8,0.9453,1.9e-106,NZ_MAXC01000023.1,439113,440454,1,Bradyrhizobium sp. LMTR 3,Bacteria; Pseudomonadati; Pseudomonadota; Alphaproteobacteria; Hyphomicrobiales; Nitrobacteraceae; Bradyrhizobium,0,4_405_ROCH34#1,core,0.9199,0,0,0,0,[alpha]
NZ_MKQR01000017.1:312938-314162:-1,WP_075976126.1,BJP25_RS18125,,Rieske 2Fe-2S domain-containing protein,4_405_ROCH34,4,310.6,0.8747,1e-92,NZ_MKQR01000017.1,312938,314162,-1,Actinokineospora bangkokensis,Bacteria; Bacillati; Actinomycetota; Actinomycetes; Pseudonocardiales; Pseudonocardiaceae; Actinokineospora,0,4_405_ROCH34#19,novel_candidate,0.3119,0,0,0,0,[alpha] > other > other
NZ_MSDU01000022.1:96905-98255:1,WP_075398754.1,BTO30_RS10895,,Rieske 2Fe-2S domain-containing protein,4_405_ROCH34,4,430.1,0.9704,5.6e-129,NZ_MSDU01000022.1,96905,98255,1,Domibacillus antri,Bacteria; Bacillati; Bacillota; Bacilli; Bacillales; Bacillaceae; Domibacillus,0,4_405_ROCH34#12,divergent,0.4613,0,0,0,0,transporter > transporter > regulator > [alpha] > dehydrogenase > reductase
NZ_MSDU01000031.1:53860-55141:1,WP_075399186.1,BTO30_RS13200,,Rieske 2Fe-2S domain-containing protein,4_405_ROCH34,4,430.8,0.9772,3.5e-129,NZ_MSDU01000031.1,53860,55141,1,Domibacillus antri,Bacteria; Bacillati; Bacillota; Bacilli; Bacillales; Bacillaceae; Domibacillus,0,4_405_ROCH34#12,divergent,0.4367,0,0,0,0,[alpha] > dehydrogenase
NZ_MSFI01000002.1:99435-100779:-1,WP_076763608.1,BTO28_RS02105,,Rieske 2Fe-2S domain-containing protein,4_405_ROCH34,4,432.8,0.9704,8.8e-130,NZ_MSFI01000002.1,99435,100779,-1,Domibacillus epiphyticus,Bacteria; Bacillati; Bacillota; Bacilli; Bacillales; Bacillaceae; Domibacillus,0,4_405_ROCH34#12,divergent,0.4161,0,0,0,0,transporter > transporter > regulator > [alpha] > dehydrogenase > reductase
NZ_MSFI01000011.1:39071-40352:1,WP_076765000.1,BTO28_RS07840,,Rieske 2Fe-2S domain-containing protein,4_405_ROCH34,4,433.8,0.9772,4.4e-130,NZ_MSFI01000011.1,39071,40352,1,Domibacillus epiphyticus,Bacteria; Bacillati; Bacillota; Bacilli; Bacillales; Bacillaceae; Domibacillus,0,4_405_ROCH34#12,divergent,0.4127,0,0,0,0,[alpha] > dehydrogenase
NZ_MSFI01000014.1:219-1494:1,WP_076765692.1,BTO28_RS09615,,Rieske 2Fe-2S domain-containing protein,4_405_ROCH34,4,362.1,0.9795,2.4e-108,NZ_MSFI01000014.1,219,1494,1,Domibacillus epiphyticus,Bacteria; Bacillati; Bacillota; Bacilli; Bacillales; Bacillaceae; Domibacillus,0,4_405_ROCH34#26,novel_candidate,0.3631,0,0,0,0,[alpha] > other > transporter
NZ_MTQM01000008.1:82412-83750:-1,WP_077050711.1,CSIV_RS07030,,Rieske 2Fe-2S domain-containing protein,4_405_ROCH34,4,258.4,0.9613,7.1e-77,NZ_MTQM01000008.1,82412,83750,-1,Microbacterium sp. CSI-V,Bacteria; Bacillati; Actinomycetota; Actinomycetes; Micrococcales; Microbacteriaceae; Microbacterium,0,4_405_ROCH34#11,divergent,0.4703,0,0,0,0,reductase > [alpha] > other > dehydrogenase > hydrolase > hydrolase > hydrolase > reductase > hydrolase > hydrolase > hypothetical
NZ_NAFL01000272.1:164370-165699:-1,WP_063985290.1,BSZ19_RS32595,,Rieske 2Fe-2S domain-containing protein,4_405_ROCH34,4,352.3,0.9727,2.3e-105,NZ_NAFL01000272.1,164370,165699,-1,Bradyrhizobium japonicum,Bacteria; Pseudomonadati; Pseudomonadota; Alphaproteobacteria; Hyphomicrobiales; Nitrobacteraceae; Bradyrhizobium,0,4_405_ROCH34#10,core,0.5551,0,0,0,0,[alpha] > transporter
NZ_NFVE01000088.1:33915-35232:-1,WP_007580868.1,CA601_RS06090,,aromatic ring-hydroxylating dioxygenase subunit alpha,4_405_ROCH34,4,264.6,0.8269,9.4e-79,NZ_NFVE01000088.1,33915,35232,-1,Paraburkholderia hospita,Bacteria; Pseudomonadati; Pseudomonadota; Betaproteobacteria; Burkholderiales; Burkholderiaceae; Paraburkholderia,0,4_405_ROCH34#14,core,0.7345,2,0,1,1,[alpha] > other > ferredoxin > reductase > hydrolase > regulator
NZ_NINX01000022.1:479-1742:1,WP_070401332.1,CDO46_RS06095,,Rieske 2Fe-2S domain-containing protein,4_405_ROCH34,4,315.7,0.9476,2.9e-94,NZ_NINX01000022.1,479,1742,1,Pigmentiphaga sp. NML030171,Bacteria; Pseudomonadati; Pseudomonadota; Betaproteobacteria; Burkholderiales; Alcaligenaceae; Pigmentiphaga,0,4_405_ROCH34#9,novel_candidate,0.3823,0,0,0,0,[alpha] > transporter
NZ_PGFI01000014.1:240304-241642:-1,WP_076980340.1,CLV77_RS14920,,Rieske 2Fe-2S domain-containing protein,4_405_ROCH34,4,178.9,0.5444,9.6e-53,NZ_PGFI01000014.1,240304,241642,-1,Brevirhabdus pacifica,Bacteria; Pseudomonadati; Pseudomonadota; Alphaproteobacteria; Rhodobacterales; Paracoccaceae; Brevirhabdus,0,4_405_ROCH34#25,novel_candidate,0.3889,0,0,0,0,regulator > [alpha] > other > other
NZ_PSRR01000020.1:39949-41269:1,WP_130577761.1,CWO89_RS06245,,Rieske 2Fe-2S domain-containing protein,4_405_ROCH34,4,861.5,0.9977,7.1e-260,NZ_PSRR01000020.1,39949,41269,1,Bradyrhizobium sp. Leo170,Bacteria; Pseudomonadati; Pseudomonadota; Alphaproteobacteria; Hyphomicrobiales; Nitrobacteraceae; Bradyrhizobium,0,4_405_ROCH34#6,novel_candidate,0.3799,1,0,0,1,hypothetical > [alpha] > reductase > transporter > other > other > other
NZ_QEKO01000003.1:124214-125513:-1,WP_116518650.1,C7440_RS11705,,Rieske 2Fe-2S domain-containing protein,4_405_ROCH34,4,377.7,0.9772,4.4e-113,NZ_QEKO01000003.1,124214,125513,-1,Pusillimonas noertemannii,Bacteria; Pseudomonadati; Pseudomonadota; Betaproteobacteria; Burkholderiales; Alcaligenaceae; Pusillimonas,0,4_405_ROCH34#33,divergent,0.4209,0,0,0,0,reductase > transporter > [alpha] > transporter
NZ_QEKO01000003.1:177896-179108:1,WP_165832563.1,C7440_RS11955,,Rieske 2Fe-2S domain-containing protein,4_405_ROCH34,4,354.9,0.918,3.6e-106,NZ_QEKO01000003.1,177896,179108,1,Pusillimonas noertemannii,Bacteria; Pseudomonadati; Pseudomonadota; Betaproteobacteria; Burkholderiales; Alcaligenaceae; Pusillimonas,0,4_405_ROCH34#24,novel_candidate,0.3353,0,0,0,0,[alpha] > reductase
NZ_QEKO01000003.1:217017-218289:1,WP_116518723.1,C7440_RS12130,,aromatic ring-hydroxylating dioxygenase subunit alpha,4_405_ROCH34,4,353.0,0.9681,1.4e-105,NZ_QEKO01000003.1,217017,218289,1,Pusillimonas noertemannii,Bacteria; Pseudomonadati; Pseudomonadota; Betaproteobacteria; Burkholderiales; Alcaligenaceae; Pusillimonas,0,4_405_ROCH34#2,core,0.6208,0,0,0,0,[alpha] > reductase > other > reductase > transporter > transporter > transporter
NZ_QEKO01000003.1:226148-227417:-1,WP_116518730.1,C7440_RS12175,,aromatic ring-hydroxylating dioxygenase subunit alpha,4_405_ROCH34,4,360.4,0.959,8.2e-108,NZ_QEKO01000003.1,226148,227417,-1,Pusillimonas noertemannii,Bacteria; Pseudomonadati; Pseudomonadota; Betaproteobacteria; Burkholderiales; Alcaligenaceae; Pusillimonas,0,4_405_ROCH34#2,core,0.5798,0,0,0,0,[alpha] > dehydrogenase > other
NZ_QQAV01000008.1:27413-28688:-1,WP_017760176.1,DFR41_RS18535,,aromatic ring-hydroxylating dioxygenase subunit alpha,4_405_ROCH34,4,341.4,0.9476,4.6e-102,NZ_QQAV01000008.1,27413,28688,-1,Pseudacidovorax intermedius,Bacteria; Pseudomonadati; Pseudomonadota; Betaproteobacteria; Burkholderiales; Comamonadaceae; Pseudacidovorax,0,4_405_ROCH34#2,core,0.843,1,0,0,1,[alpha] > transporter > reductase > reductase
NZ_QQAV01000002.1:102538-103879:-1,WP_114802272.1,DFR41_RS07125,,aromatic ring-hydroxylating dioxygenase subunit alpha,4_405_ROCH34,4,271.3,0.8269,8.9e-81,NZ_QQAV01000002.1,102538,103879,-1,Pseudacidovorax intermedius,Bacteria; Pseudomonadati; Pseudomonadota; Betaproteobacteria; Burkholderiales; Comamonadaceae; Pseudacidovorax,0,4_405_ROCH34#0,core,0.8324,0,0,0,0,[alpha] > other
NZ_QVLS01000022.1:3716-4979:-1,WP_070401332.1,DY262_RS21310,,Rieske 2Fe-2S domain-containing protein,4_405_ROCH34,4,315.7,0.9476,2.9e-94,NZ_QVLS01000022.1,3716,4979,-1,Hydrogenophaga borbori,Bacteria; Pseudomonadati; Pseudomonadota; Betaproteobacteria; Burkholderiales; Comamonadaceae; Hydrogenophaga,0,4_405_ROCH34#9,novel_candidate,0.3823,0,0,0,0,[alpha] > transporter > regulator
NZ_RDQZ01000001.1:341186-342545:1,WP_128954479.1,EAS56_RS01625,,aromatic ring-hydroxylating dioxygenase subunit alpha,4_405_ROCH34,4,272.5,0.8861,3.7e-81,NZ_RDQZ01000001.1,341186,342545,1,Bradyrhizobium guangzhouense,Bacteria; Pseudomonadati; Pseudomonadota; Alphaproteobacteria; Hyphomicrobiales; Nitrobacteraceae; Bradyrhizobium,0,4_405_ROCH34#0,core,0.9308,0,0,0,0,[alpha]
NZ_SEOO01000015.1:68389-69703:1,WP_242496017.1,EWH12_RS10805,,Rieske 2Fe-2S domain-containing protein,4_405_ROCH34,4,344.5,0.9294,5.5e-103,NZ_SEOO01000015.1,68389,69703,1,Sphingobium cupriresistens,Bacteria; Pseudomonadati; Pseudomonadota; Alphaproteobacteria; Sphingomonadales; Sphingomonadaceae; Sphingobium,0,4_405_ROCH34#3,core,0.8915,0,0,0,0,[alpha] > reductase > transporter > reductase > dehydrogenase > transposon
NZ_SPVJ01000077.1:13182-14511:-1,WP_063985290.1,CT676_RS41270,,Rieske 2Fe-2S domain-containing protein,4_405_ROCH34,4,352.3,0.9727,2.3e-105,NZ_SPVJ01000077.1,13182,14511,-1,Bradyrhizobium sp. MOS001,Bacteria; Pseudomonadati; Pseudomonadota; Alphaproteobacteria; Hyphomicrobiales; Nitrobacteraceae; Bradyrhizobium,0,4_405_ROCH34#10,core,0.5551,0,0,0,0,[alpha] > transporter
NZ_SWAO01000004.1:44578-45898:-1,WP_018271028.1,FBF72_RS02065,,Rieske 2Fe-2S domain-containing protein,4_405_ROCH34,4,860.4,0.9977,1.5e-259,NZ_SWAO01000004.1,44578,45898,-1,Bradyrhizobium elkanii,Bacteria; Pseudomonadati; Pseudomonadota; Alphaproteobacteria; Hyphomicrobiales; Nitrobacteraceae; Bradyrhizobium,0,4_405_ROCH34#6,novel_candidate,0.3897,1,0,0,1,other > [alpha] > reductase > transporter > other > other > other
NZ_VCPF01000016.1:19866-21141:-1,WP_009515596.1,FGJ01_RS18200,,aromatic ring-hydroxylating dioxygenase subunit alpha,4_405_ROCH34,4,337.1,0.9795,9.3e-101,NZ_VCPF01000016.1,19866,21141,-1,Hydrogenophaga intermedia,Bacteria; Pseudomonadati; Pseudomonadota; Betaproteobacteria; Burkholderiales; Comamonadaceae; Hydrogenophaga,0,4_405_ROCH34#2,core,0.9003,1,0,0,1,[alpha] > transporter > reductase > reductase
NZ_VCPF01000005.1:205316-206690:-1,WP_035621794.1,FGJ01_RS10385,,Rieske 2Fe-2S domain-containing protein,4_405_ROCH34,4,239.2,0.7973,4.8e-71,NZ_VCPF01000005.1,205316,206690,-1,Hydrogenophaga intermedia,Bacteria; Pseudomonadati; Pseudomonadota; Betaproteobacteria; Burkholderiales; Comamonadaceae; Hydrogenophaga,0,4_405_ROCH34#5,divergent,0.5291,1,0,1,0,[alpha] > other > ferredoxin > hydrolase > transporter > hydrolase > transporter
NZ_VKJJ01000063.1:21321-22656:1,WP_035377382.1,FOH22_RS14925,,aromatic ring-hydroxylating dioxygenase subunit alpha,4_405_ROCH34,4,261.6,0.8292,7.5e-78,NZ_VKJJ01000063.1,21321,22656,1,Acetobacter tropicalis,Bacteria; Pseudomonadati; Pseudomonadota; Alphaproteobacteria; Acetobacterales; Acetobacteraceae; Acetobacter,0,4_405_ROCH34#0,core,0.5976,0,0,0,0,[alpha] > other
NZ_VLLA01000016.1:88888-90247:-1,WP_018644498.1,IQ16_RS28010,,aromatic ring-hydroxylating dioxygenase subunit alpha,4_405_ROCH34,4,271.4,0.8109,7.8e-81,NZ_VLLA01000016.1,88888,90247,-1,Bradyrhizobium huanghuaihaiense,Bacteria; Pseudomonadati; Pseudomonadota; Alphaproteobacteria; Hyphomicrobiales; Nitrobacteraceae; Bradyrhizobium,0,4_405_ROCH34#0,core,0.9859,0,0,0,0,[alpha]
NZ_VNHV01000007.1:69066-70392:1,WP_008335927.1,BD830_RS18180,,Rieske 2Fe-2S domain-containing protein,4_405_ROCH34,4,801.2,0.9977,1.3e-241,NZ_VNHV01000007.1,69066,70392,1,Maritimibacter alkaliphilus HTCC2654,Bacteria; Pseudomonadati; Pseudomonadota; Alphaproteobacteria; Rhodobacterales; Roseobacteraceae; Maritimibacter,0,4_405_ROCH34#31,novel_candidate,0.3796,1,0,0,1,other > other > hypothetical > [alpha] > other > other > reductase
NZ_VLLA01000001.1:171465-172803:-1,WP_018644359.1,IQ16_RS00770,,Rieske 2Fe-2S domain-containing protein,4_405_ROCH34,4,353.3,0.9294,1.1e-105,NZ_VLLA01000001.1,171465,172803,-1,Bradyrhizobium huanghuaihaiense,Bacteria; Pseudomonadati; Pseudomonadota; Alphaproteobacteria; Hyphomicrobiales; Nitrobacteraceae; Bradyrhizobium,0,4_405_ROCH34#1,core,0.9408,0,0,0,0,[alpha] > hydrolase
NZ_VSFG01000008.1:380249-381569:-1,WP_067887598.1,FXF69_RS32150,,Rieske 2Fe-2S domain-containing protein,4_405_ROCH34,4,383.4,0.9818,8.4e-115,NZ_VSFG01000008.1,380249,381569,-1,Actinomadura chibensis,Bacteria; Bacillati; Actinomycetota; Actinomycetes; Streptosporangiales; Thermomonosporaceae; Actinomadura,0,4_405_ROCH34#10,divergent,0.4291,0,0,0,0,[alpha] > hypothetical > other > ring_cleavage > transporter > transporter > transporter
NZ_VSWF01000059.1:409-1684:1,WP_047219865.1,FYM52_RS17940,,aromatic ring-hydroxylating dioxygenase subunit alpha,4_405_ROCH34,4,346.1,0.9658,1.8e-103,NZ_VSWF01000059.1,409,1684,1,Comamonas sp. CAH-2,Bacteria; Pseudomonadati; Pseudomonadota; Betaproteobacteria; Burkholderiales; Comamonadaceae; Comamonas,0,4_405_ROCH34#2,core,0.9474,1,0,0,1,[alpha] > transporter > reductase > reductase
NZ_WHNQ01000014.1:149514-150789:1,WP_013091424.1,GCT19_RS20940,,aromatic ring-hydroxylating dioxygenase subunit alpha,4_405_ROCH34,4,355.3,0.9544,2.9e-106,NZ_WHNQ01000014.1,149514,150789,1,Paraburkholderia atlantica,Bacteria; Pseudomonadati; Pseudomonadota; Betaproteobacteria; Burkholderiales; Burkholderiaceae; Paraburkholderia,0,4_405_ROCH34#2,core,0.7325,0,0,0,0,[alpha] > reductase > reductase > transporter > transporter
NZ_WJBU01000027.1:845-2123:1,WP_070401280.1,GHT07_RS19990,,Rieske 2Fe-2S domain-containing protein,4_405_ROCH34,4,362.1,0.9658,2.4e-108,NZ_WJBU01000027.1,845,2123,1,Caenimonas koreensis DSM 17982,Bacteria; Pseudomonadati; Pseudomonadota; Betaproteobacteria; Burkholderiales; Comamonadaceae; Caenimonas,0,4_405_ROCH34#9,divergent,0.4923,0,0,0,0,hypothetical > [alpha] > transporter
NZ_WJBU01000027.1:20239-21487:-1,WP_187085595.1,GHT07_RS20085,,Rieske 2Fe-2S domain-containing protein,4_405_ROCH34,4,327.8,0.9499,6.4e-98,NZ_WJBU01000027.1,20239,21487,-1,Caenimonas koreensis DSM 17982,Bacteria; Pseudomonadati; Pseudomonadota; Betaproteobacteria; Burkholderiales; Comamonadaceae; Caenimonas,0,4_405_ROCH34#9,novel_candidate,0.3396,0,0,0,0,transporter > [alpha]
NZ_WQNF01000022.1:102996-104337:-1,WP_157347000.1,GPL21_RS26795,,Rieske 2Fe-2S domain-containing protein,4_405_ROCH34,4,355.4,0.9362,2.7e-106,NZ_WQNF01000022.1,102996,104337,-1,Bradyrhizobium pachyrhizi,Bacteria; Pseudomonadati; Pseudomonadota; Alphaproteobacteria; Hyphomicrobiales; Nitrobacteraceae; Bradyrhizobium,0,4_405_ROCH34#1,core,0.9187,0,0,0,0,other > [alpha]
NZ_WUUF01000067.1:107495-108776:1,WP_028960321.1,GSE51_RS24915,,Rieske 2Fe-2S domain-containing protein,4_405_ROCH34,4,396.1,0.9841,1.1e-118,NZ_WUUF01000067.1,107495,108776,1,Streptomyces sp. XHT-2,Bacteria; Bacillati; Actinomycetota; Actinomycetes; Kitasatosporales; Streptomycetaceae; Streptomyces,0,4_405_ROCH34#4,divergent,0.4476,1,0,1,0,ferredoxin > [alpha] > hypothetical > other > hydrolase
NZ_WUUF01000070.1:91020-92307:-1,WP_019521458.1,GSE51_RS29125,,Rieske 2Fe-2S domain-containing protein,4_405_ROCH34,4,425.0,0.9909,2e-127,NZ_WUUF01000070.1,91020,92307,-1,Streptomyces sp. XHT-2,Bacteria; Bacillati; Actinomycetota; Actinomycetes; Kitasatosporales; Streptomycetaceae; Streptomyces,0,4_405_ROCH34#7,divergent,0.5195,1,0,0,1,dehydrogenase > [alpha] > hypothetical > reductase > transporter
NZ_WWEZ01000012.1:151466-152825:-1,WP_014491272.1,GTH44_RS31310,,aromatic ring-hydroxylating dioxygenase subunit alpha,4_405_ROCH34,4,268.4,0.8041,6.4e-80,NZ_WWEZ01000012.1,151466,152825,-1,Bradyrhizobium japonicum,Bacteria; Pseudomonadati; Pseudomonadota; Alphaproteobacteria; Hyphomicrobiales; Nitrobacteraceae; Bradyrhizobium,0,4_405_ROCH34#0,core,0.8509,0,0,0,0,[alpha]
