cluster,substrate,substrate_class,confidence,ro_count,transposon_adjacent,transposon_rate,plasmid_count,plasmid_rate,genus_count,synteny_entropy,operon_complete,operon_total,ecology_note
1_102_CARDO,carbazole,xenobiotic,high,55,20,0.3636,10,0.1818,20,2.172,0,55,N-heterocyclic aromatic; carbazole degradation genes are known to travel on transposons
1_104_VanA,vanillate,natural_aromatic,high,1169,415,0.355,9,0.0077,191,2.045,0,1169,Lignin-derived; degradation of plant material and a central part of the soil carbon cycle
4_406_PDO,phthalate,xenobiotic,high,184,38,0.2065,11,0.0598,58,2.049,1,184,Plasticiser
3_311_PhtAa,phthalate,xenobiotic,high,126,21,0.1667,11,0.0873,18,2.148,39,126,Plasticiser
1_112_NdmA,caffeine,natural_specialized,high,31,5,0.1613,0,0.0,14,1.605,0,31,N-demethylase of a purine alkaloid
1_106_TsaM,4-toluenesulfonate,xenobiotic,high,655,102,0.1557,16,0.0244,145,1.9,0,655,Surfactant and detergent derivative
4_409_TPDO,terephthalate,xenobiotic,high,273,39,0.1429,31,0.1136,42,2.209,14,273,Monomer of PET plastic and an entirely anthropogenic substrate
3_319_PhdA,phenanthrene,xenobiotic,high,61,8,0.1311,3,0.0492,24,2.024,3,61,Polycyclic aromatic hydrocarbon
3_301_PhnA1a,phenanthrene,xenobiotic,high,94,11,0.117,19,0.2021,17,2.154,5,94,Polycyclic aromatic hydrocarbon
1_110_SxtT,saxitoxin pathway intermediate,natural_specialized,medium,188,22,0.117,4,0.0213,81,1.745,0,188,"Cyanobacterial natural product biosynthesis, not degradation"
1_113_CdnA,caffeine and methylxanthines,natural_specialized,medium,401,45,0.1122,10,0.0249,78,1.714,0,401,
1_108_PobA,4-hydroxybenzoate,natural_aromatic,medium,90,10,0.1111,0,0.0,33,1.871,0,90,
4_405_ROCH34,phthalate,xenobiotic,high,182,20,0.1099,3,0.0165,55,1.952,0,182,"Phthalate 4,5-dioxygenase of Cupriavidus metallidurans CH34; plasticiser degradation."
5_508_GbcA,glycine betaine,natural_specialized,high,336,34,0.1012,0,0.0,7,1.177,0,336,Osmolyte demethylation; the Pseudomonas gbc pathway
1_105_DdmC,dicamba,xenobiotic,low,401,35,0.0873,4,0.01,127,1.558,0,401,"Herbicide O-demethylase, but 39 % of this type's members are plant proteins, so the label applies only to the bacterial subgroup"
1_107_CndA,"chloroacetanilide herbicides (alachlor, acetochlor, butachlor)",xenobiotic,high,60,5,0.0833,0,0.0,24,1.923,0,60,Chloroacetanilide herbicides; the oxygenase gene sits in a transposable element conserved between the two Sphingomonas strains.
4_401_CmtAb,p-cumate,xenobiotic,high,107,8,0.0748,7,0.0654,43,1.937,8,107,
2_217_HcaE,3-phenylpropionate,natural_aromatic,high,178,12,0.0674,0,0.0,16,2.143,0,178,Plant-derived phenylpropanoid; the chromosomal hca operon of Escherichia coli
2_218_BphA1,biphenyl,xenobiotic,high,64,4,0.0625,4,0.0625,21,2.168,32,64,
2_211_bfzA,benzene and fluorene,xenobiotic,low,49,3,0.0612,1,0.0204,18,2.054,2,49,
4_403_AtdA,aniline,xenobiotic,high,115,7,0.0609,1,0.0087,31,1.966,2,115,Dye and pesticide intermediate
3_302_DitA,dehydroabietate,natural_specialized,high,69,4,0.058,3,0.0435,15,1.889,0,69,Conifer resin acid; degradation of a plant defence compound
4_410_CbdC,2-halobenzoate,xenobiotic,high,243,14,0.0576,5,0.0206,50,1.986,1,243,Chloroaromatic
3_307_NagGH,naphthalene-2-sulfonate,xenobiotic,high,174,10,0.0575,6,0.0345,36,2.072,61,174,Dye industry intermediate
4_411_XylX,toluate and benzoate,xenobiotic,high,422,24,0.0569,14,0.0332,59,2.075,2,422,Meta pathway of the TOL plasmid
5_507_BmoA,glycine betaine,natural_specialized,medium,610,34,0.0557,13,0.0213,138,1.916,0,610,
4_408_AntA,anthranilate,natural_aromatic,high,184,10,0.0543,3,0.0163,14,1.857,0,184,"Intermediate of tryptophan catabolism, so an endogenous metabolite rather than a pollutant"
3_317_NidA,pyrene,xenobiotic,high,37,2,0.0541,9,0.2432,20,1.868,1,37,High molecular weight polycyclic aromatic hydrocarbon
5_504_CntA,L-carnitine,natural_specialized,high,1210,59,0.0488,25,0.0207,202,1.898,0,1210,"Gut microbiome; carnitine to trimethylamine to TMAO, linked to cardiovascular risk"
4_404_TdnA1,aniline,xenobiotic,high,425,19,0.0447,17,0.04,71,2.043,3,425,Carried on a TOL-like plasmid
1_109_LigX,"5,5'-dehydrodivanillate",natural_aromatic,high,48,2,0.0417,0,0.0,24,1.844,0,48,Lignin-derived biaryl; part of the Sphingobium lignin pathway
3_316_NarAa,naphthalene,xenobiotic,high,30,1,0.0333,0,0.0,16,1.762,0,30,Rhodococcus nar pathway
5_506_Stc2,stachydrine,natural_specialized,high,903,30,0.0332,25,0.0277,167,1.844,0,903,Plant betaine (proline betaine) in the rhizosphere
1_111_GxtA,gonyautoxin pathway intermediate,natural_specialized,medium,234,7,0.0299,0,0.0,104,1.519,0,234,Tailoring enzyme of the saxitoxin pathway
3_313_KshA15,3-ketosteroid,natural_specialized,high,1345,34,0.0253,2,0.0015,161,1.799,0,1345,Cholesterol and steroid degradation; linked to Mycobacterium virulence and chromosomally encoded
5_505_qxyA,benzalkonium chloride and other quaternary ammonium compounds,xenobiotic,high,95,2,0.0211,1,0.0105,23,1.441,0,95,"Benzalkonium chloride, a synthetic disinfectant. The qxyAR operon travels on IS1380 and Tn3 composite transposons, and N-dealkylation removes the biocidal activity."
5_501_CmoS,choline,natural_specialized,high,288,5,0.0174,0,0.0,90,1.264,0,288,Plant choline monooxygenase; synthesises glycine betaine under salt stress
