cluster,1_101_OxoO,1_102_CARDO,1_104_VanA,1_105_DdmC,1_106_TsaM,1_107_CndA,1_108_PobA,1_109_LigX,1_110_SxtT,1_111_GxtA,1_112_NdmA,1_113_CdnA,1_114_NdmB,2_201_BphA1,2_202_EdoA1,2_203_cumA1,2_204_Dpe,2_208_TecA1,2_209_TDO,2_211_bfzA,2_212_BedC1,2_213_BphA1A2,2_214_TftA,2_215_cadA,2_216_BPDO,2_217_HcaE,2_218_BphA1,3_301_PhnA1a,3_302_DitA,3_303_NBDO,3_304_OMO,3_305_ArhA1,3_306_3NTDO,3_307_NagGH,3_308_DxnA1,3_311_PhtAa,3_313_KshA15,3_314_NDO,3_316_NarAa,3_317_NidA,3_318_NidA,3_319_PhdA,3_320_NidA3,4_401_CmtAb,4_402_PsbAb,4_403_AtdA,4_404_TdnA1,4_405_ROCH34,4_406_PDO,4_408_AntA,4_409_TPDO,4_410_CbdC,4_411_XylX,5_501_CmoS,5_502_CmoB,5_503_CmoA,5_504_CntA,5_505_qxyA,5_506_Stc2,5_507_BmoA,5_508_GbcA
1_101_OxoO,100.0,41.7,0.0,0.0,24.2,0.0,0.0,0.0,0.0,0.0,0.0,0.0,0.0,0.0,0.0,0.0,0.0,0.0,0.0,0.0,0.0,0.0,0.0,0.0,0.0,0.0,0.0,0.0,0.0,0.0,100.0,0.0,0.0,0.0,0.0,0.0,0.0,0.0,0.0,0.0,0.0,0.0,0.0,0.0,0.0,0.0,0.0,0.0,0.0,0.0,0.0,0.0,0.0,0.0,0.0,0.0,0.0,0.0,0.0,0.0,0.0
1_102_CARDO,41.7,100.0,83.5,60.5,74.8,60.4,28.8,26.1,35.8,34.0,27.8,37.4,0.0,0.0,0.0,0.0,0.0,0.0,0.0,0.0,0.0,0.0,0.0,0.0,0.0,0.0,0.0,0.0,0.0,0.0,41.7,0.0,0.0,0.0,0.0,0.0,0.0,0.0,0.0,0.0,0.0,0.0,0.0,0.0,0.0,0.0,0.0,25.5,27.4,0.0,0.0,0.0,0.0,0.0,0.0,0.0,0.0,0.0,0.0,0.0,0.0
1_104_VanA,0.0,83.5,100.0,77.4,89.8,57.1,39.3,28.6,57.8,71.1,58.0,72.4,43.6,0.0,0.0,0.0,0.0,0.0,0.0,0.0,0.0,0.0,22.3,0.0,0.0,0.0,0.0,0.0,0.0,0.0,0.0,0.0,0.0,0.0,0.0,23.9,38.6,0.0,0.0,0.0,0.0,0.0,0.0,26.7,0.0,20.5,0.0,40.1,29.1,0.0,0.0,0.0,0.0,22.5,0.0,0.0,25.8,22.7,25.7,24.4,0.0
1_105_DdmC,0.0,60.5,77.4,100.0,70.6,78.6,51.5,28.0,79.8,91.5,34.9,70.3,40.0,0.0,0.0,0.0,0.0,0.0,0.0,0.0,0.0,0.0,24.2,0.0,0.0,0.0,21.9,0.0,0.0,0.0,0.0,0.0,0.0,0.0,0.0,0.0,46.4,0.0,24.3,0.0,0.0,26.8,0.0,27.9,0.0,22.7,0.0,44.5,29.1,0.0,0.0,0.0,0.0,0.0,24.5,0.0,27.5,0.0,26.0,24.8,0.0
1_106_TsaM,24.2,74.8,89.8,70.6,100.0,88.5,35.9,29.2,44.3,64.3,58.0,48.5,32.6,0.0,0.0,0.0,0.0,0.0,0.0,24.7,0.0,0.0,24.5,0.0,0.0,0.0,0.0,25.6,0.0,0.0,27.3,24.5,0.0,22.1,0.0,0.0,34.5,0.0,0.0,0.0,0.0,20.5,0.0,27.3,0.0,22.1,26.3,41.0,32.3,0.0,0.0,0.0,0.0,21.6,25.5,0.0,29.3,25.4,25.3,26.0,0.0
1_107_CndA,0.0,60.4,57.1,78.6,88.5,100.0,31.2,24.6,66.9,98.0,34.0,32.8,27.6,0.0,0.0,0.0,0.0,0.0,0.0,0.0,0.0,0.0,0.0,0.0,0.0,0.0,0.0,0.0,0.0,0.0,0.0,0.0,0.0,0.0,0.0,0.0,25.8,0.0,0.0,0.0,0.0,0.0,0.0,22.1,0.0,28.1,0.0,98.0,26.2,0.0,0.0,0.0,0.0,22.6,0.0,0.0,23.0,0.0,25.0,20.6,0.0
1_108_PobA,0.0,28.8,39.3,51.5,35.9,31.2,100.0,35.7,36.0,43.7,31.4,32.8,25.2,0.0,0.0,0.0,0.0,0.0,0.0,0.0,0.0,22.0,0.0,0.0,0.0,0.0,0.0,24.8,0.0,0.0,0.0,0.0,0.0,0.0,0.0,0.0,27.6,0.0,0.0,0.0,0.0,0.0,0.0,0.0,0.0,0.0,22.9,35.6,34.0,0.0,0.0,0.0,0.0,0.0,0.0,0.0,24.3,0.0,0.0,0.0,0.0
1_109_LigX,0.0,26.1,28.6,28.0,29.2,24.6,35.7,100.0,23.4,27.3,0.0,28.8,0.0,0.0,0.0,0.0,0.0,0.0,0.0,0.0,0.0,0.0,0.0,0.0,0.0,0.0,0.0,0.0,0.0,0.0,0.0,0.0,0.0,0.0,0.0,0.0,25.8,0.0,0.0,0.0,0.0,0.0,0.0,0.0,0.0,0.0,0.0,34.2,35.2,0.0,0.0,0.0,0.0,25.2,0.0,0.0,0.0,0.0,0.0,0.0,0.0
1_110_SxtT,0.0,35.8,57.8,79.8,44.3,66.9,36.0,23.4,100.0,97.6,94.9,97.6,49.2,0.0,0.0,0.0,0.0,0.0,0.0,0.0,0.0,0.0,24.4,22.1,0.0,0.0,0.0,0.0,0.0,0.0,0.0,23.8,0.0,0.0,0.0,0.0,64.6,0.0,0.0,0.0,0.0,0.0,0.0,0.0,0.0,0.0,0.0,34.3,31.2,0.0,0.0,0.0,0.0,21.5,0.0,0.0,25.9,23.7,23.3,26.5,0.0
1_111_GxtA,0.0,34.0,71.1,91.5,64.3,98.0,43.7,27.3,97.6,100.0,98.4,88.1,40.8,0.0,0.0,0.0,0.0,0.0,0.0,0.0,0.0,0.0,24.0,22.4,0.0,0.0,0.0,0.0,0.0,0.0,0.0,22.5,0.0,22.6,0.0,0.0,100.0,0.0,0.0,0.0,0.0,0.0,0.0,26.5,0.0,0.0,25.1,99.4,28.4,24.3,0.0,22.3,0.0,23.3,0.0,21.1,27.3,23.4,25.2,24.7,0.0
1_112_NdmA,0.0,27.8,58.0,34.9,58.0,34.0,31.4,0.0,94.9,98.4,100.0,91.4,51.2,0.0,0.0,0.0,0.0,0.0,0.0,0.0,0.0,0.0,0.0,22.6,0.0,0.0,0.0,0.0,0.0,0.0,0.0,0.0,0.0,0.0,0.0,0.0,32.9,0.0,0.0,0.0,0.0,0.0,0.0,29.8,0.0,0.0,0.0,30.2,27.2,0.0,0.0,0.0,0.0,0.0,0.0,0.0,26.0,0.0,0.0,0.0,0.0
1_113_CdnA,0.0,37.4,72.4,70.3,48.5,32.8,32.8,28.8,97.6,88.1,91.4,100.0,89.4,0.0,0.0,0.0,0.0,0.0,0.0,22.0,23.6,0.0,23.2,0.0,0.0,0.0,0.0,0.0,0.0,0.0,0.0,0.0,0.0,0.0,0.0,0.0,29.6,0.0,0.0,25.0,0.0,26.9,0.0,28.0,0.0,0.0,23.5,31.8,31.5,0.0,0.0,23.2,0.0,26.2,0.0,0.0,28.0,0.0,24.1,28.9,0.0
1_114_NdmB,0.0,0.0,43.6,40.0,32.6,27.6,25.2,0.0,49.2,40.8,51.2,89.4,100.0,0.0,0.0,0.0,0.0,0.0,0.0,24.4,0.0,0.0,0.0,0.0,0.0,0.0,0.0,0.0,0.0,0.0,0.0,0.0,0.0,0.0,0.0,0.0,29.6,0.0,0.0,0.0,0.0,0.0,0.0,0.0,0.0,0.0,0.0,31.4,28.4,0.0,0.0,0.0,0.0,23.3,0.0,0.0,23.5,0.0,25.0,25.2,0.0
2_201_BphA1,0.0,0.0,0.0,0.0,0.0,0.0,0.0,0.0,0.0,0.0,0.0,0.0,0.0,100.0,92.4,74.9,37.0,65.5,64.8,37.3,64.8,68.5,29.7,28.1,39.4,47.4,49.2,43.8,33.1,33.3,0.0,37.3,33.6,30.4,41.3,34.7,0.0,37.5,37.8,38.0,34.9,38.2,38.3,33.4,28.9,29.7,31.4,0.0,0.0,29.1,30.3,29.2,28.6,25.7,24.3,0.0,36.6,26.7,35.9,75.8,0.0
2_202_EdoA1,0.0,0.0,0.0,0.0,0.0,0.0,0.0,0.0,0.0,0.0,0.0,0.0,0.0,92.4,100.0,99.8,36.4,66.6,65.9,36.7,65.2,70.5,31.2,29.9,39.8,48.2,50.2,43.7,34.8,33.6,0.0,38.4,34.6,29.6,42.6,34.1,0.0,38.3,38.5,38.3,34.8,37.2,39.0,32.6,30.2,28.9,32.1,0.0,0.0,29.5,30.3,30.1,28.2,0.0,0.0,0.0,24.9,25.5,28.2,28.3,0.0
2_203_cumA1,0.0,0.0,0.0,0.0,0.0,0.0,0.0,0.0,0.0,0.0,0.0,0.0,0.0,74.9,99.8,100.0,36.0,64.5,65.7,33.7,64.9,67.8,30.0,27.5,37.4,46.3,45.9,41.3,33.9,34.3,0.0,35.8,34.8,30.3,42.9,33.5,0.0,36.4,36.4,36.8,32.7,34.3,33.6,33.2,29.9,28.9,32.6,0.0,0.0,29.4,30.3,27.6,26.5,25.4,0.0,0.0,26.9,25.9,26.0,28.3,0.0
2_204_Dpe,0.0,0.0,0.0,0.0,0.0,0.0,0.0,0.0,0.0,0.0,0.0,0.0,0.0,37.0,36.4,36.0,100.0,38.1,36.5,38.7,36.4,38.7,32.8,31.7,35.7,38.4,40.2,37.0,31.6,34.5,0.0,34.3,33.6,30.4,35.5,35.9,0.0,36.3,36.3,38.9,37.4,36.1,32.0,32.3,31.3,31.1,32.5,0.0,0.0,29.6,26.5,31.1,31.3,23.1,0.0,0.0,24.8,28.7,29.0,28.2,0.0
2_208_TecA1,0.0,0.0,0.0,0.0,0.0,0.0,0.0,0.0,0.0,0.0,0.0,0.0,0.0,65.5,66.6,64.5,38.1,100.0,87.3,47.6,84.0,78.6,32.0,32.1,40.0,49.8,50.8,41.5,47.3,35.4,0.0,35.7,35.6,29.4,43.1,33.4,0.0,37.2,48.7,47.3,35.5,47.3,34.8,34.5,31.5,30.8,34.0,0.0,0.0,24.9,30.7,32.0,30.0,0.0,23.6,0.0,95.7,24.5,43.3,92.2,0.0
2_209_TDO,0.0,0.0,0.0,0.0,0.0,0.0,0.0,0.0,0.0,0.0,0.0,0.0,0.0,64.8,65.9,65.7,36.5,87.3,100.0,36.7,92.0,78.7,29.7,30.1,40.4,49.3,48.6,41.0,34.1,35.2,0.0,35.6,35.3,29.1,42.8,34.8,0.0,36.9,36.9,37.0,34.2,34.8,34.3,31.6,31.8,29.8,29.6,0.0,0.0,26.1,27.9,27.8,29.3,0.0,0.0,0.0,30.3,0.0,27.9,28.2,0.0
2_211_bfzA,0.0,0.0,0.0,0.0,24.7,0.0,0.0,0.0,0.0,0.0,0.0,22.0,24.4,37.3,36.7,33.7,38.7,47.6,36.7,100.0,45.6,38.0,35.0,33.5,36.4,38.0,47.5,53.6,61.3,35.3,0.0,52.2,35.0,31.3,36.0,32.7,0.0,37.0,62.4,63.1,36.4,61.8,35.1,43.5,32.4,31.9,34.9,0.0,0.0,29.3,32.1,31.7,34.2,28.2,31.5,0.0,89.0,39.3,69.0,73.9,0.0
2_212_BedC1,0.0,0.0,0.0,0.0,0.0,0.0,0.0,0.0,0.0,0.0,0.0,23.6,0.0,64.8,65.2,64.9,36.4,84.0,92.0,45.6,100.0,76.5,28.8,29.0,39.5,48.5,48.3,41.3,46.2,34.9,0.0,35.8,35.6,29.8,42.3,32.7,0.0,37.4,46.2,46.5,43.9,46.5,33.6,31.8,29.4,29.8,31.6,0.0,0.0,26.7,28.3,27.3,30.4,30.7,27.4,24.2,89.7,91.4,45.8,74.3,25.5
2_213_BphA1A2,0.0,0.0,0.0,0.0,0.0,0.0,22.0,0.0,0.0,0.0,0.0,0.0,0.0,68.5,70.5,67.8,38.7,78.6,78.7,38.0,76.5,100.0,32.8,34.0,40.0,49.1,53.5,71.7,33.4,36.0,0.0,38.8,36.0,30.7,44.9,34.7,0.0,37.2,37.4,37.7,35.8,38.3,35.0,32.3,32.0,34.2,34.2,0.0,0.0,27.5,31.0,30.4,29.0,25.0,20.6,22.0,31.4,29.0,29.9,27.8,0.0
2_214_TftA,0.0,0.0,22.3,24.2,24.5,0.0,0.0,0.0,24.4,24.0,0.0,23.2,0.0,29.7,31.2,30.0,32.8,32.0,29.7,35.0,28.8,32.8,100.0,58.1,31.1,30.8,33.2,55.4,28.5,35.8,0.0,45.6,33.0,33.0,30.8,32.0,0.0,30.7,32.7,32.5,32.2,36.0,30.7,38.7,35.7,66.4,73.2,0.0,0.0,40.0,31.4,71.8,41.5,29.1,36.4,26.8,40.6,37.0,43.5,48.0,25.3
2_215_cadA,0.0,0.0,0.0,0.0,0.0,0.0,0.0,0.0,22.1,22.4,22.6,0.0,0.0,28.1,29.9,27.5,31.7,32.1,30.1,33.5,29.0,34.0,58.1,100.0,29.2,29.1,33.7,31.3,26.7,29.9,0.0,31.1,30.0,28.4,29.9,27.7,0.0,29.2,31.1,29.9,30.1,30.4,28.6,36.6,37.2,32.5,36.4,0.0,0.0,41.5,30.2,42.8,42.1,0.0,24.2,0.0,26.3,29.1,27.5,28.8,25.1
2_216_BPDO,0.0,0.0,0.0,0.0,0.0,0.0,0.0,0.0,0.0,0.0,0.0,0.0,0.0,39.4,39.8,37.4,35.7,40.0,40.4,36.4,39.5,40.0,31.1,29.2,100.0,43.1,40.4,91.0,32.8,44.4,0.0,51.1,43.7,29.1,37.9,32.0,0.0,35.5,35.6,35.9,34.1,33.7,32.9,32.2,33.3,32.1,31.0,0.0,0.0,29.0,28.7,31.2,30.3,0.0,0.0,0.0,26.7,25.9,26.7,27.0,0.0
2_217_HcaE,0.0,0.0,0.0,0.0,0.0,0.0,0.0,0.0,0.0,0.0,0.0,0.0,0.0,47.4,48.2,46.3,38.4,49.8,49.3,38.0,48.5,49.1,30.8,29.1,43.1,100.0,51.5,42.4,31.7,37.8,0.0,40.7,35.3,28.1,41.1,33.1,0.0,38.4,38.4,36.9,36.5,35.9,35.8,32.5,32.3,32.3,31.7,0.0,0.0,30.8,27.7,30.9,29.6,0.0,0.0,0.0,29.4,26.8,28.6,28.5,0.0
2_218_BphA1,0.0,0.0,0.0,21.9,0.0,0.0,0.0,0.0,0.0,0.0,0.0,0.0,0.0,49.2,50.2,45.9,40.2,50.8,48.6,47.5,48.3,53.5,33.2,33.7,40.4,51.5,100.0,56.4,33.2,37.3,0.0,39.7,39.3,30.9,41.0,34.6,0.0,40.9,40.9,40.8,38.9,39.8,36.4,67.7,33.3,33.8,34.0,0.0,0.0,31.0,33.0,33.6,33.2,29.6,32.1,24.7,72.2,30.4,38.1,36.9,0.0
3_301_PhnA1a,0.0,0.0,0.0,0.0,25.6,0.0,24.8,0.0,0.0,0.0,0.0,0.0,0.0,43.8,43.7,41.3,37.0,41.5,41.0,53.6,41.3,71.7,55.4,31.3,91.0,42.4,56.4,100.0,37.4,42.1,0.0,53.4,44.0,32.0,40.3,33.8,0.0,36.5,39.0,38.3,35.9,46.2,33.1,31.8,32.5,33.2,32.1,0.0,0.0,28.6,30.3,30.9,30.3,29.5,27.2,24.4,40.6,39.9,51.9,43.3,0.0
3_302_DitA,0.0,0.0,0.0,0.0,0.0,0.0,0.0,0.0,0.0,0.0,0.0,0.0,0.0,33.1,34.8,33.9,31.6,47.3,34.1,61.3,46.2,33.4,28.5,26.7,32.8,31.7,33.2,37.4,100.0,33.5,0.0,34.2,31.3,30.1,33.3,33.7,0.0,36.2,78.1,80.0,35.3,59.9,33.7,29.6,30.6,28.2,31.0,0.0,0.0,27.0,29.4,30.0,29.8,0.0,0.0,0.0,73.7,26.0,38.1,46.1,0.0
3_303_NBDO,0.0,0.0,0.0,0.0,0.0,0.0,0.0,0.0,0.0,0.0,0.0,0.0,0.0,33.3,33.6,34.3,34.5,35.4,35.2,35.3,34.9,36.0,35.8,29.9,44.4,37.8,37.3,42.1,33.5,100.0,0.0,50.6,89.7,28.9,35.4,35.4,0.0,36.6,36.6,35.6,36.5,38.6,37.4,32.6,31.8,30.7,33.4,0.0,0.0,30.1,31.2,31.1,30.1,22.4,0.0,0.0,26.4,26.3,31.6,30.4,0.0
3_304_OMO,100.0,41.7,0.0,0.0,27.3,0.0,0.0,0.0,0.0,0.0,0.0,0.0,0.0,0.0,0.0,0.0,0.0,0.0,0.0,0.0,0.0,0.0,0.0,0.0,0.0,0.0,0.0,0.0,0.0,0.0,100.0,0.0,0.0,0.0,0.0,0.0,0.0,0.0,0.0,0.0,0.0,0.0,0.0,0.0,0.0,0.0,0.0,27.1,0.0,0.0,0.0,0.0,0.0,0.0,0.0,0.0,0.0,0.0,0.0,0.0,0.0
3_305_ArhA1,0.0,0.0,0.0,0.0,24.5,0.0,0.0,0.0,23.8,22.5,0.0,0.0,0.0,37.3,38.4,35.8,34.3,35.7,35.6,52.2,35.8,38.8,45.6,31.1,51.1,40.7,39.7,53.4,34.2,50.6,0.0,100.0,53.2,29.3,37.4,34.5,0.0,35.8,39.5,37.6,35.5,36.9,35.2,34.5,31.8,33.0,32.1,0.0,0.0,30.5,29.8,30.2,31.5,27.6,26.6,26.0,49.9,40.6,77.6,82.9,0.0
3_306_3NTDO,0.0,0.0,0.0,0.0,0.0,0.0,0.0,0.0,0.0,0.0,0.0,0.0,0.0,33.6,34.6,34.8,33.6,35.6,35.3,35.0,35.6,36.0,33.0,30.0,43.7,35.3,39.3,44.0,31.3,89.7,0.0,53.2,100.0,28.2,34.9,36.2,0.0,36.5,37.0,37.6,36.7,39.6,35.3,32.0,30.7,31.6,32.5,0.0,0.0,30.5,28.9,31.2,31.9,25.2,0.0,0.0,27.8,27.8,29.0,23.9,0.0
3_307_NagGH,0.0,0.0,0.0,0.0,22.1,0.0,0.0,0.0,0.0,22.6,0.0,0.0,0.0,30.4,29.6,30.3,30.4,29.4,29.1,31.3,29.8,30.7,33.0,28.4,29.1,28.1,30.9,32.0,30.1,28.9,0.0,29.3,28.2,100.0,25.9,32.3,0.0,29.5,30.3,30.6,31.1,29.4,26.7,33.4,30.7,30.4,32.8,0.0,23.9,27.9,50.1,30.8,27.7,26.4,28.8,24.1,28.9,26.5,29.0,28.7,0.0
3_308_DxnA1,0.0,0.0,0.0,0.0,0.0,0.0,0.0,0.0,0.0,0.0,0.0,0.0,0.0,41.3,42.6,42.9,35.5,43.1,42.8,36.0,42.3,44.9,30.8,29.9,37.9,41.1,41.0,40.3,33.3,35.4,0.0,37.4,34.9,25.9,100.0,33.1,0.0,33.6,34.7,35.2,33.3,32.7,33.0,30.0,28.4,29.7,31.0,0.0,0.0,27.6,28.0,29.7,33.9,25.1,29.5,0.0,28.0,0.0,28.5,27.7,0.0
3_311_PhtAa,0.0,0.0,23.9,0.0,0.0,0.0,0.0,0.0,0.0,0.0,0.0,0.0,0.0,34.7,34.1,33.5,35.9,33.4,34.8,32.7,32.7,34.7,32.0,27.7,32.0,33.1,34.6,33.8,33.7,35.4,0.0,34.5,36.2,32.3,33.1,100.0,0.0,47.6,47.6,48.3,42.0,43.9,39.5,32.4,32.0,27.9,32.5,0.0,0.0,30.9,26.7,31.1,31.5,0.0,0.0,0.0,30.7,23.8,28.0,28.3,26.8
3_313_KshA15,0.0,0.0,38.6,46.4,34.5,25.8,27.6,25.8,64.6,100.0,32.9,29.6,29.6,0.0,0.0,0.0,0.0,0.0,0.0,0.0,0.0,0.0,0.0,0.0,0.0,0.0,0.0,0.0,0.0,0.0,0.0,0.0,0.0,0.0,0.0,0.0,100.0,0.0,0.0,0.0,0.0,21.9,23.3,0.0,0.0,0.0,24.4,28.6,28.1,0.0,0.0,0.0,0.0,22.3,0.0,0.0,25.8,23.9,24.7,24.8,0.0
3_314_NDO,0.0,0.0,0.0,0.0,0.0,0.0,0.0,0.0,0.0,0.0,0.0,0.0,0.0,37.5,38.3,36.4,36.3,37.2,36.9,37.0,37.4,37.2,30.7,29.2,35.5,38.4,40.9,36.5,36.2,36.6,0.0,35.8,36.5,29.5,33.6,47.6,0.0,100.0,100.0,92.3,54.3,57.0,51.1,33.3,32.3,30.0,29.6,0.0,0.0,28.6,25.7,29.9,0.0,24.3,0.0,0.0,28.5,26.7,28.6,30.0,0.0
3_316_NarAa,0.0,0.0,0.0,24.3,0.0,0.0,0.0,0.0,0.0,0.0,0.0,0.0,0.0,37.8,38.5,36.4,36.3,48.7,36.9,62.4,46.2,37.4,32.7,31.1,35.6,38.4,40.9,39.0,78.1,36.6,0.0,39.5,37.0,30.3,34.7,47.6,0.0,100.0,100.0,92.3,54.3,65.4,51.7,45.2,33.2,76.6,35.7,0.0,0.0,29.8,30.1,30.8,31.5,28.9,30.2,25.5,77.7,31.8,53.7,48.8,0.0
3_317_NidA,0.0,0.0,0.0,0.0,0.0,0.0,0.0,0.0,0.0,0.0,0.0,25.0,0.0,38.0,38.3,36.8,38.9,47.3,37.0,63.1,46.5,37.7,32.5,29.9,35.9,36.9,40.8,38.3,80.0,35.6,0.0,37.6,37.6,30.6,35.2,48.3,0.0,92.3,92.3,100.0,53.8,70.2,52.7,36.0,33.2,32.9,35.4,0.0,0.0,29.3,29.4,30.0,32.6,26.5,24.7,0.0,74.0,28.4,42.8,46.8,0.0
3_318_NidA,0.0,0.0,0.0,0.0,0.0,0.0,0.0,0.0,0.0,0.0,0.0,0.0,0.0,34.9,34.8,32.7,37.4,35.5,34.2,36.4,43.9,35.8,32.2,30.1,34.1,36.5,38.9,35.9,35.3,36.5,0.0,35.5,36.7,31.1,33.3,42.0,0.0,54.3,54.3,53.8,100.0,61.4,53.3,35.0,31.6,29.0,32.5,0.0,0.0,29.7,29.9,31.7,29.9,23.0,0.0,0.0,72.1,25.7,75.7,89.3,0.0
3_319_PhdA,0.0,0.0,0.0,26.8,20.5,0.0,0.0,0.0,0.0,0.0,0.0,26.9,0.0,38.2,37.2,34.3,36.1,47.3,34.8,61.8,46.5,38.3,36.0,30.4,33.7,35.9,39.8,46.2,59.9,38.6,0.0,36.9,39.6,29.4,32.7,43.9,21.9,57.0,65.4,70.2,61.4,100.0,63.7,35.2,30.1,36.4,36.8,0.0,0.0,29.0,30.1,30.3,28.6,30.4,36.0,26.2,59.5,33.2,56.3,78.4,0.0
3_320_NidA3,0.0,0.0,0.0,0.0,0.0,0.0,0.0,0.0,0.0,0.0,0.0,0.0,0.0,38.3,39.0,33.6,32.0,34.8,34.3,35.1,33.6,35.0,30.7,28.6,32.9,35.8,36.4,33.1,33.7,37.4,0.0,35.2,35.3,26.7,33.0,39.5,23.3,51.1,51.7,52.7,53.3,63.7,100.0,32.6,30.7,31.1,31.3,0.0,0.0,28.6,28.1,29.2,27.3,0.0,0.0,0.0,75.7,28.1,75.9,74.7,0.0
4_401_CmtAb,0.0,0.0,26.7,27.9,27.3,22.1,0.0,0.0,0.0,26.5,29.8,28.0,0.0,33.4,32.6,33.2,32.3,34.5,31.6,43.5,31.8,32.3,38.7,36.6,32.2,32.5,67.7,31.8,29.6,32.6,0.0,34.5,32.0,33.4,30.0,32.4,0.0,33.3,45.2,36.0,35.0,35.2,32.6,100.0,61.0,37.4,36.9,0.0,0.0,35.8,31.3,38.3,37.0,32.3,39.9,25.5,68.3,35.7,56.6,90.2,28.8
4_402_PsbAb,0.0,0.0,0.0,0.0,0.0,0.0,0.0,0.0,0.0,0.0,0.0,0.0,0.0,28.9,30.2,29.9,31.3,31.5,31.8,32.4,29.4,32.0,35.7,37.2,33.3,32.3,33.3,32.5,30.6,31.8,0.0,31.8,30.7,30.7,28.4,32.0,0.0,32.3,33.2,33.2,31.6,30.1,30.7,61.0,100.0,32.8,34.2,0.0,0.0,34.3,29.8,35.9,33.7,0.0,0.0,0.0,27.9,27.8,28.5,29.4,0.0
4_403_AtdA,0.0,0.0,20.5,22.7,22.1,28.1,0.0,0.0,0.0,0.0,0.0,0.0,0.0,29.7,28.9,28.9,31.1,30.8,29.8,31.9,29.8,34.2,66.4,32.5,32.1,32.3,33.8,33.2,28.2,30.7,0.0,33.0,31.6,30.4,29.7,27.9,0.0,30.0,76.6,32.9,29.0,36.4,31.1,37.4,32.8,100.0,92.4,22.4,0.0,32.3,33.7,80.6,34.6,28.1,32.9,0.0,46.8,32.6,36.8,36.3,23.9
4_404_TdnA1,0.0,0.0,0.0,0.0,26.3,0.0,22.9,0.0,0.0,25.1,0.0,23.5,0.0,31.4,32.1,32.6,32.5,34.0,29.6,34.9,31.6,34.2,73.2,36.4,31.0,31.7,34.0,32.1,31.0,33.4,0.0,32.1,32.5,32.8,31.0,32.5,24.4,29.6,35.7,35.4,32.5,36.8,31.3,36.9,34.2,92.4,100.0,0.0,0.0,34.4,31.7,95.6,36.3,29.9,32.1,25.1,72.9,29.0,36.1,45.7,0.0
4_405_ROCH34,0.0,25.5,40.1,44.5,41.0,98.0,35.6,34.2,34.3,99.4,30.2,31.8,31.4,0.0,0.0,0.0,0.0,0.0,0.0,0.0,0.0,0.0,0.0,0.0,0.0,0.0,0.0,0.0,0.0,0.0,27.1,0.0,0.0,0.0,0.0,0.0,28.6,0.0,0.0,0.0,0.0,0.0,0.0,0.0,0.0,22.4,0.0,100.0,81.9,0.0,0.0,0.0,0.0,0.0,0.0,0.0,24.8,0.0,23.2,0.0,0.0
4_406_PDO,0.0,27.4,29.1,29.1,32.3,26.2,34.0,35.2,31.2,28.4,27.2,31.5,28.4,0.0,0.0,0.0,0.0,0.0,0.0,0.0,0.0,0.0,0.0,0.0,0.0,0.0,0.0,0.0,0.0,0.0,0.0,0.0,0.0,23.9,0.0,0.0,28.1,0.0,0.0,0.0,0.0,0.0,0.0,0.0,0.0,0.0,0.0,81.9,100.0,0.0,0.0,0.0,0.0,0.0,0.0,0.0,0.0,21.1,0.0,0.0,0.0
4_408_AntA,0.0,0.0,0.0,0.0,0.0,0.0,0.0,0.0,0.0,24.3,0.0,0.0,0.0,29.1,29.5,29.4,29.6,24.9,26.1,29.3,26.7,27.5,40.0,41.5,29.0,30.8,31.0,28.6,27.0,30.1,0.0,30.5,30.5,27.9,27.6,30.9,0.0,28.6,29.8,29.3,29.7,29.0,28.6,35.8,34.3,32.3,34.4,0.0,0.0,100.0,28.5,49.3,47.8,27.1,0.0,0.0,31.2,25.7,26.2,0.0,0.0
4_409_TPDO,0.0,0.0,0.0,0.0,0.0,0.0,0.0,0.0,0.0,0.0,0.0,0.0,0.0,30.3,30.3,30.3,26.5,30.7,27.9,32.1,28.3,31.0,31.4,30.2,28.7,27.7,33.0,30.3,29.4,31.2,0.0,29.8,28.9,50.1,28.0,26.7,0.0,25.7,30.1,29.4,29.9,30.1,28.1,31.3,29.8,33.7,31.7,0.0,0.0,28.5,100.0,30.2,29.3,28.6,29.2,0.0,30.3,29.4,29.8,29.9,0.0
4_410_CbdC,0.0,0.0,0.0,0.0,0.0,0.0,0.0,0.0,0.0,22.3,0.0,23.2,0.0,29.2,30.1,27.6,31.1,32.0,27.8,31.7,27.3,30.4,71.8,42.8,31.2,30.9,33.6,30.9,30.0,31.1,0.0,30.2,31.2,30.8,29.7,31.1,0.0,29.9,30.8,30.0,31.7,30.3,29.2,38.3,35.9,80.6,95.6,0.0,0.0,49.3,30.2,100.0,61.8,25.7,23.6,0.0,27.7,26.3,28.1,28.2,0.0
4_411_XylX,0.0,0.0,0.0,0.0,0.0,0.0,0.0,0.0,0.0,0.0,0.0,0.0,0.0,28.6,28.2,26.5,31.3,30.0,29.3,34.2,30.4,29.0,41.5,42.1,30.3,29.6,33.2,30.3,29.8,30.1,0.0,31.5,31.9,27.7,33.9,31.5,0.0,0.0,31.5,32.6,29.9,28.6,27.3,37.0,33.7,34.6,36.3,0.0,0.0,47.8,29.3,61.8,100.0,0.0,0.0,0.0,26.5,24.1,26.3,28.1,0.0
5_501_CmoS,0.0,0.0,22.5,0.0,21.6,22.6,0.0,25.2,21.5,23.3,0.0,26.2,23.3,25.7,0.0,25.4,23.1,0.0,0.0,28.2,30.7,25.0,29.1,0.0,0.0,0.0,29.6,29.5,0.0,22.4,0.0,27.6,25.2,26.4,25.1,0.0,22.3,24.3,28.9,26.5,23.0,30.4,0.0,32.3,0.0,28.1,29.9,0.0,0.0,27.1,28.6,25.7,0.0,100.0,85.3,73.9,63.5,84.1,62.1,70.7,28.4
5_502_CmoB,0.0,0.0,0.0,24.5,25.5,0.0,0.0,0.0,0.0,0.0,0.0,0.0,0.0,24.3,0.0,0.0,0.0,23.6,0.0,31.5,27.4,20.6,36.4,24.2,0.0,0.0,32.1,27.2,0.0,0.0,0.0,26.6,0.0,28.8,29.5,0.0,0.0,0.0,30.2,24.7,0.0,36.0,0.0,39.9,0.0,32.9,32.1,0.0,0.0,0.0,29.2,23.6,0.0,85.3,100.0,71.9,87.7,64.8,62.9,68.2,24.7
5_503_CmoA,0.0,0.0,0.0,0.0,0.0,0.0,0.0,0.0,0.0,21.1,0.0,0.0,0.0,0.0,0.0,0.0,0.0,0.0,0.0,0.0,24.2,22.0,26.8,0.0,0.0,0.0,24.7,24.4,0.0,0.0,0.0,26.0,0.0,24.1,0.0,0.0,0.0,0.0,25.5,0.0,0.0,26.2,0.0,25.5,0.0,0.0,25.1,0.0,0.0,0.0,0.0,0.0,0.0,73.9,71.9,100.0,59.1,54.0,82.9,59.0,0.0
5_504_CntA,0.0,0.0,25.8,27.5,29.3,23.0,24.3,0.0,25.9,27.3,26.0,28.0,23.5,36.6,24.9,26.9,24.8,95.7,30.3,89.0,89.7,31.4,40.6,26.3,26.7,29.4,72.2,40.6,73.7,26.4,0.0,49.9,27.8,28.9,28.0,30.7,25.8,28.5,77.7,74.0,72.1,59.5,75.7,68.3,27.9,46.8,72.9,24.8,0.0,31.2,30.3,27.7,26.5,63.5,87.7,59.1,100.0,78.8,89.1,90.4,30.1
5_505_qxyA,0.0,0.0,22.7,0.0,25.4,0.0,0.0,0.0,23.7,23.4,0.0,0.0,0.0,26.7,25.5,25.9,28.7,24.5,0.0,39.3,91.4,29.0,37.0,29.1,25.9,26.8,30.4,39.9,26.0,26.3,0.0,40.6,27.8,26.5,0.0,23.8,23.9,26.7,31.8,28.4,25.7,33.2,28.1,35.7,27.8,32.6,29.0,0.0,21.1,25.7,29.4,26.3,24.1,84.1,64.8,54.0,78.8,100.0,72.6,70.7,29.0
5_506_Stc2,0.0,0.0,25.7,26.0,25.3,25.0,0.0,0.0,23.3,25.2,0.0,24.1,25.0,35.9,28.2,26.0,29.0,43.3,27.9,69.0,45.8,29.9,43.5,27.5,26.7,28.6,38.1,51.9,38.1,31.6,0.0,77.6,29.0,29.0,28.5,28.0,24.7,28.6,53.7,42.8,75.7,56.3,75.9,56.6,28.5,36.8,36.1,23.2,0.0,26.2,29.8,28.1,26.3,62.1,62.9,82.9,89.1,72.6,100.0,87.9,51.1
5_507_BmoA,0.0,0.0,24.4,24.8,26.0,20.6,0.0,0.0,26.5,24.7,0.0,28.9,25.2,75.8,28.3,28.3,28.2,92.2,28.2,73.9,74.3,27.8,48.0,28.8,27.0,28.5,36.9,43.3,46.1,30.4,0.0,82.9,23.9,28.7,27.7,28.3,24.8,30.0,48.8,46.8,89.3,78.4,74.7,90.2,29.4,36.3,45.7,0.0,0.0,0.0,29.9,28.2,28.1,70.7,68.2,59.0,90.4,70.7,87.9,100.0,68.8
5_508_GbcA,0.0,0.0,0.0,0.0,0.0,0.0,0.0,0.0,0.0,0.0,0.0,0.0,0.0,0.0,0.0,0.0,0.0,0.0,0.0,0.0,25.5,0.0,25.3,25.1,0.0,0.0,0.0,0.0,0.0,0.0,0.0,0.0,0.0,0.0,0.0,26.8,0.0,0.0,0.0,0.0,0.0,0.0,0.0,28.8,0.0,23.9,0.0,0.0,0.0,0.0,0.0,0.0,0.0,28.4,24.7,0.0,30.1,29.0,51.1,68.8,100.0
