cluster,n,profile,count,fraction
3_313_KshA15,1345,α3 · Fd:none · Red:none,939,0.698
3_313_KshA15,1345,α3 · Fd:none · Red:GR,292,0.217
3_313_KshA15,1345,α3 · Fd:none · Red:FNR,70,0.052
3_313_KshA15,1345,α3 · Fd:none · Red:FNR+GR,22,0.016
3_313_KshA15,1345,α3 · Fd:rieske · Red:none,7,0.005
3_313_KshA15,1345,α3 · Fd:rieske · Red:FNR,5,0.004
3_313_KshA15,1345,α3 · Fd:plant · Red:GR,4,0.003
3_313_KshA15,1345,α3 · Fd:plant · Red:none,4,0.003
3_313_KshA15,1345,α3 · Fd:plant · Red:FNR+GR,1,0.001
3_313_KshA15,1345,α3 · Fd:rieske · Red:GR,1,0.001
5_504_CntA,1210,α3 · Fd:none · Red:none,801,0.662
5_504_CntA,1210,α3 · Fd:none · Red:GR,220,0.182
5_504_CntA,1210,α3 · Fd:none · Red:FNR,127,0.105
5_504_CntA,1210,α3 · Fd:rieske · Red:none,21,0.017
5_504_CntA,1210,α3 · Fd:plant · Red:none,20,0.017
5_504_CntA,1210,α3 · Fd:plant · Red:GR,7,0.006
5_504_CntA,1210,α3 · Fd:rieske · Red:FNR,3,0.002
5_504_CntA,1210,α3 · Fd:rieske · Red:GR,3,0.002
5_504_CntA,1210,α3 · Fd:none · Red:FNR+GR,3,0.002
5_504_CntA,1210,α3 · Fd:plant · Red:FNR,2,0.002
5_504_CntA,1210,α3β3 · Fd:none · Red:FNR,1,0.001
5_504_CntA,1210,α3 · Fd:plant+rieske · Red:GR,1,0.001
5_504_CntA,1210,α3β3 · Fd:none · Red:none,1,0.001
1_104_VanA,1169,α3 · Fd:none · Red:none,619,0.53
1_104_VanA,1169,α3 · Fd:rieske · Red:GR,288,0.246
1_104_VanA,1169,α3 · Fd:none · Red:FNR,143,0.122
1_104_VanA,1169,α3 · Fd:none · Red:GR,71,0.061
1_104_VanA,1169,α3 · Fd:rieske · Red:none,13,0.011
1_104_VanA,1169,α3 · Fd:none · Red:FNR+GR,12,0.01
1_104_VanA,1169,α3 · Fd:plant · Red:none,10,0.009
1_104_VanA,1169,α3 · Fd:plant · Red:GR,6,0.005
1_104_VanA,1169,α3 · Fd:plant · Red:FNR,3,0.003
1_104_VanA,1169,α3β3 · Fd:rieske · Red:FNR+GR,2,0.002
1_104_VanA,1169,α3β3 · Fd:none · Red:FNR+GR,1,0.001
1_104_VanA,1169,α3β3 · Fd:rieske · Red:none,1,0.001
5_506_Stc2,903,α3 · Fd:none · Red:none,286,0.317
5_506_Stc2,903,α3 · Fd:none · Red:FNR,244,0.27
5_506_Stc2,903,α3 · Fd:none · Red:FNR+GR,198,0.219
5_506_Stc2,903,α3 · Fd:none · Red:GR,83,0.092
5_506_Stc2,903,α3 · Fd:rieske · Red:GR,70,0.078
5_506_Stc2,903,α3 · Fd:rieske · Red:none,10,0.011
5_506_Stc2,903,α3 · Fd:plant · Red:none,7,0.008
5_506_Stc2,903,α3 · Fd:plant · Red:GR,3,0.003
5_506_Stc2,903,α3 · Fd:plant · Red:FNR+GR,1,0.001
5_506_Stc2,903,α3 · Fd:rieske · Red:FNR+GR,1,0.001
1_106_TsaM,655,α3 · Fd:none · Red:none,373,0.569
1_106_TsaM,655,α3 · Fd:none · Red:FNR,142,0.217
1_106_TsaM,655,α3 · Fd:none · Red:GR,83,0.127
1_106_TsaM,655,α3 · Fd:plant · Red:none,16,0.024
1_106_TsaM,655,α3 · Fd:none · Red:FNR+GR,12,0.018
1_106_TsaM,655,α3 · Fd:rieske · Red:GR,12,0.018
1_106_TsaM,655,α3 · Fd:plant · Red:GR,6,0.009
1_106_TsaM,655,α3 · Fd:plant · Red:FNR,3,0.005
1_106_TsaM,655,α3 · Fd:rieske · Red:FNR+GR,2,0.003
1_106_TsaM,655,α3 · Fd:rieske · Red:none,2,0.003
1_106_TsaM,655,α3β3 · Fd:none · Red:FNR,1,0.002
1_106_TsaM,655,α3β3 · Fd:rieske · Red:FNR+GR,1,0.002
1_106_TsaM,655,α3β3 · Fd:none · Red:none,1,0.002
1_106_TsaM,655,α3β3 · Fd:rieske · Red:FNR,1,0.002
5_507_BmoA,610,α3 · Fd:none · Red:none,285,0.467
5_507_BmoA,610,α3 · Fd:rieske · Red:GR,100,0.164
5_507_BmoA,610,α3 · Fd:none · Red:GR,77,0.126
5_507_BmoA,610,α3 · Fd:none · Red:FNR+GR,63,0.103
5_507_BmoA,610,α3 · Fd:none · Red:FNR,43,0.07
5_507_BmoA,610,α3 · Fd:rieske · Red:none,14,0.023
5_507_BmoA,610,α3 · Fd:plant · Red:none,14,0.023
5_507_BmoA,610,α3 · Fd:plant · Red:GR,4,0.007
5_507_BmoA,610,α3β3 · Fd:none · Red:FNR+GR,3,0.005
5_507_BmoA,610,α3β3 · Fd:rieske · Red:FNR,2,0.003
5_507_BmoA,610,α3 · Fd:plant · Red:FNR,2,0.003
5_507_BmoA,610,α3 · Fd:rieske · Red:FNR+GR,2,0.003
5_507_BmoA,610,α3 · Fd:plant+rieske · Red:none,1,0.002
4_404_TdnA1,425,α3β3 · Fd:none · Red:none,323,0.76
4_404_TdnA1,425,α3β3 · Fd:none · Red:FNR,63,0.148
4_404_TdnA1,425,α3β3 · Fd:none · Red:GR,13,0.031
4_404_TdnA1,425,α3β3 · Fd:plant · Red:GR,9,0.021
4_404_TdnA1,425,α3β3 · Fd:plant · Red:none,7,0.016
4_404_TdnA1,425,α3 · Fd:none · Red:none,3,0.007
4_404_TdnA1,425,α3β3 · Fd:plant · Red:FNR,2,0.005
4_404_TdnA1,425,α3β3 · Fd:rieske · Red:GR,2,0.005
4_404_TdnA1,425,α3β3 · Fd:rieske · Red:none,1,0.002
4_404_TdnA1,425,α3β3 · Fd:none · Red:FNR+GR,1,0.002
4_404_TdnA1,425,α3 · Fd:none · Red:GR,1,0.002
4_411_XylX,422,α3β3 · Fd:none · Red:FNR,280,0.664
4_411_XylX,422,α3 · Fd:none · Red:FNR,43,0.102
4_411_XylX,422,α3β3 · Fd:none · Red:FNR+GR,42,0.1
4_411_XylX,422,α3β3 · Fd:plant · Red:FNR,22,0.052
4_411_XylX,422,α3β3 · Fd:rieske · Red:none,19,0.045
4_411_XylX,422,α3β3 · Fd:none · Red:none,8,0.019
4_411_XylX,422,α3β3 · Fd:rieske · Red:FNR,3,0.007
4_411_XylX,422,α3 · Fd:none · Red:none,2,0.005
4_411_XylX,422,α3β3 · Fd:plant · Red:none,1,0.002
4_411_XylX,422,α3β3 · Fd:rieske · Red:FNR+GR,1,0.002
4_411_XylX,422,α3 · Fd:none · Red:FNR+GR,1,0.002
1_105_DdmC,401,α3 · Fd:none · Red:none,372,0.928
1_105_DdmC,401,α3 · Fd:none · Red:GR,18,0.045
1_105_DdmC,401,α3β3 · Fd:none · Red:none,4,0.01
1_105_DdmC,401,α3 · Fd:none · Red:FNR,3,0.007
1_105_DdmC,401,α3 · Fd:plant · Red:none,2,0.005
1_105_DdmC,401,α3 · Fd:rieske · Red:GR,1,0.002
1_105_DdmC,401,α3β3 · Fd:none · Red:GR,1,0.002
1_113_CdnA,401,α3 · Fd:none · Red:none,309,0.771
1_113_CdnA,401,α3 · Fd:none · Red:GR,48,0.12
1_113_CdnA,401,α3 · Fd:none · Red:FNR,23,0.057
1_113_CdnA,401,α3 · Fd:plant · Red:none,12,0.03
1_113_CdnA,401,α3 · Fd:rieske · Red:none,4,0.01
1_113_CdnA,401,α3 · Fd:plant · Red:GR,1,0.002
1_113_CdnA,401,α3 · Fd:plant · Red:FNR,1,0.002
1_113_CdnA,401,α3β3 · Fd:rieske · Red:GR,1,0.002
1_113_CdnA,401,α3β3 · Fd:none · Red:FNR,1,0.002
1_113_CdnA,401,α3 · Fd:none · Red:FNR+GR,1,0.002
5_508_GbcA,336,α3 · Fd:none · Red:FNR+GR,268,0.798
5_508_GbcA,336,α3 · Fd:none · Red:FNR,66,0.196
5_508_GbcA,336,α3 · Fd:none · Red:none,2,0.006
5_501_CmoS,288,α3 · Fd:none · Red:none,167,0.58
5_501_CmoS,288,α3 · Fd:none · Red:GR,117,0.406
5_501_CmoS,288,α3 · Fd:none · Red:FNR,3,0.01
5_501_CmoS,288,α3 · Fd:plant · Red:none,1,0.003
4_409_TPDO,273,α3β3 · Fd:rieske · Red:GR,92,0.337
4_409_TPDO,273,α3β3 · Fd:rieske · Red:none,42,0.154
4_409_TPDO,273,α3β3 · Fd:none · Red:FNR,32,0.117
4_409_TPDO,273,α3β3 · Fd:plant+rieske · Red:none,28,0.103
4_409_TPDO,273,α3β3 · Fd:none · Red:GR,25,0.092
4_409_TPDO,273,α3β3 · Fd:none · Red:none,22,0.081
4_409_TPDO,273,α3β3 · Fd:plant · Red:GR,6,0.022
4_409_TPDO,273,α3 · Fd:none · Red:none,5,0.018
4_409_TPDO,273,α3β3 · Fd:rieske · Red:FNR,4,0.015
4_409_TPDO,273,α3β3 · Fd:rieske · Red:FNR+GR,4,0.015
4_409_TPDO,273,α3β3 · Fd:none · Red:FNR+GR,4,0.015
4_409_TPDO,273,α3β3 · Fd:plant+rieske · Red:GR,2,0.007
4_409_TPDO,273,α3β3 · Fd:plant · Red:none,1,0.004
4_409_TPDO,273,α3 · Fd:none · Red:GR,1,0.004
4_409_TPDO,273,α3β3 · Fd:plant · Red:FNR,1,0.004
4_409_TPDO,273,α3 · Fd:rieske · Red:none,1,0.004
4_409_TPDO,273,α3β3 · Fd:plant+rieske · Red:FNR,1,0.004
4_409_TPDO,273,α3β3 · Fd:plant · Red:FNR+GR,1,0.004
4_409_TPDO,273,α3 · Fd:none · Red:FNR,1,0.004
4_410_CbdC,243,α3β3 · Fd:none · Red:FNR,187,0.77
4_410_CbdC,243,α3β3 · Fd:none · Red:FNR+GR,13,0.053
4_410_CbdC,243,α3β3 · Fd:rieske · Red:none,12,0.049
4_410_CbdC,243,α3β3 · Fd:none · Red:none,11,0.045
4_410_CbdC,243,α3β3 · Fd:rieske · Red:FNR+GR,6,0.025
4_410_CbdC,243,α3β3 · Fd:plant+rieske · Red:none,4,0.016
4_410_CbdC,243,α3β3 · Fd:plant · Red:none,2,0.008
4_410_CbdC,243,α3β3 · Fd:plant · Red:GR,2,0.008
4_410_CbdC,243,α3β3 · Fd:none · Red:GR,2,0.008
4_410_CbdC,243,α3 · Fd:none · Red:FNR,2,0.008
4_410_CbdC,243,α3β3 · Fd:plant+rieske · Red:FNR+GR,1,0.004
4_410_CbdC,243,α3β3 · Fd:plant · Red:FNR,1,0.004
1_111_GxtA,234,α3 · Fd:none · Red:none,218,0.932
1_111_GxtA,234,α3 · Fd:plant · Red:none,10,0.043
1_111_GxtA,234,α3 · Fd:none · Red:GR,3,0.013
1_111_GxtA,234,α3 · Fd:plant · Red:FNR,1,0.004
1_111_GxtA,234,α3 · Fd:none · Red:FNR,1,0.004
1_111_GxtA,234,α3 · Fd:rieske · Red:none,1,0.004
1_110_SxtT,188,α3 · Fd:none · Red:none,149,0.793
1_110_SxtT,188,α3 · Fd:none · Red:GR,17,0.09
1_110_SxtT,188,α3 · Fd:none · Red:FNR,11,0.059
1_110_SxtT,188,α3 · Fd:plant · Red:none,8,0.043
1_110_SxtT,188,α3 · Fd:rieske · Red:none,2,0.011
1_110_SxtT,188,α3 · Fd:plant · Red:GR,1,0.005
4_406_PDO,184,α3 · Fd:none · Red:none,75,0.408
4_406_PDO,184,α3 · Fd:none · Red:FNR,49,0.266
4_406_PDO,184,α3 · Fd:none · Red:GR,14,0.076
4_406_PDO,184,α3 · Fd:plant · Red:GR,13,0.071
4_406_PDO,184,α3 · Fd:rieske · Red:none,9,0.049
4_406_PDO,184,α3 · Fd:plant · Red:none,5,0.027
4_406_PDO,184,α3 · Fd:rieske · Red:FNR,4,0.022
4_406_PDO,184,α3 · Fd:rieske · Red:GR,4,0.022
4_406_PDO,184,α3β3 · Fd:none · Red:FNR,3,0.016
4_406_PDO,184,α3 · Fd:rieske · Red:FNR+GR,3,0.016
4_406_PDO,184,α3 · Fd:plant+rieske · Red:none,1,0.005
4_406_PDO,184,α3 · Fd:none · Red:FNR+GR,1,0.005
4_406_PDO,184,α3β3 · Fd:plant+rieske · Red:FNR,1,0.005
4_406_PDO,184,α3β3 · Fd:plant · Red:GR,1,0.005
4_406_PDO,184,α3 · Fd:plant · Red:FNR,1,0.005
4_408_AntA,184,α3β3 · Fd:none · Red:FNR,170,0.924
4_408_AntA,184,α3β3 · Fd:none · Red:FNR+GR,6,0.033
4_408_AntA,184,α3β3 · Fd:none · Red:none,4,0.022
4_408_AntA,184,α3β3 · Fd:rieske · Red:FNR+GR,2,0.011
4_408_AntA,184,α3 · Fd:none · Red:none,1,0.005
4_408_AntA,184,α3β3 · Fd:none · Red:GR,1,0.005
4_405_ROCH34,182,α3 · Fd:none · Red:none,90,0.495
4_405_ROCH34,182,α3 · Fd:none · Red:FNR,27,0.148
4_405_ROCH34,182,α3 · Fd:plant · Red:GR,19,0.104
4_405_ROCH34,182,α3 · Fd:plant · Red:none,13,0.071
4_405_ROCH34,182,α3 · Fd:none · Red:GR,7,0.038
4_405_ROCH34,182,α3 · Fd:rieske · Red:GR,5,0.027
4_405_ROCH34,182,α3 · Fd:rieske · Red:none,5,0.027
4_405_ROCH34,182,α3 · Fd:rieske · Red:FNR,4,0.022
4_405_ROCH34,182,α3β3 · Fd:none · Red:FNR,4,0.022
4_405_ROCH34,182,α3β3 · Fd:none · Red:none,3,0.016
4_405_ROCH34,182,α3 · Fd:rieske · Red:FNR+GR,3,0.016
4_405_ROCH34,182,α3 · Fd:plant+rieske · Red:GR,1,0.005
4_405_ROCH34,182,α3β3 · Fd:plant · Red:GR,1,0.005
2_217_HcaE,178,α3β3 · Fd:rieske · Red:GR,141,0.792
2_217_HcaE,178,α3β3 · Fd:rieske · Red:FNR+GR,27,0.152
2_217_HcaE,178,α3β3 · Fd:rieske · Red:none,8,0.045
2_217_HcaE,178,α3β3 · Fd:none · Red:FNR,1,0.006
2_217_HcaE,178,α3β3 · Fd:none · Red:none,1,0.006
3_307_NagGH,174,α3β3 · Fd:rieske · Red:GR,55,0.316
3_307_NagGH,174,α3β3 · Fd:rieske · Red:FNR,48,0.276
3_307_NagGH,174,α3β3 · Fd:rieske · Red:none,44,0.253
3_307_NagGH,174,α3β3 · Fd:rieske · Red:FNR+GR,10,0.057
3_307_NagGH,174,α3β3 · Fd:none · Red:none,9,0.052
3_307_NagGH,174,α3 · Fd:none · Red:none,4,0.023
3_307_NagGH,174,α3β3 · Fd:plant · Red:GR,1,0.006
3_307_NagGH,174,α3β3 · Fd:none · Red:FNR,1,0.006
3_307_NagGH,174,α3 · Fd:rieske · Red:GR,1,0.006
3_307_NagGH,174,α3β3 · Fd:none · Red:GR,1,0.006
3_311_PhtAa,126,α3β3 · Fd:none · Red:none,72,0.571
3_311_PhtAa,126,α3β3 · Fd:none · Red:GR,36,0.286
3_311_PhtAa,126,α3 · Fd:none · Red:none,11,0.087
3_311_PhtAa,126,α3β3 · Fd:none · Red:FNR+GR,5,0.04
3_311_PhtAa,126,α3 · Fd:none · Red:GR,1,0.008
3_311_PhtAa,126,α3 · Fd:rieske · Red:GR,1,0.008
4_403_AtdA,115,α3 · Fd:none · Red:none,47,0.409
4_403_AtdA,115,α3β3 · Fd:none · Red:FNR,30,0.261
4_403_AtdA,115,α3β3 · Fd:none · Red:none,28,0.243
4_403_AtdA,115,α3 · Fd:none · Red:GR,5,0.043
4_403_AtdA,115,α3β3 · Fd:rieske · Red:GR,2,0.017
4_403_AtdA,115,α3β3 · Fd:rieske · Red:FNR,1,0.009
4_403_AtdA,115,α3β3 · Fd:none · Red:FNR+GR,1,0.009
4_403_AtdA,115,α3β3 · Fd:plant · Red:GR,1,0.009
4_401_CmtAb,107,α3 · Fd:none · Red:none,43,0.402
4_401_CmtAb,107,α3β3 · Fd:none · Red:none,25,0.234
4_401_CmtAb,107,α3β3 · Fd:rieske · Red:GR,8,0.075
4_401_CmtAb,107,α3β3 · Fd:none · Red:GR,8,0.075
4_401_CmtAb,107,α3β3 · Fd:rieske · Red:FNR,5,0.047
4_401_CmtAb,107,α3 · Fd:none · Red:FNR,3,0.028
4_401_CmtAb,107,α3 · Fd:plant · Red:GR,2,0.019
4_401_CmtAb,107,α3 · Fd:rieske · Red:none,2,0.019
4_401_CmtAb,107,α3β3 · Fd:rieske · Red:none,2,0.019
4_401_CmtAb,107,α3β3 · Fd:rieske · Red:FNR+GR,2,0.019
4_401_CmtAb,107,α3 · Fd:none · Red:GR,1,0.009
4_401_CmtAb,107,α3 · Fd:plant · Red:none,1,0.009
4_401_CmtAb,107,α3β3 · Fd:plant · Red:GR,1,0.009
4_401_CmtAb,107,α3β3 · Fd:none · Red:FNR,1,0.009
4_401_CmtAb,107,α3 · Fd:plant+rieske · Red:FNR,1,0.009
4_401_CmtAb,107,α3β3 · Fd:plant · Red:none,1,0.009
4_401_CmtAb,107,α3 · Fd:plant+rieske · Red:GR,1,0.009
5_505_qxyA,95,α3 · Fd:none · Red:none,80,0.842
5_505_qxyA,95,α3 · Fd:none · Red:GR,8,0.084
5_505_qxyA,95,α3 · Fd:none · Red:FNR,2,0.021
5_505_qxyA,95,α3 · Fd:plant · Red:none,2,0.021
5_505_qxyA,95,α3β3 · Fd:none · Red:FNR,1,0.011
5_505_qxyA,95,α3 · Fd:none · Red:FNR+GR,1,0.011
5_505_qxyA,95,α3β3 · Fd:none · Red:none,1,0.011
3_301_PhnA1a,94,α3β3 · Fd:plant · Red:FNR+GR,30,0.319
3_301_PhnA1a,94,α3β3 · Fd:rieske · Red:none,12,0.128
3_301_PhnA1a,94,α3β3 · Fd:none · Red:none,10,0.106
3_301_PhnA1a,94,α3β3 · Fd:rieske · Red:FNR,10,0.106
3_301_PhnA1a,94,α3β3 · Fd:rieske · Red:GR,8,0.085
3_301_PhnA1a,94,α3β3 · Fd:none · Red:GR,7,0.074
3_301_PhnA1a,94,α3 · Fd:none · Red:none,5,0.053
3_301_PhnA1a,94,α3β3 · Fd:none · Red:FNR+GR,4,0.043
3_301_PhnA1a,94,α3β3 · Fd:plant · Red:GR,3,0.032
3_301_PhnA1a,94,α3 · Fd:plant · Red:none,1,0.011
3_301_PhnA1a,94,α3β3 · Fd:plant · Red:FNR,1,0.011
3_301_PhnA1a,94,α3 · Fd:rieske · Red:none,1,0.011
3_301_PhnA1a,94,α3 · Fd:rieske · Red:GR,1,0.011
3_301_PhnA1a,94,α3β3 · Fd:plant+rieske · Red:FNR+GR,1,0.011
1_108_PobA,90,α3 · Fd:none · Red:none,66,0.733
1_108_PobA,90,α3 · Fd:none · Red:FNR,12,0.133
1_108_PobA,90,α3 · Fd:none · Red:GR,7,0.078
1_108_PobA,90,α3 · Fd:plant · Red:none,3,0.033
1_108_PobA,90,α3 · Fd:rieske · Red:none,1,0.011
1_108_PobA,90,α3 · Fd:none · Red:FNR+GR,1,0.011
3_302_DitA,69,α3β3 · Fd:none · Red:none,41,0.594
3_302_DitA,69,α3β3 · Fd:none · Red:GR,17,0.246
3_302_DitA,69,α3β3 · Fd:plant · Red:GR,10,0.145
3_302_DitA,69,α3 · Fd:none · Red:none,1,0.014
2_218_BphA1,64,α3β3 · Fd:rieske · Red:GR,41,0.641
2_218_BphA1,64,α3 · Fd:none · Red:none,15,0.234
2_218_BphA1,64,α3β3 · Fd:none · Red:none,4,0.062
2_218_BphA1,64,α3β3 · Fd:none · Red:GR,1,0.016
2_218_BphA1,64,α3 · Fd:none · Red:FNR,1,0.016
2_218_BphA1,64,α3 · Fd:none · Red:GR,1,0.016
2_218_BphA1,64,α3β3 · Fd:rieske · Red:none,1,0.016
3_319_PhdA,61,α3 · Fd:none · Red:none,22,0.361
3_319_PhdA,61,α3β3 · Fd:none · Red:none,18,0.295
3_319_PhdA,61,α3β3 · Fd:none · Red:GR,10,0.164
3_319_PhdA,61,α3 · Fd:none · Red:GR,4,0.066
3_319_PhdA,61,α3 · Fd:plant · Red:none,3,0.049
3_319_PhdA,61,α3 · Fd:rieske · Red:GR,2,0.033
3_319_PhdA,61,α3β3 · Fd:plant+rieske · Red:none,1,0.016
3_319_PhdA,61,α3β3 · Fd:plant · Red:none,1,0.016
1_107_CndA,60,α3 · Fd:none · Red:none,36,0.6
1_107_CndA,60,α3 · Fd:none · Red:GR,9,0.15
1_107_CndA,60,α3 · Fd:rieske · Red:GR,8,0.133
1_107_CndA,60,α3 · Fd:none · Red:FNR,3,0.05
1_107_CndA,60,α3 · Fd:rieske · Red:none,2,0.033
1_107_CndA,60,α3β3 · Fd:none · Red:none,1,0.017
1_107_CndA,60,α3 · Fd:plant · Red:none,1,0.017
1_102_CARDO,55,α3 · Fd:none · Red:GR,15,0.273
1_102_CARDO,55,α3 · Fd:none · Red:none,12,0.218
1_102_CARDO,55,α3 · Fd:rieske · Red:FNR,7,0.127
1_102_CARDO,55,α3 · Fd:none · Red:FNR,7,0.127
1_102_CARDO,55,α3 · Fd:plant · Red:none,5,0.091
1_102_CARDO,55,α3β3 · Fd:rieske · Red:none,4,0.073
1_102_CARDO,55,α3 · Fd:rieske · Red:GR,4,0.073
1_102_CARDO,55,α3 · Fd:plant · Red:GR,1,0.018
2_211_bfzA,49,α3 · Fd:none · Red:none,21,0.429
2_211_bfzA,49,α3 · Fd:rieske · Red:none,10,0.204
2_211_bfzA,49,α3 · Fd:rieske · Red:GR,4,0.082
2_211_bfzA,49,α3 · Fd:plant · Red:none,3,0.061
2_211_bfzA,49,α3 · Fd:none · Red:GR,2,0.041
2_211_bfzA,49,α3β3 · Fd:rieske · Red:GR,2,0.041
2_211_bfzA,49,α3 · Fd:none · Red:FNR+GR,2,0.041
2_211_bfzA,49,α3β3 · Fd:rieske · Red:none,1,0.02
2_211_bfzA,49,α3β3 · Fd:none · Red:FNR,1,0.02
2_211_bfzA,49,α3β3 · Fd:none · Red:none,1,0.02
2_211_bfzA,49,α3 · Fd:none · Red:FNR,1,0.02
2_211_bfzA,49,α3β3 · Fd:plant · Red:GR,1,0.02
1_109_LigX,48,α3 · Fd:none · Red:none,32,0.667
1_109_LigX,48,α3 · Fd:none · Red:GR,7,0.146
1_109_LigX,48,α3 · Fd:rieske · Red:none,3,0.062
1_109_LigX,48,α3β3 · Fd:none · Red:none,2,0.042
1_109_LigX,48,α3 · Fd:none · Red:FNR,2,0.042
1_109_LigX,48,α3 · Fd:plant · Red:FNR,1,0.021
1_109_LigX,48,α3β3 · Fd:rieske · Red:FNR,1,0.021
3_317_NidA,37,α3β3 · Fd:none · Red:none,18,0.486
3_317_NidA,37,α3 · Fd:none · Red:none,9,0.243
3_317_NidA,37,α3β3 · Fd:none · Red:GR,7,0.189
3_317_NidA,37,α3 · Fd:rieske · Red:none,1,0.027
3_317_NidA,37,α3β3 · Fd:plant · Red:GR,1,0.027
3_317_NidA,37,α3β3 · Fd:none · Red:FNR,1,0.027
1_112_NdmA,31,α3 · Fd:none · Red:none,31,1.0
3_316_NarAa,30,α3 · Fd:none · Red:none,19,0.633
3_316_NarAa,30,α3β3 · Fd:none · Red:none,5,0.167
3_316_NarAa,30,α3 · Fd:none · Red:GR,3,0.1
3_316_NarAa,30,α3 · Fd:plant · Red:none,2,0.067
3_316_NarAa,30,α3 · Fd:plant+rieske · Red:none,1,0.033
2_202_EdoA1,29,α3β3 · Fd:rieske · Red:GR,23,0.793
2_202_EdoA1,29,α3 · Fd:none · Red:none,2,0.069
2_202_EdoA1,29,α3 · Fd:rieske · Red:none,2,0.069
2_202_EdoA1,29,α3β3 · Fd:none · Red:none,1,0.034
2_202_EdoA1,29,α3 · Fd:plant · Red:none,1,0.034
2_216_BPDO,25,α3β3 · Fd:none · Red:none,22,0.88
2_216_BPDO,25,α3β3 · Fd:plant · Red:none,3,0.12
2_214_TftA,23,α3β3 · Fd:none · Red:none,10,0.435
2_214_TftA,23,α3 · Fd:none · Red:none,5,0.217
2_214_TftA,23,α3β3 · Fd:none · Red:FNR,5,0.217
2_214_TftA,23,α3 · Fd:none · Red:FNR,1,0.043
2_214_TftA,23,α3β3 · Fd:none · Red:GR,1,0.043
2_214_TftA,23,α3β3 · Fd:plant · Red:GR,1,0.043
5_502_CmoB,21,α3 · Fd:none · Red:none,16,0.762
5_502_CmoB,21,α3 · Fd:none · Red:GR,5,0.238
2_204_Dpe,20,α3β3 · Fd:plant · Red:GR,8,0.4
2_204_Dpe,20,α3β3 · Fd:none · Red:none,5,0.25
2_204_Dpe,20,α3β3 · Fd:none · Red:FNR,4,0.2
2_204_Dpe,20,α3β3 · Fd:none · Red:GR,2,0.1
2_204_Dpe,20,α3 · Fd:none · Red:none,1,0.05
2_212_BedC1,20,α3 · Fd:plant · Red:none,9,0.45
2_212_BedC1,20,α3β3 · Fd:none · Red:none,4,0.2
2_212_BedC1,20,α3β3 · Fd:rieske · Red:none,2,0.1
2_212_BedC1,20,α3 · Fd:none · Red:none,2,0.1
2_212_BedC1,20,α3 · Fd:plant · Red:GR,1,0.05
2_212_BedC1,20,α3β3 · Fd:plant+rieske · Red:none,1,0.05
2_212_BedC1,20,α3β3 · Fd:plant+rieske · Red:GR,1,0.05
4_402_PsbAb,19,α3β3 · Fd:rieske · Red:GR,17,0.895
4_402_PsbAb,19,α3β3 · Fd:rieske · Red:none,1,0.053
4_402_PsbAb,19,α3β3 · Fd:rieske · Red:FNR+GR,1,0.053
3_303_NBDO,18,α3β3 · Fd:rieske · Red:FNR,17,0.944
3_303_NBDO,18,α3β3 · Fd:rieske · Red:none,1,0.056
1_114_NdmB,15,α3 · Fd:none · Red:none,11,0.733
1_114_NdmB,15,α3 · Fd:rieske · Red:none,2,0.133
1_114_NdmB,15,α3 · Fd:none · Red:GR,1,0.067
1_114_NdmB,15,α3 · Fd:none · Red:FNR,1,0.067
2_213_BphA1A2,14,α3β3 · Fd:rieske · Red:GR,12,0.857
2_213_BphA1A2,14,α3β3 · Fd:rieske · Red:FNR,1,0.071
2_213_BphA1A2,14,α3β3 · Fd:none · Red:none,1,0.071
3_304_OMO,11,α3 · Fd:none · Red:FNR,5,0.455
3_304_OMO,11,α3 · Fd:none · Red:FNR+GR,4,0.364
3_304_OMO,11,α3 · Fd:none · Red:none,2,0.182
3_305_ArhA1,11,α3 · Fd:none · Red:none,4,0.364
3_305_ArhA1,11,α3β3 · Fd:rieske · Red:none,3,0.273
3_305_ArhA1,11,α3β3 · Fd:rieske · Red:FNR,2,0.182
3_305_ArhA1,11,α3β3 · Fd:none · Red:none,1,0.091
3_305_ArhA1,11,α3 · Fd:plant · Red:none,1,0.091
3_318_NidA,10,α3 · Fd:none · Red:none,5,0.5
3_318_NidA,10,α3β3 · Fd:none · Red:GR,3,0.3
3_318_NidA,10,α3β3 · Fd:none · Red:none,2,0.2
2_208_TecA1,9,α3β3 · Fd:none · Red:none,5,0.556
2_208_TecA1,9,α3 · Fd:none · Red:GR,3,0.333
2_208_TecA1,9,α3 · Fd:plant · Red:none,1,0.111
2_215_cadA,8,α3β3 · Fd:rieske · Red:GR,5,0.625
2_215_cadA,8,α3β3 · Fd:rieske · Red:none,3,0.375
3_320_NidA3,8,α3β3 · Fd:none · Red:none,6,0.75
3_320_NidA3,8,α3 · Fd:none · Red:none,2,0.25
5_503_CmoA,7,α3 · Fd:none · Red:none,5,0.714
5_503_CmoA,7,α3 · Fd:none · Red:GR,1,0.143
5_503_CmoA,7,α3 · Fd:none · Red:FNR,1,0.143
2_203_cumA1,6,α3β3 · Fd:rieske · Red:GR,5,0.833
2_203_cumA1,6,α3 · Fd:none · Red:none,1,0.167
2_209_TDO,4,α3β3 · Fd:rieske · Red:GR,2,0.5
2_209_TDO,4,α3β3 · Fd:rieske · Red:none,2,0.5
3_308_DxnA1,2,α3β3 · Fd:plant · Red:none,2,1.0
3_314_NDO,2,α3β3 · Fd:none · Red:none,1,0.5
3_314_NDO,2,α3β3 · Fd:plant · Red:none,1,0.5
1_101_OxoO,2,α3 · Fd:none · Red:FNR,2,1.0
3_306_3NTDO,1,α3β3 · Fd:rieske · Red:none,1,1.0
2_201_BphA1,1,α3 · Fd:none · Red:none,1,1.0
