cluster,n,characterized,close_homolog,family_member,distant,novel,frac_characterized_or_close
3_313_KshA15,1345,4,380,281,591,89,0.286
5_504_CntA,1210,40,132,9,966,63,0.142
1_104_VanA,1169,0,407,146,571,45,0.348
5_506_Stc2,903,1,56,465,355,26,0.063
1_106_TsaM,655,0,1,40,604,10,0.002
5_507_BmoA,610,0,41,57,495,17,0.067
4_404_TdnA1,425,2,11,10,402,0,0.031
4_411_XylX,422,6,362,54,0,0,0.872
1_105_DdmC,401,0,1,27,358,15,0.002
1_113_CdnA,401,0,2,0,396,3,0.005
5_508_GbcA,336,5,330,0,1,0,0.997
5_501_CmoS,288,0,0,92,184,12,0.0
4_409_TPDO,273,10,24,189,50,0,0.125
4_410_CbdC,243,0,170,59,14,0,0.7
1_111_GxtA,234,0,3,0,205,26,0.013
1_110_SxtT,188,0,2,2,148,36,0.011
4_406_PDO,184,1,70,37,76,0,0.386
4_408_AntA,184,2,181,0,1,0,0.995
4_405_ROCH34,182,0,8,33,141,0,0.044
2_217_HcaE,178,76,102,0,0,0,1.0
3_307_NagGH,174,3,113,58,0,0,0.667
3_311_PhtAa,126,2,111,0,12,1,0.897
4_403_AtdA,115,0,0,0,101,14,0.0
4_401_CmtAb,107,1,4,34,65,3,0.047
5_505_qxyA,95,0,0,37,52,6,0.0
3_301_PhnA1a,94,0,2,34,56,2,0.021
1_108_PobA,90,0,1,44,45,0,0.011
3_302_DitA,69,2,48,18,1,0,0.725
2_218_BphA1,64,0,4,38,22,0,0.062
3_319_PhdA,61,0,0,11,50,0,0.0
1_107_CndA,60,0,0,5,52,3,0.0
1_102_CARDO,55,5,3,14,33,0,0.145
2_211_bfzA,49,1,0,1,47,0,0.02
1_109_LigX,48,0,0,27,21,0,0.0
3_317_NidA,37,6,1,17,13,0,0.189
1_112_NdmA,31,1,1,0,29,0,0.065
3_316_NarAa,30,0,1,4,25,0,0.033
2_202_EdoA1,29,14,11,0,4,0,0.862
2_216_BPDO,25,5,20,0,0,0,1.0
2_214_TftA,23,0,0,8,15,0,0.0
5_502_CmoB,21,0,0,0,19,2,0.0
2_204_Dpe,20,0,0,20,0,0,0.0
2_212_BedC1,20,0,2,2,16,0,0.1
4_402_PsbAb,19,1,9,9,0,0,0.526
3_303_NBDO,18,9,9,0,0,0,1.0
1_114_NdmB,15,1,3,2,9,0,0.267
2_213_BphA1A2,14,0,3,9,2,0,0.214
3_304_OMO,11,0,6,5,0,0,0.545
3_305_ArhA1,11,1,1,4,5,0,0.182
3_318_NidA,10,4,1,0,5,0,0.5
2_208_TecA1,9,0,0,0,9,0,0.0
2_215_cadA,8,3,3,2,0,0,0.75
3_320_NidA3,8,5,2,0,1,0,0.875
5_503_CmoA,7,1,0,0,6,0,0.143
2_203_cumA1,6,0,5,0,1,0,0.833
2_209_TDO,4,0,4,0,0,0,1.0
3_308_DxnA1,2,2,0,0,0,0,1.0
3_314_NDO,2,1,0,1,0,0,0.5
1_101_OxoO,2,0,1,1,0,0,0.5
3_306_3NTDO,1,0,1,0,0,0,1.0
2_201_BphA1,1,0,0,0,1,0,0.0
