category,observed_count,per_ro_window,null_count,per_null_window,enrichment
ro_beta,3227,0.3093,901,0.0503,6.146
ring_cleavage,3056,0.2929,1702,0.0951,3.081
ferredoxin,3807,0.3649,2937,0.164,2.224
reductase,19967,1.9136,22257,1.2431,1.539
dehydrogenase,11111,1.0649,12981,0.725,1.469
transposon,2928,0.2806,4006,0.2237,1.254
regulator,18100,1.7347,26594,1.4853,1.168
hydrolase,10478,1.0042,16321,0.9115,1.102
ro_alpha,1248,0.1196,2057,0.1149,1.041
transporter,20220,1.9379,33778,1.8865,1.027
other,75247,7.2117,162580,9.0801,0.794
hypothetical,23050,2.2091,53261,2.9746,0.743
