ref_a,ref_b,identity,substrate_a,substrate_b,same_substrate_label
1_101_OxoO,3_304_OMO,100.0,"2-oxo-1,2-dihydroquinoline","2-oxo-1,2-dihydroquinoline",1
1_114_NdmB,1_115_NdmC,100.0,caffeine,7-methylxanthine,0
3_309_NahAc,3_315_NDO,100.0,naphthalene,naphthalene,1
3_314_NDO,3_316_NarAa,100.0,naphthalene,naphthalene,1
2_202_EdoA1,2_203_cumA1,99.8,ethylbenzene,cumene,0
1_102_CARDO,1_103_CarAa,99.2,carbazole,carbazole,1
3_310_DntAc,3_312_NinA,93.1,"2,4-dinitrotoluene",nitroaromatic compounds,0
3_306_3NTDO,3_312_NinA,92.6,3-nitrotoluene,nitroaromatic compounds,0
2_209_TDO,2_212_BedC1,92.0,toluene,benzene,0
3_303_NBDO,3_312_NinA,91.3,nitrobenzene,nitroaromatic compounds,0
3_314_NDO,3_317_NidA,91.1,naphthalene,pyrene,0
3_316_NarAa,3_317_NidA,91.1,naphthalene,pyrene,0
2_216_BPDO,3_301_PhnA1a,91.0,biphenyl,phenanthrene,0
2_203_cumA1,2_206_IpBAa,90.8,cumene,isopropylbenzene,0
2_202_EdoA1,2_206_IpBAa,90.6,ethylbenzene,isopropylbenzene,0
3_306_3NTDO,3_310_DntAc,90.1,3-nitrotoluene,"2,4-dinitrotoluene",0
3_303_NBDO,3_306_3NTDO,89.7,nitrobenzene,3-nitrotoluene,0
3_303_NBDO,3_310_DntAc,88.8,nitrobenzene,"2,4-dinitrotoluene",0
1_110_SxtT,1_111_GxtA,87.7,saxitoxin pathway intermediate,gonyautoxin pathway intermediate,0
2_208_TecA1,2_209_TDO,87.3,"1,2,4,5-tetrachlorobenzene",toluene,0
3_309_NahAc,3_312_NinA,85.7,naphthalene,nitroaromatic compounds,0
3_312_NinA,3_315_NDO,85.7,nitroaromatic compounds,naphthalene,0
2_208_TecA1,2_212_BedC1,84.0,"1,2,4,5-tetrachlorobenzene",benzene,0
3_309_NahAc,3_310_DntAc,83.5,naphthalene,"2,4-dinitrotoluene",0
3_310_DntAc,3_315_NDO,83.5,"2,4-dinitrotoluene",naphthalene,0
3_306_3NTDO,3_309_NahAc,82.4,3-nitrotoluene,naphthalene,0
3_306_3NTDO,3_315_NDO,82.4,3-nitrotoluene,naphthalene,0
3_303_NBDO,3_309_NahAc,82.0,nitrobenzene,naphthalene,0
3_303_NBDO,3_315_NDO,82.0,nitrobenzene,naphthalene,0
2_207_BpdC1,2_213_BphA1A2,79.2,biphenyl,biphenyl,1
2_209_TDO,2_213_BphA1A2,78.7,toluene,biphenyl,0
2_208_TecA1,2_213_BphA1A2,78.6,"1,2,4,5-tetrachlorobenzene",biphenyl,0
5_501_CmoS,5_502_CmoB,76.9,choline,choline,1
2_212_BedC1,2_213_BphA1A2,76.5,benzene,biphenyl,0
1_112_NdmA,1_113_CdnA,75.7,caffeine,caffeine and methylxanthines,0
2_201_BphA1,2_203_cumA1,74.9,biphenyl,cumene,0
2_201_BphA1,2_202_EdoA1,74.7,biphenyl,ethylbenzene,0
2_207_BpdC1,2_208_TecA1,74.7,biphenyl,"1,2,4,5-tetrachlorobenzene",0
5_501_CmoS,5_503_CmoA,73.9,choline,choline,1
2_201_BphA1,2_206_IpBAa,73.0,biphenyl,isopropylbenzene,0
2_207_BpdC1,2_209_TDO,72.7,biphenyl,toluene,0
2_207_BpdC1,2_212_BedC1,72.7,biphenyl,benzene,0
5_502_CmoB,5_503_CmoA,71.9,choline,choline,1
2_201_BphA1,2_213_BphA1A2,68.5,biphenyl,biphenyl,1
2_203_cumA1,2_213_BphA1A2,67.8,cumene,biphenyl,0
2_202_EdoA1,2_213_BphA1A2,67.6,ethylbenzene,biphenyl,0
2_201_BphA1,2_210_XylC1,67.0,biphenyl,xylene,0
2_206_IpBAa,2_213_BphA1A2,66.9,isopropylbenzene,biphenyl,0
2_201_BphA1,2_207_BpdC1,66.2,biphenyl,biphenyl,1
5_507_BmoA,5_508_GbcA,65.9,glycine betaine,glycine betaine,1
2_203_cumA1,2_209_TDO,65.7,cumene,toluene,0
3_308_DxnA1,4_407_PbaA1,65.6,dibenzo-p-dioxin,3-phenoxybenzoate,0
2_201_BphA1,2_208_TecA1,65.5,biphenyl,"1,2,4,5-tetrachlorobenzene",0
2_202_EdoA1,2_209_TDO,65.5,ethylbenzene,toluene,0
2_203_cumA1,2_212_BedC1,64.9,cumene,benzene,0
2_201_BphA1,2_209_TDO,64.8,biphenyl,toluene,0
2_201_BphA1,2_212_BedC1,64.8,biphenyl,benzene,0
2_206_IpBAa,2_207_BpdC1,64.8,isopropylbenzene,biphenyl,0
2_202_EdoA1,2_212_BedC1,64.7,ethylbenzene,benzene,0
2_206_IpBAa,2_209_TDO,64.7,isopropylbenzene,toluene,0
2_203_cumA1,2_208_TecA1,64.5,cumene,"1,2,4,5-tetrachlorobenzene",0
2_202_EdoA1,2_208_TecA1,64.3,ethylbenzene,"1,2,4,5-tetrachlorobenzene",0
2_206_IpBAa,2_212_BedC1,64.2,isopropylbenzene,benzene,0
2_203_cumA1,2_210_XylC1,64.1,cumene,xylene,0
2_203_cumA1,2_207_BpdC1,64.1,cumene,biphenyl,0
2_202_EdoA1,2_210_XylC1,63.9,ethylbenzene,xylene,0
2_202_EdoA1,2_207_BpdC1,63.9,ethylbenzene,biphenyl,0
2_210_XylC1,2_212_BedC1,63.9,xylene,benzene,0
2_206_IpBAa,2_208_TecA1,63.8,isopropylbenzene,"1,2,4,5-tetrachlorobenzene",0
2_210_XylC1,2_213_BphA1A2,63.7,xylene,biphenyl,0
2_206_IpBAa,2_210_XylC1,63.5,isopropylbenzene,xylene,0
3_319_PhdA,3_320_NidA3,63.5,phenanthrene,polycyclic aromatic hydrocarbons,0
2_209_TDO,2_210_XylC1,63.4,toluene,xylene,0
2_208_TecA1,2_210_XylC1,61.0,"1,2,4,5-tetrachlorobenzene",xylene,0
4_401_CmtAb,4_402_PsbAb,61.0,p-cumate,4-sulfobenzoate,0
2_207_BpdC1,2_210_XylC1,60.9,biphenyl,xylene,0
3_314_NDO,3_319_PhdA,57.0,naphthalene,phenanthrene,0
3_316_NarAa,3_319_PhdA,57.0,naphthalene,phenanthrene,0
3_318_NidA,3_319_PhdA,56.9,pyrene,phenanthrene,0
4_410_CbdC,4_411_XylX,56.3,2-halobenzoate,toluate and benzoate,0
2_214_TftA,2_215_cadA,56.1,"2,4,5-trichlorophenoxyacetate","2,4-dichlorophenoxyacetate (2,4-D)",0
3_317_NidA,3_319_PhdA,55.6,pyrene,phenanthrene,0
3_314_NDO,3_318_NidA,54.3,naphthalene,pyrene,0
3_316_NarAa,3_318_NidA,54.3,naphthalene,pyrene,0
4_403_AtdA,4_404_TdnA1,53.8,aniline,aniline,1
3_317_NidA,3_318_NidA,53.4,pyrene,pyrene,1
3_318_NidA,3_320_NidA3,53.3,pyrene,polycyclic aromatic hydrocarbons,0
1_113_CdnA,1_115_NdmC,53.0,caffeine and methylxanthines,7-methylxanthine,0
1_113_CdnA,1_114_NdmB,53.0,caffeine and methylxanthines,caffeine,0
3_317_NidA,3_320_NidA3,52.2,pyrene,polycyclic aromatic hydrocarbons,0
2_217_HcaE,2_218_BphA1,51.5,3-phenylpropionate,biphenyl,0
3_305_ArhA1,3_312_NinA,51.5,polycyclic aromatic hydrocarbons,nitroaromatic compounds,0
1_112_NdmA,1_114_NdmB,51.2,caffeine,caffeine,1
3_314_NDO,3_320_NidA3,50.8,naphthalene,polycyclic aromatic hydrocarbons,0
3_316_NarAa,3_320_NidA3,50.8,naphthalene,polycyclic aromatic hydrocarbons,0
3_305_ArhA1,3_309_NahAc,50.6,polycyclic aromatic hydrocarbons,naphthalene,0
3_305_ArhA1,3_315_NDO,50.6,polycyclic aromatic hydrocarbons,naphthalene,0
2_208_TecA1,2_217_HcaE,49.8,"1,2,4,5-tetrachlorobenzene",3-phenylpropionate,0
3_305_ArhA1,3_310_DntAc,49.8,polycyclic aromatic hydrocarbons,"2,4-dinitrotoluene",0
1_112_NdmA,1_115_NdmC,49.7,caffeine,7-methylxanthine,0
3_305_ArhA1,3_306_3NTDO,49.6,polycyclic aromatic hydrocarbons,3-nitrotoluene,0
2_209_TDO,2_217_HcaE,49.3,toluene,3-phenylpropionate,0
3_303_NBDO,3_305_ArhA1,48.9,nitrobenzene,polycyclic aromatic hydrocarbons,0
2_212_BedC1,2_217_HcaE,48.5,benzene,3-phenylpropionate,0
2_213_BphA1A2,2_217_HcaE,48.5,biphenyl,3-phenylpropionate,0
2_208_TecA1,2_218_BphA1,47.7,"1,2,4,5-tetrachlorobenzene",biphenyl,0
2_213_BphA1A2,2_218_BphA1,47.6,biphenyl,biphenyl,1
5_506_Stc2,5_508_GbcA,47.6,stachydrine,glycine betaine,0
2_207_BpdC1,2_218_BphA1,47.5,biphenyl,biphenyl,1
2_212_BedC1,2_218_BphA1,47.5,benzene,biphenyl,0
2_209_TDO,2_218_BphA1,47.3,toluene,biphenyl,0
2_201_BphA1,2_217_HcaE,47.1,biphenyl,3-phenylpropionate,0
2_207_BpdC1,2_217_HcaE,46.6,biphenyl,3-phenylpropionate,0
4_408_AntA,4_411_XylX,46.3,anthranilate,toluate and benzoate,0
2_201_BphA1,2_218_BphA1,46.1,biphenyl,biphenyl,1
2_210_XylC1,2_217_HcaE,45.9,xylene,3-phenylpropionate,0
2_207_BpdC1,3_308_DxnA1,45.6,biphenyl,dibenzo-p-dioxin,0
5_506_Stc2,5_507_BmoA,45.6,stachydrine,glycine betaine,0
2_206_IpBAa,2_217_HcaE,45.5,isopropylbenzene,3-phenylpropionate,0
2_203_cumA1,2_217_HcaE,45.0,cumene,3-phenylpropionate,0
2_216_BPDO,3_305_ArhA1,45.0,biphenyl,polycyclic aromatic hydrocarbons,0
3_301_PhnA1a,3_305_ArhA1,45.0,phenanthrene,polycyclic aromatic hydrocarbons,0
2_203_cumA1,2_218_BphA1,44.9,cumene,biphenyl,0
2_210_XylC1,2_218_BphA1,44.9,xylene,biphenyl,0
2_213_BphA1A2,3_308_DxnA1,44.9,biphenyl,dibenzo-p-dioxin,0
2_202_EdoA1,2_217_HcaE,44.8,ethylbenzene,3-phenylpropionate,0
2_202_EdoA1,2_218_BphA1,44.7,ethylbenzene,biphenyl,0
3_311_PhtAa,3_317_NidA,44.6,phthalate,pyrene,0
2_206_IpBAa,2_218_BphA1,44.5,isopropylbenzene,biphenyl,0
3_311_PhtAa,3_314_NDO,44.3,phthalate,naphthalene,0
3_311_PhtAa,3_316_NarAa,44.3,phthalate,naphthalene,0
2_217_HcaE,4_407_PbaA1,44.2,3-phenylpropionate,3-phenoxybenzoate,0
2_206_IpBAa,4_407_PbaA1,44.0,isopropylbenzene,3-phenoxybenzoate,0
2_206_IpBAa,3_308_DxnA1,43.8,isopropylbenzene,dibenzo-p-dioxin,0
2_216_BPDO,3_309_NahAc,43.5,biphenyl,naphthalene,0
2_216_BPDO,3_315_NDO,43.5,biphenyl,naphthalene,0
4_408_AntA,4_410_CbdC,43.5,anthranilate,2-halobenzoate,0
2_207_BpdC1,4_407_PbaA1,43.2,biphenyl,3-phenoxybenzoate,0
2_208_TecA1,3_308_DxnA1,43.1,"1,2,4,5-tetrachlorobenzene",dibenzo-p-dioxin,0
2_203_cumA1,3_308_DxnA1,42.9,cumene,dibenzo-p-dioxin,0
2_202_EdoA1,4_407_PbaA1,42.8,ethylbenzene,3-phenoxybenzoate,0
2_203_cumA1,4_407_PbaA1,42.8,cumene,3-phenoxybenzoate,0
2_208_TecA1,4_407_PbaA1,42.8,"1,2,4,5-tetrachlorobenzene",3-phenoxybenzoate,0
2_209_TDO,3_308_DxnA1,42.8,toluene,dibenzo-p-dioxin,0
2_209_TDO,4_407_PbaA1,42.8,toluene,3-phenoxybenzoate,0
2_202_EdoA1,3_308_DxnA1,42.6,ethylbenzene,dibenzo-p-dioxin,0
2_213_BphA1A2,4_407_PbaA1,42.5,biphenyl,3-phenoxybenzoate,0
2_201_BphA1,4_407_PbaA1,42.4,biphenyl,3-phenoxybenzoate,0
2_212_BedC1,3_308_DxnA1,42.3,benzene,dibenzo-p-dioxin,0
1_101_OxoO,1_102_CARDO,41.7,"2-oxo-1,2-dihydroquinoline",carbazole,0
1_102_CARDO,3_304_OMO,41.7,carbazole,"2-oxo-1,2-dihydroquinoline",0
2_216_BPDO,3_312_NinA,41.7,biphenyl,nitroaromatic compounds,0
3_301_PhnA1a,3_309_NahAc,41.7,phenanthrene,naphthalene,0
3_301_PhnA1a,3_315_NDO,41.7,phenanthrene,naphthalene,0
3_301_PhnA1a,3_312_NinA,41.7,phenanthrene,nitroaromatic compounds,0
3_311_PhtAa,3_319_PhdA,41.7,phthalate,phenanthrene,0
3_311_PhtAa,3_318_NidA,41.7,phthalate,pyrene,0
1_101_OxoO,1_103_CarAa,41.5,"2-oxo-1,2-dihydroquinoline",carbazole,0
1_103_CarAa,3_304_OMO,41.5,carbazole,"2-oxo-1,2-dihydroquinoline",0
2_212_BedC1,4_407_PbaA1,41.5,benzene,3-phenoxybenzoate,0
3_301_PhnA1a,3_303_NBDO,41.4,phenanthrene,nitrobenzene,0
2_201_BphA1,3_308_DxnA1,41.3,biphenyl,dibenzo-p-dioxin,0
2_216_BPDO,3_303_NBDO,41.2,biphenyl,nitrobenzene,0
2_216_BPDO,3_306_3NTDO,41.0,biphenyl,3-nitrotoluene,0
2_207_BpdC1,2_216_BPDO,40.8,biphenyl,biphenyl,1
3_301_PhnA1a,3_306_3NTDO,40.8,phenanthrene,3-nitrotoluene,0
2_210_XylC1,3_308_DxnA1,40.6,xylene,dibenzo-p-dioxin,0
2_216_BPDO,3_310_DntAc,40.6,biphenyl,"2,4-dinitrotoluene",0
3_301_PhnA1a,3_310_DntAc,40.5,phenanthrene,"2,4-dinitrotoluene",0
2_209_TDO,2_216_BPDO,40.4,toluene,biphenyl,0
2_209_TDO,3_301_PhnA1a,40.4,toluene,phenanthrene,0
2_207_BpdC1,3_301_PhnA1a,40.3,biphenyl,phenanthrene,0
1_105_DdmC,1_107_CndA,40.2,dicamba,"chloroacetanilide herbicides (alachlor, acetochlor, butachlor)",0
2_208_TecA1,3_301_PhnA1a,40.2,"1,2,4,5-tetrachlorobenzene",phenanthrene,0
2_217_HcaE,3_308_DxnA1,40.1,3-phenylpropionate,dibenzo-p-dioxin,0
2_208_TecA1,2_216_BPDO,40.0,"1,2,4,5-tetrachlorobenzene",biphenyl,0
2_214_TftA,4_408_AntA,40.0,"2,4,5-trichlorophenoxyacetate",anthranilate,0
2_216_BPDO,2_217_HcaE,40.0,biphenyl,3-phenylpropionate,0
2_218_BphA1,3_308_DxnA1,40.0,biphenyl,dibenzo-p-dioxin,0
2_214_TftA,4_410_CbdC,39.8,"2,4,5-trichlorophenoxyacetate",2-halobenzoate,0
2_210_XylC1,2_216_BPDO,39.7,xylene,biphenyl,0
2_217_HcaE,3_301_PhnA1a,39.7,3-phenylpropionate,phenanthrene,0
3_307_NagGH,4_409_TPDO,39.6,naphthalene-2-sulfonate,terephthalate,0
2_212_BedC1,2_216_BPDO,39.5,benzene,biphenyl,0
2_213_BphA1A2,2_216_BPDO,39.4,biphenyl,biphenyl,1
2_215_cadA,4_408_AntA,39.3,"2,4-dichlorophenoxyacetate (2,4-D)",anthranilate,0
2_215_cadA,4_411_XylX,39.3,"2,4-dichlorophenoxyacetate (2,4-D)",toluate and benzoate,0
2_218_BphA1,3_301_PhnA1a,39.3,biphenyl,phenanthrene,0
3_311_PhtAa,3_320_NidA3,39.3,phthalate,polycyclic aromatic hydrocarbons,0
2_210_XylC1,4_407_PbaA1,39.2,xylene,3-phenoxybenzoate,0
2_213_BphA1A2,3_301_PhnA1a,39.2,biphenyl,phenanthrene,0
2_217_HcaE,3_305_ArhA1,39.1,3-phenylpropionate,polycyclic aromatic hydrocarbons,0
2_216_BPDO,4_407_PbaA1,38.9,biphenyl,3-phenoxybenzoate,0
3_301_PhnA1a,4_407_PbaA1,38.9,phenanthrene,3-phenoxybenzoate,0
2_201_BphA1,2_216_BPDO,38.8,biphenyl,biphenyl,1
2_212_BedC1,3_301_PhnA1a,38.6,benzene,phenanthrene,0
2_214_TftA,4_411_XylX,38.6,"2,4,5-trichlorophenoxyacetate",toluate and benzoate,0
3_301_PhnA1a,3_308_DxnA1,38.6,phenanthrene,dibenzo-p-dioxin,0
3_303_NBDO,3_319_PhdA,38.6,nitrobenzene,phenanthrene,0
2_201_BphA1,3_320_NidA3,38.3,biphenyl,polycyclic aromatic hydrocarbons,0
2_201_BphA1,3_319_PhdA,38.2,biphenyl,phenanthrene,0
2_217_HcaE,3_314_NDO,38.2,3-phenylpropionate,naphthalene,0
2_217_HcaE,3_316_NarAa,38.2,3-phenylpropionate,naphthalene,0
2_201_BphA1,3_301_PhnA1a,38.1,biphenyl,phenanthrene,0
2_204_Dpe,2_208_TecA1,38.1,diphenyl ether,"1,2,4,5-tetrachlorobenzene",0
2_207_BpdC1,3_314_NDO,38.1,biphenyl,naphthalene,0
2_207_BpdC1,3_316_NarAa,38.1,biphenyl,naphthalene,0
3_303_NBDO,4_407_PbaA1,38.1,nitrobenzene,3-phenoxybenzoate,0
2_201_BphA1,3_317_NidA,38.0,biphenyl,pyrene,0
2_208_TecA1,3_317_NidA,38.0,"1,2,4,5-tetrachlorobenzene",pyrene,0
2_210_XylC1,3_301_PhnA1a,38.0,xylene,phenanthrene,0
2_216_BPDO,2_218_BphA1,38.0,biphenyl,biphenyl,1
2_218_BphA1,4_407_PbaA1,37.9,biphenyl,3-phenoxybenzoate,0
2_218_BphA1,3_312_NinA,37.9,biphenyl,nitroaromatic compounds,0
2_212_BedC1,3_317_NidA,37.8,benzene,pyrene,0
2_216_BPDO,3_308_DxnA1,37.8,biphenyl,dibenzo-p-dioxin,0
2_217_HcaE,3_303_NBDO,37.8,3-phenylpropionate,nitrobenzene,0
2_213_BphA1A2,3_317_NidA,37.7,biphenyl,pyrene,0
2_215_cadA,4_410_CbdC,37.7,"2,4-dichlorophenoxyacetate (2,4-D)",2-halobenzoate,0
2_201_BphA1,3_314_NDO,37.5,biphenyl,naphthalene,0
2_201_BphA1,3_316_NarAa,37.5,biphenyl,naphthalene,0
3_312_NinA,3_319_PhdA,37.5,nitroaromatic compounds,phenanthrene,0
2_206_IpBAa,3_317_NidA,37.4,isopropylbenzene,pyrene,0
2_212_BedC1,3_314_NDO,37.4,benzene,naphthalene,0
2_212_BedC1,3_316_NarAa,37.4,benzene,naphthalene,0
3_303_NBDO,3_320_NidA3,37.4,nitrobenzene,polycyclic aromatic hydrocarbons,0
3_305_ArhA1,4_407_PbaA1,37.4,polycyclic aromatic hydrocarbons,3-phenoxybenzoate,0
1_105_DdmC,1_106_TsaM,37.3,dicamba,4-toluenesulfonate,0
2_204_Dpe,2_217_HcaE,37.3,diphenyl ether,3-phenylpropionate,0
2_211_bfzA,2_217_HcaE,37.3,benzene and fluorene,3-phenylpropionate,0
2_218_BphA1,3_303_NBDO,37.3,biphenyl,nitrobenzene,0
2_218_BphA1,3_306_3NTDO,37.3,biphenyl,3-nitrotoluene,0
3_317_NidA,4_407_PbaA1,37.3,pyrene,3-phenoxybenzoate,0
2_204_Dpe,2_213_BphA1A2,37.2,diphenyl ether,biphenyl,0
2_207_BpdC1,3_317_NidA,37.2,biphenyl,pyrene,0
2_208_TecA1,3_314_NDO,37.2,"1,2,4,5-tetrachlorobenzene",naphthalene,0
2_208_TecA1,3_316_NarAa,37.2,"1,2,4,5-tetrachlorobenzene",naphthalene,0
2_218_BphA1,3_309_NahAc,37.1,biphenyl,naphthalene,0
2_218_BphA1,3_315_NDO,37.1,biphenyl,naphthalene,0
3_309_NahAc,3_320_NidA3,37.1,naphthalene,polycyclic aromatic hydrocarbons,0
3_315_NDO,3_320_NidA3,37.1,naphthalene,polycyclic aromatic hydrocarbons,0
2_201_BphA1,2_204_Dpe,37.0,biphenyl,diphenyl ether,0
2_204_Dpe,4_407_PbaA1,37.0,diphenyl ether,3-phenoxybenzoate,0
2_209_TDO,3_317_NidA,37.0,toluene,pyrene,0
2_217_HcaE,3_309_NahAc,37.0,3-phenylpropionate,naphthalene,0
2_217_HcaE,3_315_NDO,37.0,3-phenylpropionate,naphthalene,0
2_218_BphA1,3_305_ArhA1,37.0,biphenyl,polycyclic aromatic hydrocarbons,0
3_312_NinA,3_318_NidA,37.0,nitroaromatic compounds,pyrene,0
2_209_TDO,3_314_NDO,36.9,toluene,naphthalene,0
2_209_TDO,3_316_NarAa,36.9,toluene,naphthalene,0
2_213_BphA1A2,3_314_NDO,36.9,biphenyl,naphthalene,0
2_213_BphA1A2,3_316_NarAa,36.9,biphenyl,naphthalene,0
2_202_EdoA1,3_317_NidA,36.8,ethylbenzene,pyrene,0
2_203_cumA1,2_216_BPDO,36.8,cumene,biphenyl,0
2_203_cumA1,3_317_NidA,36.8,cumene,pyrene,0
3_309_NahAc,4_407_PbaA1,36.7,naphthalene,3-phenoxybenzoate,0
3_315_NDO,4_407_PbaA1,36.7,naphthalene,3-phenoxybenzoate,0
2_201_BphA1,3_305_ArhA1,36.6,biphenyl,polycyclic aromatic hydrocarbons,0
2_202_EdoA1,2_216_BPDO,36.6,ethylbenzene,biphenyl,0
2_204_Dpe,2_207_BpdC1,36.6,diphenyl ether,biphenyl,0
2_218_BphA1,3_310_DntAc,36.6,biphenyl,"2,4-dinitrotoluene",0
3_309_NahAc,3_319_PhdA,36.6,naphthalene,phenanthrene,0
3_309_NahAc,3_314_NDO,36.6,naphthalene,naphthalene,1
3_309_NahAc,3_316_NarAa,36.6,naphthalene,naphthalene,1
3_315_NDO,3_319_PhdA,36.6,naphthalene,phenanthrene,0
3_315_NDO,3_316_NarAa,36.6,naphthalene,naphthalene,1
2_204_Dpe,2_209_TDO,36.5,diphenyl ether,toluene,0
3_309_NahAc,3_318_NidA,36.5,naphthalene,pyrene,0
3_315_NDO,3_318_NidA,36.5,naphthalene,pyrene,0
2_203_cumA1,3_301_PhnA1a,36.4,cumene,phenanthrene,0
2_210_XylC1,3_319_PhdA,36.4,xylene,phenanthrene,0
2_211_bfzA,2_216_BPDO,36.4,benzene and fluorene,biphenyl,0
2_217_HcaE,3_318_NidA,36.4,3-phenylpropionate,pyrene,0
3_310_DntAc,4_407_PbaA1,36.4,"2,4-dinitrotoluene",3-phenoxybenzoate,0
2_204_Dpe,3_314_NDO,36.3,diphenyl ether,naphthalene,0
2_204_Dpe,3_316_NarAa,36.3,diphenyl ether,naphthalene,0
2_217_HcaE,3_310_DntAc,36.3,3-phenylpropionate,"2,4-dinitrotoluene",0
3_314_NDO,4_407_PbaA1,36.3,naphthalene,3-phenoxybenzoate,0
3_316_NarAa,4_407_PbaA1,36.3,naphthalene,3-phenoxybenzoate,0
2_206_IpBAa,2_216_BPDO,36.2,isopropylbenzene,biphenyl,0
2_202_EdoA1,3_301_PhnA1a,36.1,ethylbenzene,phenanthrene,0
2_204_Dpe,3_319_PhdA,36.1,diphenyl ether,phenanthrene,0
2_217_HcaE,3_317_NidA,36.1,3-phenylpropionate,pyrene,0
3_301_PhnA1a,3_317_NidA,36.1,phenanthrene,pyrene,0
2_203_cumA1,2_204_Dpe,36.0,cumene,diphenyl ether,0
2_206_IpBAa,3_314_NDO,36.0,isopropylbenzene,naphthalene,0
2_206_IpBAa,3_316_NarAa,36.0,isopropylbenzene,naphthalene,0
2_210_XylC1,3_317_NidA,36.0,xylene,pyrene,0
3_303_NBDO,3_318_NidA,36.0,nitrobenzene,pyrene,0
3_314_NDO,3_315_NDO,36.0,naphthalene,naphthalene,1
2_216_BPDO,3_317_NidA,35.9,biphenyl,pyrene,0
2_217_HcaE,3_312_NinA,35.9,3-phenylpropionate,nitroaromatic compounds,0
3_310_DntAc,3_319_PhdA,35.9,"2,4-dinitrotoluene",phenanthrene,0
3_312_NinA,4_407_PbaA1,35.9,nitroaromatic compounds,3-phenoxybenzoate,0
2_202_EdoA1,2_204_Dpe,35.8,ethylbenzene,diphenyl ether,0
2_206_IpBAa,3_301_PhnA1a,35.8,isopropylbenzene,phenanthrene,0
2_208_TecA1,3_319_PhdA,35.8,"1,2,4,5-tetrachlorobenzene",phenanthrene,0
2_213_BphA1A2,3_318_NidA,35.8,biphenyl,pyrene,0
2_217_HcaE,3_320_NidA3,35.8,3-phenylpropionate,polycyclic aromatic hydrocarbons,0
2_218_BphA1,3_314_NDO,35.8,biphenyl,naphthalene,0
2_218_BphA1,3_316_NarAa,35.8,biphenyl,naphthalene,0
2_218_BphA1,3_317_NidA,35.8,biphenyl,pyrene,0
3_312_NinA,3_314_NDO,35.8,nitroaromatic compounds,naphthalene,0
3_312_NinA,3_316_NarAa,35.8,nitroaromatic compounds,naphthalene,0
2_218_BphA1,3_319_PhdA,35.7,biphenyl,phenanthrene,0
3_301_PhnA1a,3_314_NDO,35.7,phenanthrene,naphthalene,0
3_301_PhnA1a,3_316_NarAa,35.7,phenanthrene,naphthalene,0
3_305_ArhA1,3_308_DxnA1,35.7,polycyclic aromatic hydrocarbons,dibenzo-p-dioxin,0
3_306_3NTDO,4_407_PbaA1,35.7,3-nitrotoluene,3-phenoxybenzoate,0
2_204_Dpe,2_211_bfzA,35.6,diphenyl ether,benzene and fluorene,0
2_208_TecA1,3_306_3NTDO,35.6,"1,2,4,5-tetrachlorobenzene",3-nitrotoluene,0
2_210_XylC1,3_314_NDO,35.6,xylene,naphthalene,0
2_210_XylC1,3_316_NarAa,35.6,xylene,naphthalene,0
2_212_BedC1,3_306_3NTDO,35.6,benzene,3-nitrotoluene,0
2_213_BphA1A2,3_305_ArhA1,35.6,biphenyl,polycyclic aromatic hydrocarbons,0
3_303_NBDO,3_314_NDO,35.6,nitrobenzene,naphthalene,0
3_303_NBDO,3_316_NarAa,35.6,nitrobenzene,naphthalene,0
3_306_3NTDO,3_319_PhdA,35.6,3-nitrotoluene,phenanthrene,0
3_318_NidA,4_407_PbaA1,35.6,pyrene,3-phenoxybenzoate,0
1_104_VanA,1_106_TsaM,35.5,vanillate,4-toluenesulfonate,0
2_208_TecA1,3_318_NidA,35.5,"1,2,4,5-tetrachlorobenzene",pyrene,0
2_212_BedC1,3_319_PhdA,35.5,benzene,phenanthrene,0
2_216_BPDO,3_314_NDO,35.5,biphenyl,naphthalene,0
2_216_BPDO,3_316_NarAa,35.5,biphenyl,naphthalene,0
2_217_HcaE,3_319_PhdA,35.5,3-phenylpropionate,phenanthrene,0
3_309_NahAc,3_317_NidA,35.5,naphthalene,pyrene,0
3_310_DntAc,3_311_PhtAa,35.5,"2,4-dinitrotoluene",phthalate,0
3_315_NDO,3_317_NidA,35.5,naphthalene,pyrene,0
2_204_Dpe,3_317_NidA,35.4,diphenyl ether,pyrene,0
2_208_TecA1,3_309_NahAc,35.4,"1,2,4,5-tetrachlorobenzene",naphthalene,0
2_208_TecA1,3_315_NDO,35.4,"1,2,4,5-tetrachlorobenzene",naphthalene,0
2_208_TecA1,3_303_NBDO,35.4,"1,2,4,5-tetrachlorobenzene",nitrobenzene,0
2_210_XylC1,3_320_NidA3,35.4,xylene,polycyclic aromatic hydrocarbons,0
3_303_NBDO,3_308_DxnA1,35.4,nitrobenzene,dibenzo-p-dioxin,0
3_303_NBDO,3_311_PhtAa,35.4,nitrobenzene,phthalate,0
2_209_TDO,3_306_3NTDO,35.3,toluene,3-nitrotoluene,0
2_217_HcaE,3_306_3NTDO,35.3,3-phenylpropionate,3-nitrotoluene,0
3_308_DxnA1,3_310_DntAc,35.3,dibenzo-p-dioxin,"2,4-dinitrotoluene",0
3_311_PhtAa,3_312_NinA,35.3,phthalate,nitroaromatic compounds,0
3_312_NinA,3_320_NidA3,35.3,nitroaromatic compounds,polycyclic aromatic hydrocarbons,0
4_405_ROCH34,4_406_PDO,35.3,phthalate,phthalate,1
2_204_Dpe,2_206_IpBAa,35.2,diphenyl ether,isopropylbenzene,0
2_209_TDO,3_303_NBDO,35.2,toluene,nitrobenzene,0
2_210_XylC1,3_305_ArhA1,35.2,xylene,polycyclic aromatic hydrocarbons,0
3_305_ArhA1,3_318_NidA,35.2,polycyclic aromatic hydrocarbons,pyrene,0
3_308_DxnA1,3_309_NahAc,35.2,dibenzo-p-dioxin,naphthalene,0
3_308_DxnA1,3_315_NDO,35.2,dibenzo-p-dioxin,naphthalene,0
2_202_EdoA1,3_314_NDO,35.1,ethylbenzene,naphthalene,0
2_202_EdoA1,3_316_NarAa,35.1,ethylbenzene,naphthalene,0
2_203_cumA1,3_314_NDO,35.1,cumene,naphthalene,0
2_203_cumA1,3_316_NarAa,35.1,cumene,naphthalene,0
2_204_Dpe,2_212_BedC1,35.1,diphenyl ether,benzene,0
2_204_Dpe,3_318_NidA,35.1,diphenyl ether,pyrene,0
2_207_BpdC1,3_318_NidA,35.0,biphenyl,pyrene,0
2_211_bfzA,2_213_BphA1A2,35.0,benzene and fluorene,biphenyl,0
3_310_DntAc,3_314_NDO,35.0,"2,4-dinitrotoluene",naphthalene,0
3_310_DntAc,3_316_NarAa,35.0,"2,4-dinitrotoluene",naphthalene,0
3_312_NinA,3_317_NidA,35.0,nitroaromatic compounds,pyrene,0
2_201_BphA1,3_318_NidA,34.9,biphenyl,pyrene,0
2_204_Dpe,2_210_XylC1,34.9,diphenyl ether,xylene,0
2_204_Dpe,3_311_PhtAa,34.9,diphenyl ether,phthalate,0
2_208_TecA1,3_312_NinA,34.9,"1,2,4,5-tetrachlorobenzene",nitroaromatic compounds,0
2_208_TecA1,2_211_bfzA,34.9,"1,2,4,5-tetrachlorobenzene",benzene and fluorene,0
2_212_BedC1,3_309_NahAc,34.9,benzene,naphthalene,0
2_212_BedC1,3_315_NDO,34.9,benzene,naphthalene,0
2_212_BedC1,3_303_NBDO,34.9,benzene,nitrobenzene,0
3_306_3NTDO,3_308_DxnA1,34.9,3-nitrotoluene,dibenzo-p-dioxin,0
3_308_DxnA1,3_312_NinA,34.9,dibenzo-p-dioxin,nitroaromatic compounds,0
2_203_cumA1,3_306_3NTDO,34.8,cumene,3-nitrotoluene,0
2_207_BpdC1,3_306_3NTDO,34.8,biphenyl,3-nitrotoluene,0
2_207_BpdC1,3_312_NinA,34.8,biphenyl,nitroaromatic compounds,0
2_207_BpdC1,3_320_NidA3,34.8,biphenyl,polycyclic aromatic hydrocarbons,0
2_207_BpdC1,3_310_DntAc,34.8,biphenyl,"2,4-dinitrotoluene",0
2_209_TDO,3_319_PhdA,34.8,toluene,phenanthrene,0
2_209_TDO,3_311_PhtAa,34.8,toluene,phthalate,0
2_213_BphA1A2,3_320_NidA3,34.8,biphenyl,polycyclic aromatic hydrocarbons,0
3_303_NBDO,3_317_NidA,34.8,nitrobenzene,pyrene,0
3_306_3NTDO,3_314_NDO,34.8,3-nitrotoluene,naphthalene,0
3_306_3NTDO,3_316_NarAa,34.8,3-nitrotoluene,naphthalene,0
2_201_BphA1,3_311_PhtAa,34.7,biphenyl,phthalate,0
2_207_BpdC1,3_309_NahAc,34.7,biphenyl,naphthalene,0
2_207_BpdC1,3_315_NDO,34.7,biphenyl,naphthalene,0
3_308_DxnA1,3_317_NidA,34.7,dibenzo-p-dioxin,pyrene,0
3_310_DntAc,3_317_NidA,34.7,"2,4-dinitrotoluene",pyrene,0
2_202_EdoA1,3_306_3NTDO,34.6,ethylbenzene,3-nitrotoluene,0
2_207_BpdC1,3_303_NBDO,34.6,biphenyl,nitrobenzene,0
2_208_TecA1,3_320_NidA3,34.6,"1,2,4,5-tetrachlorobenzene",polycyclic aromatic hydrocarbons,0
2_209_TDO,3_309_NahAc,34.6,toluene,naphthalene,0
2_209_TDO,3_315_NDO,34.6,toluene,naphthalene,0
2_211_bfzA,4_407_PbaA1,34.6,benzene and fluorene,3-phenoxybenzoate,0
2_203_cumA1,3_305_ArhA1,34.5,cumene,polycyclic aromatic hydrocarbons,0
2_208_TecA1,3_305_ArhA1,34.5,"1,2,4,5-tetrachlorobenzene",polycyclic aromatic hydrocarbons,0
2_208_TecA1,3_310_DntAc,34.5,"1,2,4,5-tetrachlorobenzene","2,4-dinitrotoluene",0
2_213_BphA1A2,3_306_3NTDO,34.5,biphenyl,3-nitrotoluene,0
2_206_IpBAa,3_305_ArhA1,34.4,isopropylbenzene,polycyclic aromatic hydrocarbons,0
2_207_BpdC1,3_305_ArhA1,34.4,biphenyl,polycyclic aromatic hydrocarbons,0
2_211_bfzA,3_301_PhnA1a,34.4,benzene and fluorene,phenanthrene,0
2_212_BedC1,3_312_NinA,34.4,benzene,nitroaromatic compounds,0
3_305_ArhA1,3_319_PhdA,34.4,polycyclic aromatic hydrocarbons,phenanthrene,0
3_305_ArhA1,3_317_NidA,34.4,polycyclic aromatic hydrocarbons,pyrene,0
2_202_EdoA1,3_305_ArhA1,34.3,ethylbenzene,polycyclic aromatic hydrocarbons,0
2_203_cumA1,3_319_PhdA,34.3,cumene,phenanthrene,0
2_204_Dpe,3_308_DxnA1,34.3,diphenyl ether,dibenzo-p-dioxin,0
2_209_TDO,3_320_NidA3,34.3,toluene,polycyclic aromatic hydrocarbons,0
2_212_BedC1,3_310_DntAc,34.3,benzene,"2,4-dinitrotoluene",0
3_305_ArhA1,3_314_NDO,34.3,polycyclic aromatic hydrocarbons,naphthalene,0
3_305_ArhA1,3_316_NarAa,34.3,polycyclic aromatic hydrocarbons,naphthalene,0
3_306_3NTDO,3_318_NidA,34.3,3-nitrotoluene,pyrene,0
3_306_3NTDO,3_311_PhtAa,34.3,3-nitrotoluene,phthalate,0
4_404_TdnA1,4_410_CbdC,34.3,aniline,2-halobenzoate,0
2_204_Dpe,2_218_BphA1,34.2,diphenyl ether,biphenyl,0
2_207_BpdC1,3_319_PhdA,34.2,biphenyl,phenanthrene,0
2_207_BpdC1,2_211_bfzA,34.2,biphenyl,benzene and fluorene,0
2_209_TDO,3_305_ArhA1,34.2,toluene,polycyclic aromatic hydrocarbons,0
2_209_TDO,3_318_NidA,34.2,toluene,pyrene,0
2_212_BedC1,3_305_ArhA1,34.2,benzene,polycyclic aromatic hydrocarbons,0
2_202_EdoA1,3_319_PhdA,34.1,ethylbenzene,phenanthrene,0
2_209_TDO,3_312_NinA,34.1,toluene,nitroaromatic compounds,0
2_212_BedC1,3_318_NidA,34.1,benzene,pyrene,0
2_213_BphA1A2,3_319_PhdA,34.1,biphenyl,phenanthrene,0
2_213_BphA1A2,3_303_NBDO,34.1,biphenyl,nitrobenzene,0
4_403_AtdA,4_410_CbdC,34.1,aniline,2-halobenzoate,0
1_104_VanA,1_105_DdmC,34.0,vanillate,dicamba,0
2_209_TDO,3_310_DntAc,34.0,toluene,"2,4-dinitrotoluene",0
2_213_BphA1A2,3_311_PhtAa,34.0,biphenyl,phthalate,0
2_213_BphA1A2,2_215_cadA,34.0,biphenyl,"2,4-dichlorophenoxyacetate (2,4-D)",0
3_306_3NTDO,3_317_NidA,34.0,3-nitrotoluene,pyrene,0
2_201_BphA1,2_211_bfzA,33.9,biphenyl,benzene and fluorene,0
3_310_DntAc,3_318_NidA,33.9,"2,4-dinitrotoluene",pyrene,0
2_211_bfzA,3_318_NidA,33.8,benzene and fluorene,pyrene,0
2_203_cumA1,3_309_NahAc,33.7,cumene,naphthalene,0
2_203_cumA1,3_315_NDO,33.7,cumene,naphthalene,0
2_204_Dpe,3_309_NahAc,33.7,diphenyl ether,naphthalene,0
2_204_Dpe,3_315_NDO,33.7,diphenyl ether,naphthalene,0
2_206_IpBAa,3_309_NahAc,33.7,isopropylbenzene,naphthalene,0
2_206_IpBAa,3_315_NDO,33.7,isopropylbenzene,naphthalene,0
2_213_BphA1A2,3_309_NahAc,33.7,biphenyl,naphthalene,0
2_213_BphA1A2,3_315_NDO,33.7,biphenyl,naphthalene,0
2_215_cadA,4_402_PsbAb,33.7,"2,4-dichlorophenoxyacetate (2,4-D)",4-sulfobenzoate,0
2_216_BPDO,3_319_PhdA,33.7,biphenyl,phenanthrene,0
2_218_BphA1,3_318_NidA,33.7,biphenyl,pyrene,0
3_319_PhdA,4_407_PbaA1,33.7,phenanthrene,3-phenoxybenzoate,0
2_212_BedC1,3_320_NidA3,33.6,benzene,polycyclic aromatic hydrocarbons,0
3_305_ArhA1,3_320_NidA3,33.6,polycyclic aromatic hydrocarbons,polycyclic aromatic hydrocarbons,1
3_305_ArhA1,3_311_PhtAa,33.6,polycyclic aromatic hydrocarbons,phthalate,0
3_308_DxnA1,3_314_NDO,33.6,dibenzo-p-dioxin,naphthalene,0
3_308_DxnA1,3_316_NarAa,33.6,dibenzo-p-dioxin,naphthalene,0
3_320_NidA3,4_407_PbaA1,33.6,polycyclic aromatic hydrocarbons,3-phenoxybenzoate,0
2_202_EdoA1,3_309_NahAc,33.5,ethylbenzene,naphthalene,0
2_202_EdoA1,3_315_NDO,33.5,ethylbenzene,naphthalene,0
2_206_IpBAa,3_319_PhdA,33.5,isopropylbenzene,phenanthrene,0
1_109_LigX,4_405_ROCH34,33.4,"5,5'-dehydrodivanillate",phthalate,0
2_208_TecA1,3_311_PhtAa,33.4,"1,2,4,5-tetrachlorobenzene",phthalate,0
2_216_BPDO,3_318_NidA,33.4,biphenyl,pyrene,0
3_302_DitA,3_319_PhdA,33.4,dehydroabietate,phenanthrene,0
2_203_cumA1,3_303_NBDO,33.3,cumene,nitrobenzene,0
2_206_IpBAa,3_318_NidA,33.3,isopropylbenzene,pyrene,0
2_206_IpBAa,3_306_3NTDO,33.3,isopropylbenzene,3-nitrotoluene,0
2_206_IpBAa,3_303_NBDO,33.3,isopropylbenzene,nitrobenzene,0
3_306_3NTDO,3_320_NidA3,33.3,3-nitrotoluene,polycyclic aromatic hydrocarbons,0
3_308_DxnA1,3_318_NidA,33.3,dibenzo-p-dioxin,pyrene,0
3_311_PhtAa,4_404_TdnA1,33.3,phthalate,aniline,0
1_104_VanA,1_107_CndA,33.2,vanillate,"chloroacetanilide herbicides (alachlor, acetochlor, butachlor)",0
2_210_XylC1,3_318_NidA,33.2,xylene,pyrene,0
2_203_cumA1,3_312_NinA,33.1,cumene,nitroaromatic compounds,0
2_203_cumA1,2_211_bfzA,33.1,cumene,benzene and fluorene,0
2_207_BpdC1,3_311_PhtAa,33.1,biphenyl,phthalate,0
2_210_XylC1,3_311_PhtAa,33.1,xylene,phthalate,0
2_213_BphA1A2,3_310_DntAc,33.1,biphenyl,"2,4-dinitrotoluene",0
2_216_BPDO,4_402_PsbAb,33.1,biphenyl,4-sulfobenzoate,0
3_301_PhnA1a,3_318_NidA,33.1,phenanthrene,pyrene,0
3_308_DxnA1,3_311_PhtAa,33.1,dibenzo-p-dioxin,phthalate,0
2_201_BphA1,3_306_3NTDO,33.0,biphenyl,3-nitrotoluene,0
2_201_BphA1,3_310_DntAc,33.0,biphenyl,"2,4-dinitrotoluene",0
2_202_EdoA1,3_318_NidA,33.0,ethylbenzene,pyrene,0
2_202_EdoA1,3_303_NBDO,33.0,ethylbenzene,nitrobenzene,0
3_308_DxnA1,3_320_NidA3,33.0,dibenzo-p-dioxin,polycyclic aromatic hydrocarbons,0
1_106_TsaM,1_107_CndA,32.9,4-toluenesulfonate,"chloroacetanilide herbicides (alachlor, acetochlor, butachlor)",0
2_202_EdoA1,3_312_NinA,32.9,ethylbenzene,nitroaromatic compounds,0
2_202_EdoA1,2_211_bfzA,32.9,ethylbenzene,benzene and fluorene,0
2_203_cumA1,3_310_DntAc,32.9,cumene,"2,4-dinitrotoluene",0
2_206_IpBAa,3_312_NinA,32.9,isopropylbenzene,nitroaromatic compounds,0
2_210_XylC1,3_309_NahAc,32.9,xylene,naphthalene,0
2_210_XylC1,3_315_NDO,32.9,xylene,naphthalene,0
2_213_BphA1A2,3_312_NinA,32.9,biphenyl,nitroaromatic compounds,0
2_214_TftA,4_402_PsbAb,32.9,"2,4,5-trichlorophenoxyacetate",4-sulfobenzoate,0
3_302_DitA,3_318_NidA,32.9,dehydroabietate,pyrene,0
3_310_DntAc,3_320_NidA3,32.9,"2,4-dinitrotoluene",polycyclic aromatic hydrocarbons,0
2_211_bfzA,3_317_NidA,32.8,benzene and fluorene,pyrene,0
2_214_TftA,4_404_TdnA1,32.8,"2,4,5-trichlorophenoxyacetate",aniline,0
3_301_PhnA1a,3_320_NidA3,32.8,phenanthrene,polycyclic aromatic hydrocarbons,0
4_402_PsbAb,4_408_AntA,32.8,4-sulfobenzoate,anthranilate,0
2_201_BphA1,3_309_NahAc,32.7,biphenyl,naphthalene,0
2_201_BphA1,3_315_NDO,32.7,biphenyl,naphthalene,0
2_203_cumA1,3_318_NidA,32.7,cumene,pyrene,0
2_204_Dpe,3_310_DntAc,32.7,diphenyl ether,"2,4-dinitrotoluene",0
2_206_IpBAa,2_211_bfzA,32.7,isopropylbenzene,benzene and fluorene,0
2_209_TDO,2_211_bfzA,32.7,toluene,benzene and fluorene,0
2_217_HcaE,3_311_PhtAa,32.7,3-phenylpropionate,phthalate,0
2_218_BphA1,3_320_NidA3,32.7,biphenyl,polycyclic aromatic hydrocarbons,0
3_302_DitA,3_314_NDO,32.7,dehydroabietate,naphthalene,0
3_302_DitA,3_316_NarAa,32.7,dehydroabietate,naphthalene,0
3_308_DxnA1,3_319_PhdA,32.7,dibenzo-p-dioxin,phenanthrene,0
2_202_EdoA1,3_310_DntAc,32.6,ethylbenzene,"2,4-dinitrotoluene",0
2_204_Dpe,3_301_PhnA1a,32.6,diphenyl ether,phenanthrene,0
2_206_IpBAa,3_310_DntAc,32.6,isopropylbenzene,"2,4-dinitrotoluene",0
2_216_BPDO,3_320_NidA3,32.6,biphenyl,polycyclic aromatic hydrocarbons,0
3_309_NahAc,3_311_PhtAa,32.6,naphthalene,phthalate,0
2_201_BphA1,3_312_NinA,32.5,biphenyl,nitroaromatic compounds,0
2_203_cumA1,3_320_NidA3,32.5,cumene,polycyclic aromatic hydrocarbons,0
2_206_IpBAa,3_311_PhtAa,32.5,isopropylbenzene,phthalate,0
2_211_bfzA,3_319_PhdA,32.5,benzene and fluorene,phenanthrene,0
3_301_PhnA1a,4_402_PsbAb,32.5,phenanthrene,4-sulfobenzoate,0
3_302_DitA,3_317_NidA,32.5,dehydroabietate,pyrene,0
2_204_Dpe,2_216_BPDO,32.4,diphenyl ether,biphenyl,0
2_211_bfzA,2_218_BphA1,32.4,benzene and fluorene,biphenyl,0
3_301_PhnA1a,3_319_PhdA,32.4,phenanthrene,phenanthrene,1
3_301_PhnA1a,3_311_PhtAa,32.4,phenanthrene,phthalate,0
2_202_EdoA1,3_320_NidA3,32.3,ethylbenzene,polycyclic aromatic hydrocarbons,0
2_204_Dpe,3_303_NBDO,32.3,diphenyl ether,nitrobenzene,0
2_211_bfzA,2_212_BedC1,32.3,benzene and fluorene,benzene,0
2_211_bfzA,3_308_DxnA1,32.3,benzene and fluorene,dibenzo-p-dioxin,0
3_311_PhtAa,4_407_PbaA1,32.3,phthalate,3-phenoxybenzoate,0
3_314_NDO,4_402_PsbAb,32.3,naphthalene,4-sulfobenzoate,0
3_316_NarAa,4_402_PsbAb,32.3,naphthalene,4-sulfobenzoate,0
3_317_NidA,4_402_PsbAb,32.3,pyrene,4-sulfobenzoate,0
4_402_PsbAb,4_403_AtdA,32.3,4-sulfobenzoate,aniline,0
2_201_BphA1,3_303_NBDO,32.2,biphenyl,nitrobenzene,0
2_211_bfzA,3_314_NDO,32.2,benzene and fluorene,naphthalene,0
2_211_bfzA,3_316_NarAa,32.2,benzene and fluorene,naphthalene,0
2_211_bfzA,4_404_TdnA1,32.2,benzene and fluorene,aniline,0
3_311_PhtAa,3_315_NDO,32.2,phthalate,naphthalene,0
4_403_AtdA,4_411_XylX,32.2,aniline,toluate and benzoate,0
2_212_BedC1,3_311_PhtAa,32.1,benzene,phthalate,0
2_211_bfzA,3_303_NBDO,32.0,benzene and fluorene,nitrobenzene,0
2_214_TftA,3_318_NidA,32.0,"2,4,5-trichlorophenoxyacetate",pyrene,0
2_215_cadA,4_404_TdnA1,32.0,"2,4-dichlorophenoxyacetate (2,4-D)",aniline,0
2_216_BPDO,3_311_PhtAa,32.0,biphenyl,phthalate,0
3_309_NahAc,4_404_TdnA1,32.0,naphthalene,aniline,0
3_315_NDO,4_404_TdnA1,32.0,naphthalene,aniline,0
4_402_PsbAb,4_411_XylX,32.0,4-sulfobenzoate,toluate and benzoate,0
2_202_EdoA1,3_311_PhtAa,31.9,ethylbenzene,phthalate,0
2_204_Dpe,3_305_ArhA1,31.9,diphenyl ether,polycyclic aromatic hydrocarbons,0
2_210_XylC1,2_211_bfzA,31.9,xylene,benzene and fluorene,0
3_318_NidA,4_401_CmtAb,31.9,pyrene,p-cumate,0
2_204_Dpe,3_320_NidA3,31.8,diphenyl ether,polycyclic aromatic hydrocarbons,0
2_206_IpBAa,3_320_NidA3,31.8,isopropylbenzene,polycyclic aromatic hydrocarbons,0
4_403_AtdA,4_408_AntA,31.8,aniline,anthranilate,0
2_203_cumA1,3_311_PhtAa,31.7,cumene,phthalate,0
2_204_Dpe,3_312_NinA,31.7,diphenyl ether,nitroaromatic compounds,0
2_214_TftA,4_401_CmtAb,31.7,"2,4,5-trichlorophenoxyacetate",p-cumate,0
2_218_BphA1,3_311_PhtAa,31.7,biphenyl,phthalate,0
2_210_XylC1,3_310_DntAc,31.6,xylene,"2,4-dinitrotoluene",0
2_211_bfzA,3_306_3NTDO,31.6,benzene and fluorene,3-nitrotoluene,0
2_211_bfzA,2_215_cadA,31.6,benzene and fluorene,"2,4-dichlorophenoxyacetate (2,4-D)",0
2_217_HcaE,4_402_PsbAb,31.6,3-phenylpropionate,4-sulfobenzoate,0
3_312_NinA,4_402_PsbAb,31.6,nitroaromatic compounds,4-sulfobenzoate,0
4_402_PsbAb,4_404_TdnA1,31.6,4-sulfobenzoate,aniline,0
2_210_XylC1,3_306_3NTDO,31.5,xylene,3-nitrotoluene,0
2_211_bfzA,3_312_NinA,31.5,benzene and fluorene,nitroaromatic compounds,0
3_305_ArhA1,4_411_XylX,31.5,polycyclic aromatic hydrocarbons,toluate and benzoate,0
4_401_CmtAb,4_408_AntA,31.5,p-cumate,anthranilate,0
2_204_Dpe,3_306_3NTDO,31.4,diphenyl ether,3-nitrotoluene,0
2_211_bfzA,3_309_NahAc,31.4,benzene and fluorene,naphthalene,0
2_211_bfzA,3_315_NDO,31.4,benzene and fluorene,naphthalene,0
2_215_cadA,2_218_BphA1,31.4,"2,4-dichlorophenoxyacetate (2,4-D)",biphenyl,0
2_208_TecA1,2_215_cadA,31.3,"1,2,4,5-tetrachlorobenzene","2,4-dichlorophenoxyacetate (2,4-D)",0
2_211_bfzA,3_302_DitA,31.3,benzene and fluorene,dehydroabietate,0
2_217_HcaE,3_302_DitA,31.3,3-phenylpropionate,dehydroabietate,0
3_310_DntAc,4_402_PsbAb,31.3,"2,4-dinitrotoluene",4-sulfobenzoate,0
4_402_PsbAb,4_410_CbdC,31.3,4-sulfobenzoate,2-halobenzoate,0
5_501_CmoS,5_504_CntA,31.3,choline,L-carnitine,0
2_207_BpdC1,2_215_cadA,31.2,biphenyl,"2,4-dichlorophenoxyacetate (2,4-D)",0
2_204_Dpe,2_215_cadA,31.1,diphenyl ether,"2,4-dichlorophenoxyacetate (2,4-D)",0
2_210_XylC1,3_303_NBDO,31.1,xylene,nitrobenzene,0
2_210_XylC1,3_312_NinA,31.1,xylene,nitroaromatic compounds,0
1_111_GxtA,1_113_CdnA,31.0,gonyautoxin pathway intermediate,caffeine and methylxanthines,0
2_211_bfzA,3_305_ArhA1,31.0,benzene and fluorene,polycyclic aromatic hydrocarbons,0
3_309_NahAc,4_402_PsbAb,31.0,naphthalene,4-sulfobenzoate,0
3_311_PhtAa,4_410_CbdC,31.0,phthalate,2-halobenzoate,0
3_312_NinA,4_408_AntA,31.0,nitroaromatic compounds,anthranilate,0
3_315_NDO,4_402_PsbAb,31.0,naphthalene,4-sulfobenzoate,0
4_401_CmtAb,4_411_XylX,31.0,p-cumate,toluate and benzoate,0
4_403_AtdA,4_407_PbaA1,31.0,aniline,3-phenoxybenzoate,0
4_404_TdnA1,4_411_XylX,31.0,aniline,toluate and benzoate,0
2_204_Dpe,4_403_AtdA,30.9,diphenyl ether,aniline,0
3_312_NinA,4_401_CmtAb,30.9,nitroaromatic compounds,p-cumate,0
2_204_Dpe,4_410_CbdC,30.8,diphenyl ether,2-halobenzoate,0
2_215_cadA,4_401_CmtAb,30.8,"2,4-dichlorophenoxyacetate (2,4-D)",p-cumate,0
2_211_bfzA,3_310_DntAc,30.7,benzene and fluorene,"2,4-dinitrotoluene",0
2_211_bfzA,3_311_PhtAa,30.7,benzene and fluorene,phthalate,0
2_215_cadA,4_403_AtdA,30.7,"2,4-dichlorophenoxyacetate (2,4-D)",aniline,0
3_305_ArhA1,4_402_PsbAb,30.7,polycyclic aromatic hydrocarbons,4-sulfobenzoate,0
3_306_3NTDO,4_402_PsbAb,30.7,3-nitrotoluene,4-sulfobenzoate,0
3_309_NahAc,4_403_AtdA,30.7,naphthalene,aniline,0
3_315_NDO,4_403_AtdA,30.7,naphthalene,aniline,0
4_404_TdnA1,4_408_AntA,30.7,aniline,anthranilate,0
5_502_CmoB,5_504_CntA,30.7,choline,L-carnitine,0
1_108_PobA,1_109_LigX,30.6,4-hydroxybenzoate,"5,5'-dehydrodivanillate",0
1_110_SxtT,1_115_NdmC,30.6,saxitoxin pathway intermediate,7-methylxanthine,0
1_110_SxtT,1_114_NdmB,30.6,saxitoxin pathway intermediate,caffeine,0
2_210_XylC1,3_302_DitA,30.5,xylene,dehydroabietate,0
2_217_HcaE,4_408_AntA,30.5,3-phenylpropionate,anthranilate,0
3_308_DxnA1,4_404_TdnA1,30.5,dibenzo-p-dioxin,aniline,0
3_312_NinA,4_411_XylX,30.5,nitroaromatic compounds,toluate and benzoate,0
1_108_PobA,4_405_ROCH34,30.4,4-hydroxybenzoate,phthalate,0
1_111_GxtA,1_115_NdmC,30.4,gonyautoxin pathway intermediate,7-methylxanthine,0
1_111_GxtA,1_114_NdmB,30.4,gonyautoxin pathway intermediate,caffeine,0
2_201_BphA1,3_307_NagGH,30.4,biphenyl,naphthalene-2-sulfonate,0
2_211_bfzA,4_402_PsbAb,30.4,benzene and fluorene,4-sulfobenzoate,0
2_212_BedC1,4_411_XylX,30.4,benzene,toluate and benzoate,0
2_214_TftA,4_403_AtdA,30.4,"2,4,5-trichlorophenoxyacetate",aniline,0
3_305_ArhA1,4_408_AntA,30.4,polycyclic aromatic hydrocarbons,anthranilate,0
2_204_Dpe,4_411_XylX,30.3,diphenyl ether,toluate and benzoate,0
2_211_bfzA,4_401_CmtAb,30.3,benzene and fluorene,p-cumate,0
3_303_NBDO,4_402_PsbAb,30.3,nitrobenzene,4-sulfobenzoate,0
3_303_NBDO,4_401_CmtAb,30.3,nitrobenzene,p-cumate,0
3_312_NinA,4_403_AtdA,30.3,nitroaromatic compounds,aniline,0
3_319_PhdA,4_410_CbdC,30.3,phenanthrene,2-halobenzoate,0
3_320_NidA3,4_401_CmtAb,30.3,polycyclic aromatic hydrocarbons,p-cumate,0
2_216_BPDO,4_401_CmtAb,30.2,biphenyl,p-cumate,0
3_302_DitA,3_305_ArhA1,30.2,dehydroabietate,polycyclic aromatic hydrocarbons,0
3_317_NidA,4_401_CmtAb,30.2,pyrene,p-cumate,0
4_401_CmtAb,4_403_AtdA,30.2,p-cumate,aniline,0
2_209_TDO,2_215_cadA,30.1,toluene,"2,4-dichlorophenoxyacetate (2,4-D)",0
3_306_3NTDO,4_408_AntA,30.1,3-nitrotoluene,anthranilate,0
3_309_NahAc,4_411_XylX,30.1,naphthalene,toluate and benzoate,0
3_309_NahAc,4_408_AntA,30.1,naphthalene,anthranilate,0
3_315_NDO,4_411_XylX,30.1,naphthalene,toluate and benzoate,0
3_315_NDO,4_408_AntA,30.1,naphthalene,anthranilate,0
2_204_Dpe,4_404_TdnA1,30.0,diphenyl ether,aniline,0
2_211_bfzA,3_320_NidA3,30.0,benzene and fluorene,polycyclic aromatic hydrocarbons,0
2_214_TftA,3_308_DxnA1,30.0,"2,4,5-trichlorophenoxyacetate",dibenzo-p-dioxin,0
2_207_BpdC1,4_404_TdnA1,29.9,biphenyl,aniline,0
2_210_XylC1,2_215_cadA,29.9,xylene,"2,4-dichlorophenoxyacetate (2,4-D)",0
2_214_TftA,3_314_NDO,29.9,"2,4,5-trichlorophenoxyacetate",naphthalene,0
2_214_TftA,3_316_NarAa,29.9,"2,4,5-trichlorophenoxyacetate",naphthalene,0
2_215_cadA,3_318_NidA,29.9,"2,4-dichlorophenoxyacetate (2,4-D)",pyrene,0
2_215_cadA,3_319_PhdA,29.9,"2,4-dichlorophenoxyacetate (2,4-D)",phenanthrene,0
2_215_cadA,3_303_NBDO,29.9,"2,4-dichlorophenoxyacetate (2,4-D)",nitrobenzene,0
1_110_SxtT,1_113_CdnA,29.8,saxitoxin pathway intermediate,caffeine and methylxanthines,0
2_218_BphA1,4_403_AtdA,29.8,biphenyl,aniline,0
3_301_PhnA1a,4_401_CmtAb,29.8,phenanthrene,p-cumate,0
3_309_NahAc,4_401_CmtAb,29.8,naphthalene,p-cumate,0
3_315_NDO,4_401_CmtAb,29.8,naphthalene,p-cumate,0
2_204_Dpe,2_214_TftA,29.7,diphenyl ether,"2,4,5-trichlorophenoxyacetate",0
2_208_TecA1,4_411_XylX,29.7,"1,2,4,5-tetrachlorobenzene",toluate and benzoate,0
2_211_bfzA,4_411_XylX,29.7,benzene and fluorene,toluate and benzoate,0
2_212_BedC1,2_215_cadA,29.7,benzene,"2,4-dichlorophenoxyacetate (2,4-D)",0
3_318_NidA,4_402_PsbAb,29.7,pyrene,4-sulfobenzoate,0
3_318_NidA,4_408_AntA,29.7,pyrene,anthranilate,0
2_204_Dpe,4_408_AntA,29.6,diphenyl ether,anthranilate,0
2_215_cadA,4_407_PbaA1,29.6,"2,4-dichlorophenoxyacetate (2,4-D)",3-phenoxybenzoate,0
2_217_HcaE,4_411_XylX,29.6,3-phenylpropionate,toluate and benzoate,0
3_303_NBDO,4_411_XylX,29.6,nitrobenzene,toluate and benzoate,0
3_306_3NTDO,4_401_CmtAb,29.6,3-nitrotoluene,p-cumate,0
2_207_BpdC1,3_302_DitA,29.5,biphenyl,dehydroabietate,0
2_215_cadA,3_308_DxnA1,29.5,"2,4-dichlorophenoxyacetate (2,4-D)",dibenzo-p-dioxin,0
2_216_BPDO,4_404_TdnA1,29.5,biphenyl,aniline,0
3_302_DitA,3_320_NidA3,29.5,dehydroabietate,polycyclic aromatic hydrocarbons,0
3_306_3NTDO,4_411_XylX,29.5,3-nitrotoluene,toluate and benzoate,0
3_308_DxnA1,4_410_CbdC,29.5,dibenzo-p-dioxin,2-halobenzoate,0
3_310_DntAc,4_403_AtdA,29.5,"2,4-dinitrotoluene",aniline,0
2_204_Dpe,3_307_NagGH,29.4,diphenyl ether,naphthalene-2-sulfonate,0
2_208_TecA1,3_307_NagGH,29.4,"1,2,4,5-tetrachlorobenzene",naphthalene-2-sulfonate,0
2_213_BphA1A2,3_307_NagGH,29.4,biphenyl,naphthalene-2-sulfonate,0
2_217_HcaE,4_404_TdnA1,29.4,3-phenylpropionate,aniline,0
2_217_HcaE,4_410_CbdC,29.4,3-phenylpropionate,2-halobenzoate,0
3_305_ArhA1,4_404_TdnA1,29.4,polycyclic aromatic hydrocarbons,aniline,0
3_314_NDO,4_401_CmtAb,29.4,naphthalene,p-cumate,0
3_316_NarAa,4_401_CmtAb,29.4,naphthalene,p-cumate,0
1_109_LigX,4_406_PDO,29.3,"5,5'-dehydrodivanillate",phthalate,0
2_201_BphA1,3_302_DitA,29.3,biphenyl,dehydroabietate,0
2_209_TDO,4_411_XylX,29.3,toluene,toluate and benzoate,0
2_213_BphA1A2,3_302_DitA,29.3,biphenyl,dehydroabietate,0
2_216_BPDO,4_403_AtdA,29.3,biphenyl,aniline,0
3_302_DitA,3_306_3NTDO,29.3,dehydroabietate,3-nitrotoluene,0
3_308_DxnA1,4_403_AtdA,29.3,dibenzo-p-dioxin,aniline,0
3_317_NidA,4_408_AntA,29.3,pyrene,anthranilate,0
3_319_PhdA,4_402_PsbAb,29.3,phenanthrene,4-sulfobenzoate,0
2_206_IpBAa,3_307_NagGH,29.2,isopropylbenzene,naphthalene-2-sulfonate,0
2_214_TftA,4_407_PbaA1,29.2,"2,4,5-trichlorophenoxyacetate",3-phenoxybenzoate,0
2_215_cadA,4_409_TPDO,29.2,"2,4-dichlorophenoxyacetate (2,4-D)",terephthalate,0
2_216_BPDO,4_411_XylX,29.2,biphenyl,toluate and benzoate,0
3_308_DxnA1,4_411_XylX,29.2,dibenzo-p-dioxin,toluate and benzoate,0
4_404_TdnA1,4_407_PbaA1,29.2,aniline,3-phenoxybenzoate,0
2_201_BphA1,4_408_AntA,29.1,biphenyl,anthranilate,0
2_201_BphA1,4_403_AtdA,29.1,biphenyl,aniline,0
2_203_cumA1,4_401_CmtAb,29.1,cumene,p-cumate,0
2_212_BedC1,3_307_NagGH,29.1,benzene,naphthalene-2-sulfonate,0
2_213_BphA1A2,4_402_PsbAb,29.1,biphenyl,4-sulfobenzoate,0
2_214_TftA,3_320_NidA3,29.1,"2,4,5-trichlorophenoxyacetate",polycyclic aromatic hydrocarbons,0
2_214_TftA,3_319_PhdA,29.1,"2,4,5-trichlorophenoxyacetate",phenanthrene,0
2_215_cadA,2_217_HcaE,29.1,"2,4-dichlorophenoxyacetate (2,4-D)",3-phenylpropionate,0
2_216_BPDO,3_307_NagGH,29.1,biphenyl,naphthalene-2-sulfonate,0
5_503_CmoA,5_504_CntA,29.1,choline,L-carnitine,0
2_202_EdoA1,3_302_DitA,29.0,ethylbenzene,dehydroabietate,0
2_202_EdoA1,3_307_NagGH,29.0,ethylbenzene,naphthalene-2-sulfonate,0
2_203_cumA1,3_302_DitA,29.0,cumene,dehydroabietate,0
2_206_IpBAa,4_401_CmtAb,29.0,isopropylbenzene,p-cumate,0
2_208_TecA1,3_302_DitA,29.0,"1,2,4,5-tetrachlorobenzene",dehydroabietate,0
2_208_TecA1,4_404_TdnA1,29.0,"1,2,4,5-tetrachlorobenzene",aniline,0
2_209_TDO,3_307_NagGH,29.0,toluene,naphthalene-2-sulfonate,0
2_213_BphA1A2,4_404_TdnA1,29.0,biphenyl,aniline,0
2_214_TftA,3_305_ArhA1,29.0,"2,4,5-trichlorophenoxyacetate",polycyclic aromatic hydrocarbons,0
2_214_TftA,3_303_NBDO,29.0,"2,4,5-trichlorophenoxyacetate",nitrobenzene,0
2_214_TftA,2_217_HcaE,29.0,"2,4,5-trichlorophenoxyacetate",3-phenylpropionate,0
2_217_HcaE,4_401_CmtAb,29.0,3-phenylpropionate,p-cumate,0
3_305_ArhA1,4_401_CmtAb,29.0,polycyclic aromatic hydrocarbons,p-cumate,0
3_318_NidA,4_410_CbdC,29.0,pyrene,2-halobenzoate,0
4_407_PbaA1,4_411_XylX,29.0,3-phenoxybenzoate,toluate and benzoate,0
5_505_qxyA,5_506_Stc2,29.0,benzalkonium chloride and other quaternary ammonium compounds,stachydrine,0
2_203_cumA1,3_307_NagGH,28.9,cumene,naphthalene-2-sulfonate,0
2_206_IpBAa,4_408_AntA,28.9,isopropylbenzene,anthranilate,0
2_208_TecA1,4_402_PsbAb,28.9,"1,2,4,5-tetrachlorobenzene",4-sulfobenzoate,0
2_215_cadA,3_312_NinA,28.9,"2,4-dichlorophenoxyacetate (2,4-D)",nitroaromatic compounds,0
3_302_DitA,3_311_PhtAa,28.9,dehydroabietate,phthalate,0
3_302_DitA,4_407_PbaA1,28.9,dehydroabietate,3-phenoxybenzoate,0
3_302_DitA,3_307_NagGH,28.9,dehydroabietate,naphthalene-2-sulfonate,0
3_318_NidA,4_409_TPDO,28.9,pyrene,terephthalate,0
2_202_EdoA1,4_401_CmtAb,28.8,ethylbenzene,p-cumate,0
2_204_Dpe,4_402_PsbAb,28.8,diphenyl ether,4-sulfobenzoate,0
2_210_XylC1,4_402_PsbAb,28.8,xylene,4-sulfobenzoate,0
2_218_BphA1,4_402_PsbAb,28.8,biphenyl,4-sulfobenzoate,0
3_301_PhnA1a,4_404_TdnA1,28.8,phenanthrene,aniline,0
3_307_NagGH,3_319_PhdA,28.8,naphthalene-2-sulfonate,phenanthrene,0
3_310_DntAc,4_411_XylX,28.8,"2,4-dinitrotoluene",toluate and benzoate,0
3_320_NidA3,4_402_PsbAb,28.8,polycyclic aromatic hydrocarbons,4-sulfobenzoate,0
5_505_qxyA,5_507_BmoA,28.8,benzalkonium chloride and other quaternary ammonium compounds,glycine betaine,0
2_204_Dpe,4_401_CmtAb,28.7,diphenyl ether,p-cumate,0
2_206_IpBAa,3_302_DitA,28.7,isopropylbenzene,dehydroabietate,0
2_209_TDO,4_404_TdnA1,28.7,toluene,aniline,0
2_210_XylC1,3_307_NagGH,28.7,xylene,naphthalene-2-sulfonate,0
2_215_cadA,3_309_NahAc,28.7,"2,4-dichlorophenoxyacetate (2,4-D)",naphthalene,0
2_215_cadA,3_315_NDO,28.7,"2,4-dichlorophenoxyacetate (2,4-D)",naphthalene,0
2_218_BphA1,3_307_NagGH,28.7,biphenyl,naphthalene-2-sulfonate,0
1_111_GxtA,1_112_NdmA,28.6,gonyautoxin pathway intermediate,caffeine,0
2_201_BphA1,4_411_XylX,28.6,biphenyl,toluate and benzoate,0
2_207_BpdC1,4_408_AntA,28.6,biphenyl,anthranilate,0
2_210_XylC1,4_404_TdnA1,28.6,xylene,aniline,0
3_310_DntAc,4_401_CmtAb,28.6,"2,4-dinitrotoluene",p-cumate,0
3_314_NDO,4_408_AntA,28.6,naphthalene,anthranilate,0
3_316_NarAa,4_408_AntA,28.6,naphthalene,anthranilate,0
3_320_NidA3,4_408_AntA,28.6,polycyclic aromatic hydrocarbons,anthranilate,0
4_403_AtdA,4_409_TPDO,28.6,aniline,terephthalate,0
2_214_TftA,3_317_NidA,28.5,"2,4,5-trichlorophenoxyacetate",pyrene,0
3_302_DitA,3_312_NinA,28.5,dehydroabietate,nitroaromatic compounds,0
3_307_NagGH,3_317_NidA,28.5,naphthalene-2-sulfonate,pyrene,0
3_310_DntAc,4_408_AntA,28.5,"2,4-dinitrotoluene",anthranilate,0
4_407_PbaA1,4_410_CbdC,28.5,3-phenoxybenzoate,2-halobenzoate,0
2_201_BphA1,4_402_PsbAb,28.4,biphenyl,4-sulfobenzoate,0
3_301_PhnA1a,4_403_AtdA,28.4,phenanthrene,aniline,0
3_308_DxnA1,4_402_PsbAb,28.4,dibenzo-p-dioxin,4-sulfobenzoate,0
3_317_NidA,4_410_CbdC,28.4,pyrene,2-halobenzoate,0
3_319_PhdA,4_411_XylX,28.4,phenanthrene,toluate and benzoate,0
3_320_NidA3,4_410_CbdC,28.4,polycyclic aromatic hydrocarbons,2-halobenzoate,0
4_408_AntA,4_409_TPDO,28.4,anthranilate,terephthalate,0
1_110_SxtT,1_112_NdmA,28.3,saxitoxin pathway intermediate,caffeine,0
2_209_TDO,4_403_AtdA,28.3,toluene,aniline,0
2_215_cadA,3_314_NDO,28.3,"2,4-dichlorophenoxyacetate (2,4-D)",naphthalene,0
2_215_cadA,3_316_NarAa,28.3,"2,4-dichlorophenoxyacetate (2,4-D)",naphthalene,0
2_218_BphA1,4_404_TdnA1,28.3,biphenyl,aniline,0
3_303_NBDO,4_410_CbdC,28.3,nitrobenzene,2-halobenzoate,0
3_311_PhtAa,4_411_XylX,28.3,phthalate,toluate and benzoate,0
4_401_CmtAb,4_410_CbdC,28.3,p-cumate,2-halobenzoate,0
2_214_TftA,3_311_PhtAa,28.2,"2,4,5-trichlorophenoxyacetate",phthalate,0
3_306_3NTDO,5_506_Stc2,28.2,3-nitrotoluene,stachydrine,0
3_307_NagGH,3_314_NDO,28.2,naphthalene-2-sulfonate,naphthalene,0
3_307_NagGH,3_316_NarAa,28.2,naphthalene-2-sulfonate,naphthalene,0
3_312_NinA,4_410_CbdC,28.2,nitroaromatic compounds,2-halobenzoate,0
2_214_TftA,3_309_NahAc,28.1,"2,4,5-trichlorophenoxyacetate",naphthalene,0
2_214_TftA,3_315_NDO,28.1,"2,4,5-trichlorophenoxyacetate",naphthalene,0
2_215_cadA,3_306_3NTDO,28.1,"2,4-dichlorophenoxyacetate (2,4-D)",3-nitrotoluene,0
2_218_BphA1,3_302_DitA,28.1,biphenyl,dehydroabietate,0
3_302_DitA,3_308_DxnA1,28.1,dehydroabietate,dibenzo-p-dioxin,0
3_307_NagGH,3_318_NidA,28.1,naphthalene-2-sulfonate,pyrene,0
3_310_DntAc,5_506_Stc2,28.1,"2,4-dinitrotoluene",stachydrine,0
3_314_NDO,4_410_CbdC,28.1,naphthalene,2-halobenzoate,0
3_316_NarAa,4_410_CbdC,28.1,naphthalene,2-halobenzoate,0
4_401_CmtAb,4_404_TdnA1,28.1,p-cumate,aniline,0
2_207_BpdC1,3_307_NagGH,28.0,biphenyl,naphthalene-2-sulfonate,0
2_211_bfzA,4_410_CbdC,28.0,benzene and fluorene,2-halobenzoate,0
2_211_bfzA,3_307_NagGH,28.0,benzene and fluorene,naphthalene-2-sulfonate,0
2_214_TftA,3_312_NinA,28.0,"2,4,5-trichlorophenoxyacetate",nitroaromatic compounds,0
3_309_NahAc,5_506_Stc2,28.0,naphthalene,stachydrine,0
3_315_NDO,5_506_Stc2,28.0,naphthalene,stachydrine,0
3_318_NidA,4_411_XylX,28.0,pyrene,toluate and benzoate,0
2_203_cumA1,4_402_PsbAb,27.9,cumene,4-sulfobenzoate,0
2_209_TDO,5_506_Stc2,27.9,toluene,stachydrine,0
2_211_bfzA,4_409_TPDO,27.9,benzene and fluorene,terephthalate,0
2_212_BedC1,3_302_DitA,27.9,benzene,dehydroabietate,0
2_213_BphA1A2,4_409_TPDO,27.9,biphenyl,terephthalate,0
3_301_PhnA1a,4_411_XylX,27.9,phenanthrene,toluate and benzoate,0
3_317_NidA,4_411_XylX,27.9,pyrene,toluate and benzoate,0
4_402_PsbAb,4_407_PbaA1,27.9,4-sulfobenzoate,3-phenoxybenzoate,0
2_207_BpdC1,4_410_CbdC,27.8,biphenyl,2-halobenzoate,0
2_209_TDO,4_402_PsbAb,27.8,toluene,4-sulfobenzoate,0
2_212_BedC1,4_403_AtdA,27.8,benzene,aniline,0
2_217_HcaE,3_307_NagGH,27.8,3-phenylpropionate,naphthalene-2-sulfonate,0
4_404_TdnA1,4_409_TPDO,27.8,aniline,terephthalate,0
2_208_TecA1,4_403_AtdA,27.7,"1,2,4,5-tetrachlorobenzene",aniline,0
2_212_BedC1,4_402_PsbAb,27.7,benzene,4-sulfobenzoate,0
3_301_PhnA1a,3_307_NagGH,27.7,phenanthrene,naphthalene-2-sulfonate,0
3_302_DitA,3_303_NBDO,27.7,dehydroabietate,nitrobenzene,0
3_302_DitA,3_310_DntAc,27.7,dehydroabietate,"2,4-dinitrotoluene",0
3_303_NBDO,5_506_Stc2,27.7,nitrobenzene,stachydrine,0
3_309_NahAc,4_410_CbdC,27.7,naphthalene,2-halobenzoate,0
3_315_NDO,4_410_CbdC,27.7,naphthalene,2-halobenzoate,0
4_407_PbaA1,4_408_AntA,27.7,3-phenoxybenzoate,anthranilate,0
2_201_BphA1,2_215_cadA,27.6,biphenyl,"2,4-dichlorophenoxyacetate (2,4-D)",0
2_214_TftA,2_218_BphA1,27.6,"2,4,5-trichlorophenoxyacetate",biphenyl,0
2_216_BPDO,3_302_DitA,27.6,biphenyl,dehydroabietate,0
3_307_NagGH,3_310_DntAc,27.6,naphthalene-2-sulfonate,"2,4-dinitrotoluene",0
3_308_DxnA1,4_408_AntA,27.6,dibenzo-p-dioxin,anthranilate,0
2_206_IpBAa,2_214_TftA,27.5,isopropylbenzene,"2,4,5-trichlorophenoxyacetate",0
2_206_IpBAa,2_215_cadA,27.5,isopropylbenzene,"2,4-dichlorophenoxyacetate (2,4-D)",0
2_213_BphA1A2,4_403_AtdA,27.5,biphenyl,aniline,0
2_214_TftA,3_306_3NTDO,27.5,"2,4,5-trichlorophenoxyacetate",3-nitrotoluene,0
2_214_TftA,3_310_DntAc,27.5,"2,4,5-trichlorophenoxyacetate","2,4-dinitrotoluene",0
2_216_BPDO,4_408_AntA,27.5,biphenyl,anthranilate,0
3_302_DitA,3_309_NahAc,27.5,dehydroabietate,naphthalene,0
3_302_DitA,3_315_NDO,27.5,dehydroabietate,naphthalene,0
5_504_CntA,5_505_qxyA,27.5,L-carnitine,benzalkonium chloride and other quaternary ammonium compounds,0
2_202_EdoA1,4_408_AntA,27.4,ethylbenzene,anthranilate,0
2_203_cumA1,4_408_AntA,27.4,cumene,anthranilate,0
2_208_TecA1,4_401_CmtAb,27.4,"1,2,4,5-tetrachlorobenzene",p-cumate,0
2_210_XylC1,4_408_AntA,27.4,xylene,anthranilate,0
2_215_cadA,3_310_DntAc,27.4,"2,4-dichlorophenoxyacetate (2,4-D)","2,4-dinitrotoluene",0
2_218_BphA1,4_411_XylX,27.4,biphenyl,toluate and benzoate,0
2_202_EdoA1,2_214_TftA,27.3,ethylbenzene,"2,4,5-trichlorophenoxyacetate",0
2_202_EdoA1,4_402_PsbAb,27.3,ethylbenzene,4-sulfobenzoate,0
2_212_BedC1,4_404_TdnA1,27.3,benzene,aniline,0
2_212_BedC1,5_506_Stc2,27.3,benzene,stachydrine,0
2_215_cadA,3_317_NidA,27.3,"2,4-dichlorophenoxyacetate (2,4-D)",pyrene,0
3_306_3NTDO,4_410_CbdC,27.3,3-nitrotoluene,2-halobenzoate,0
3_309_NahAc,4_409_TPDO,27.3,naphthalene,terephthalate,0
3_315_NDO,4_409_TPDO,27.3,naphthalene,terephthalate,0
2_201_BphA1,2_214_TftA,27.2,biphenyl,"2,4,5-trichlorophenoxyacetate",0
2_201_BphA1,4_401_CmtAb,27.2,biphenyl,p-cumate,0
2_204_Dpe,3_302_DitA,27.2,diphenyl ether,dehydroabietate,0
2_208_TecA1,5_506_Stc2,27.2,"1,2,4,5-tetrachlorobenzene",stachydrine,0
2_215_cadA,3_311_PhtAa,27.2,"2,4-dichlorophenoxyacetate (2,4-D)",phthalate,0
2_202_EdoA1,5_507_BmoA,27.1,ethylbenzene,glycine betaine,0
2_203_cumA1,5_507_BmoA,27.1,cumene,glycine betaine,0
2_206_IpBAa,4_402_PsbAb,27.1,isopropylbenzene,4-sulfobenzoate,0
2_213_BphA1A2,4_408_AntA,27.1,biphenyl,anthranilate,0
2_218_BphA1,4_410_CbdC,27.1,biphenyl,2-halobenzoate,0
3_301_PhnA1a,3_302_DitA,27.1,phenanthrene,dehydroabietate,0
3_312_NinA,5_506_Stc2,27.1,nitroaromatic compounds,stachydrine,0
3_320_NidA3,4_411_XylX,27.1,polycyclic aromatic hydrocarbons,toluate and benzoate,0
4_401_CmtAb,4_407_PbaA1,27.1,p-cumate,3-phenoxybenzoate,0
2_203_cumA1,2_214_TftA,27.0,cumene,"2,4,5-trichlorophenoxyacetate",0
2_206_IpBAa,4_410_CbdC,27.0,isopropylbenzene,2-halobenzoate,0
2_208_TecA1,4_409_TPDO,27.0,"1,2,4,5-tetrachlorobenzene",terephthalate,0
2_209_TDO,3_302_DitA,27.0,toluene,dehydroabietate,0
2_213_BphA1A2,5_506_Stc2,27.0,biphenyl,stachydrine,0
2_215_cadA,3_305_ArhA1,27.0,"2,4-dichlorophenoxyacetate (2,4-D)",polycyclic aromatic hydrocarbons,0
2_216_BPDO,4_410_CbdC,27.0,biphenyl,2-halobenzoate,0
2_202_EdoA1,2_215_cadA,26.9,ethylbenzene,"2,4-dichlorophenoxyacetate (2,4-D)",0
2_203_cumA1,2_215_cadA,26.9,cumene,"2,4-dichlorophenoxyacetate (2,4-D)",0
2_203_cumA1,4_409_TPDO,26.9,cumene,terephthalate,0
2_206_IpBAa,4_409_TPDO,26.9,isopropylbenzene,terephthalate,0
2_213_BphA1A2,4_401_CmtAb,26.9,biphenyl,p-cumate,0
2_218_BphA1,4_409_TPDO,26.9,biphenyl,terephthalate,0
3_303_NBDO,4_409_TPDO,26.9,nitrobenzene,terephthalate,0
3_310_DntAc,4_409_TPDO,26.9,"2,4-dinitrotoluene",terephthalate,0
2_207_BpdC1,2_214_TftA,26.8,biphenyl,"2,4,5-trichlorophenoxyacetate",0
2_214_TftA,2_216_BPDO,26.8,"2,4,5-trichlorophenoxyacetate",biphenyl,0
3_303_NBDO,3_307_NagGH,26.8,nitrobenzene,naphthalene-2-sulfonate,0
3_307_NagGH,4_410_CbdC,26.8,naphthalene-2-sulfonate,2-halobenzoate,0
4_402_PsbAb,4_409_TPDO,26.8,4-sulfobenzoate,terephthalate,0
2_202_EdoA1,4_409_TPDO,26.7,ethylbenzene,terephthalate,0
2_210_XylC1,2_214_TftA,26.7,xylene,"2,4,5-trichlorophenoxyacetate",0
2_212_BedC1,4_408_AntA,26.7,benzene,anthranilate,0
2_215_cadA,2_216_BPDO,26.7,"2,4-dichlorophenoxyacetate (2,4-D)",biphenyl,0
2_216_BPDO,5_506_Stc2,26.7,biphenyl,stachydrine,0
3_302_DitA,4_411_XylX,26.7,dehydroabietate,toluate and benzoate,0
2_213_BphA1A2,4_410_CbdC,26.6,biphenyl,2-halobenzoate,0
2_210_XylC1,4_411_XylX,26.5,xylene,toluate and benzoate,0
1_108_PobA,4_406_PDO,26.4,4-hydroxybenzoate,phthalate,0
2_201_BphA1,4_404_TdnA1,26.4,biphenyl,aniline,0
2_202_EdoA1,4_411_XylX,26.4,ethylbenzene,toluate and benzoate,0
2_203_cumA1,4_411_XylX,26.4,cumene,toluate and benzoate,0
2_209_TDO,4_401_CmtAb,26.4,toluene,p-cumate,0
2_217_HcaE,4_409_TPDO,26.4,3-phenylpropionate,terephthalate,0
2_218_BphA1,4_401_CmtAb,26.4,biphenyl,p-cumate,0
5_502_CmoB,5_506_Stc2,26.4,choline,stachydrine,0
2_208_TecA1,5_507_BmoA,26.3,"1,2,4,5-tetrachlorobenzene",glycine betaine,0
2_209_TDO,5_507_BmoA,26.3,toluene,glycine betaine,0
2_210_XylC1,4_409_TPDO,26.3,xylene,terephthalate,0
2_213_BphA1A2,2_214_TftA,26.3,biphenyl,"2,4,5-trichlorophenoxyacetate",0
2_214_TftA,3_301_PhnA1a,26.3,"2,4,5-trichlorophenoxyacetate",phenanthrene,0
3_302_DitA,4_408_AntA,26.3,dehydroabietate,anthranilate,0
3_305_ArhA1,4_410_CbdC,26.3,polycyclic aromatic hydrocarbons,2-halobenzoate,0
3_307_NagGH,3_309_NahAc,26.3,naphthalene-2-sulfonate,naphthalene,0
3_307_NagGH,3_315_NDO,26.3,naphthalene-2-sulfonate,naphthalene,0
3_307_NagGH,4_402_PsbAb,26.3,naphthalene-2-sulfonate,4-sulfobenzoate,0
3_310_DntAc,4_410_CbdC,26.3,"2,4-dinitrotoluene",2-halobenzoate,0
4_407_PbaA1,5_507_BmoA,26.3,3-phenoxybenzoate,glycine betaine,0
5_505_qxyA,5_508_GbcA,26.3,benzalkonium chloride and other quaternary ammonium compounds,glycine betaine,0
2_202_EdoA1,4_410_CbdC,26.2,ethylbenzene,2-halobenzoate,0
2_203_cumA1,4_410_CbdC,26.2,cumene,2-halobenzoate,0
3_307_NagGH,4_401_CmtAb,26.2,naphthalene-2-sulfonate,p-cumate,0
3_308_DxnA1,4_401_CmtAb,26.2,dibenzo-p-dioxin,p-cumate,0
3_320_NidA3,4_409_TPDO,26.2,polycyclic aromatic hydrocarbons,terephthalate,0
2_206_IpBAa,4_411_XylX,26.1,isopropylbenzene,toluate and benzoate,0
2_207_BpdC1,4_401_CmtAb,26.1,biphenyl,p-cumate,0
2_209_TDO,4_408_AntA,26.1,toluene,anthranilate,0
2_202_EdoA1,5_506_Stc2,26.0,ethylbenzene,stachydrine,0
2_203_cumA1,5_506_Stc2,26.0,cumene,stachydrine,0
3_302_DitA,4_402_PsbAb,26.0,dehydroabietate,4-sulfobenzoate,0
3_306_3NTDO,4_409_TPDO,26.0,3-nitrotoluene,terephthalate,0
3_307_NagGH,4_408_AntA,26.0,naphthalene-2-sulfonate,anthranilate,0
3_307_NagGH,3_312_NinA,26.0,naphthalene-2-sulfonate,nitroaromatic compounds,0
3_308_DxnA1,5_506_Stc2,26.0,dibenzo-p-dioxin,stachydrine,0
2_206_IpBAa,4_404_TdnA1,25.9,isopropylbenzene,aniline,0
3_312_NinA,4_409_TPDO,25.9,nitroaromatic compounds,terephthalate,0
3_319_PhdA,4_401_CmtAb,25.9,phenanthrene,p-cumate,0
4_409_TPDO,4_410_CbdC,25.9,terephthalate,2-halobenzoate,0
2_208_TecA1,2_214_TftA,25.8,"1,2,4,5-tetrachlorobenzene","2,4,5-trichlorophenoxyacetate",0
2_213_BphA1A2,4_411_XylX,25.8,biphenyl,toluate and benzoate,0
2_215_cadA,3_301_PhnA1a,25.8,"2,4-dichlorophenoxyacetate (2,4-D)",phenanthrene,0
2_217_HcaE,5_505_qxyA,25.8,3-phenylpropionate,benzalkonium chloride and other quaternary ammonium compounds,0
3_306_3NTDO,3_307_NagGH,25.8,3-nitrotoluene,naphthalene-2-sulfonate,0
3_308_DxnA1,5_507_BmoA,25.8,dibenzo-p-dioxin,glycine betaine,0
3_301_PhnA1a,5_505_qxyA,25.7,phenanthrene,benzalkonium chloride and other quaternary ammonium compounds,0
3_307_NagGH,5_504_CntA,25.7,naphthalene-2-sulfonate,L-carnitine,0
4_401_CmtAb,4_409_TPDO,25.7,p-cumate,terephthalate,0
1_113_CdnA,5_502_CmoB,25.6,caffeine and methylxanthines,choline,0
3_301_PhnA1a,4_410_CbdC,25.6,phenanthrene,2-halobenzoate,0
2_212_BedC1,4_401_CmtAb,25.5,benzene,p-cumate,0
2_215_cadA,3_320_NidA3,25.5,"2,4-dichlorophenoxyacetate (2,4-D)",polycyclic aromatic hydrocarbons,0
2_216_BPDO,4_409_TPDO,25.5,biphenyl,terephthalate,0
3_302_DitA,4_410_CbdC,25.5,dehydroabietate,2-halobenzoate,0
2_206_IpBAa,5_507_BmoA,25.4,isopropylbenzene,glycine betaine,0
2_215_cadA,3_307_NagGH,25.4,"2,4-dichlorophenoxyacetate (2,4-D)",naphthalene-2-sulfonate,0
2_201_BphA1,4_410_CbdC,25.3,biphenyl,2-halobenzoate,0
2_206_IpBAa,5_505_qxyA,25.3,isopropylbenzene,benzalkonium chloride and other quaternary ammonium compounds,0
2_210_XylC1,4_401_CmtAb,25.3,xylene,p-cumate,0
1_105_DdmC,4_405_ROCH34,25.2,dicamba,phthalate,0
2_216_BPDO,5_505_qxyA,25.2,biphenyl,benzalkonium chloride and other quaternary ammonium compounds,0
3_302_DitA,4_409_TPDO,25.2,dehydroabietate,terephthalate,0
5_501_CmoS,5_507_BmoA,25.2,choline,glycine betaine,0
2_215_cadA,5_508_GbcA,25.1,"2,4-dichlorophenoxyacetate (2,4-D)",glycine betaine,0
3_311_PhtAa,5_508_GbcA,25.1,phthalate,glycine betaine,0
5_502_CmoB,5_507_BmoA,25.1,choline,glycine betaine,0
2_213_BphA1A2,5_505_qxyA,25.0,biphenyl,benzalkonium chloride and other quaternary ammonium compounds,0
2_208_TecA1,4_408_AntA,24.9,"1,2,4,5-tetrachlorobenzene",anthranilate,0
2_209_TDO,2_214_TftA,24.9,toluene,"2,4,5-trichlorophenoxyacetate",0
3_302_DitA,4_401_CmtAb,24.9,dehydroabietate,p-cumate,0
5_503_CmoA,5_505_qxyA,24.9,choline,benzalkonium chloride and other quaternary ammonium compounds,0
2_208_TecA1,4_410_CbdC,24.8,"1,2,4,5-tetrachlorobenzene",2-halobenzoate,0
2_209_TDO,4_410_CbdC,24.8,toluene,2-halobenzoate,0
2_211_bfzA,5_506_Stc2,24.7,benzene and fluorene,stachydrine,0
2_214_TftA,4_409_TPDO,24.7,"2,4,5-trichlorophenoxyacetate",terephthalate,0
4_407_PbaA1,5_505_qxyA,24.7,3-phenoxybenzoate,benzalkonium chloride and other quaternary ammonium compounds,0
5_502_CmoB,5_508_GbcA,24.7,choline,glycine betaine,0
5_503_CmoA,5_507_BmoA,24.7,choline,glycine betaine,0
1_104_VanA,4_406_PDO,24.6,vanillate,phthalate,0
1_104_VanA,3_312_NinA,24.6,vanillate,nitroaromatic compounds,0
2_206_IpBAa,5_506_Stc2,24.6,isopropylbenzene,stachydrine,0
5_501_CmoS,5_505_qxyA,24.6,choline,benzalkonium chloride and other quaternary ammonium compounds,0
2_210_XylC1,4_410_CbdC,24.5,xylene,2-halobenzoate,0
2_212_BedC1,2_214_TftA,24.5,benzene,"2,4,5-trichlorophenoxyacetate",0
2_215_cadA,5_506_Stc2,24.5,"2,4-dichlorophenoxyacetate (2,4-D)",stachydrine,0
5_502_CmoB,5_505_qxyA,24.5,choline,benzalkonium chloride and other quaternary ammonium compounds,0
1_104_VanA,3_303_NBDO,24.4,vanillate,nitrobenzene,0
2_215_cadA,5_505_qxyA,24.4,"2,4-dichlorophenoxyacetate (2,4-D)",benzalkonium chloride and other quaternary ammonium compounds,0
1_110_SxtT,4_405_ROCH34,24.3,saxitoxin pathway intermediate,phthalate,0
1_105_DdmC,1_115_NdmC,24.1,dicamba,7-methylxanthine,0
1_105_DdmC,1_114_NdmB,24.1,dicamba,caffeine,0
2_210_XylC1,5_505_qxyA,24.1,xylene,benzalkonium chloride and other quaternary ammonium compounds,0
2_212_BedC1,4_410_CbdC,24.1,benzene,2-halobenzoate,0
2_212_BedC1,5_505_qxyA,24.1,benzene,benzalkonium chloride and other quaternary ammonium compounds,0
3_307_NagGH,3_308_DxnA1,24.0,naphthalene-2-sulfonate,dibenzo-p-dioxin,0
5_501_CmoS,5_506_Stc2,24.0,choline,stachydrine,0
3_311_PhtAa,5_506_Stc2,23.8,phthalate,stachydrine,0
2_201_BphA1,5_505_qxyA,23.7,biphenyl,benzalkonium chloride and other quaternary ammonium compounds,0
2_203_cumA1,3_304_OMO,23.5,cumene,"2-oxo-1,2-dihydroquinoline",0
2_202_EdoA1,5_505_qxyA,23.4,ethylbenzene,benzalkonium chloride and other quaternary ammonium compounds,0
2_203_cumA1,5_505_qxyA,23.4,cumene,benzalkonium chloride and other quaternary ammonium compounds,0
3_317_NidA,5_501_CmoS,23.3,pyrene,choline,0
5_501_CmoS,5_508_GbcA,23.3,choline,glycine betaine,0
2_202_EdoA1,3_304_OMO,23.2,ethylbenzene,"2-oxo-1,2-dihydroquinoline",0
2_207_BpdC1,5_505_qxyA,23.2,biphenyl,benzalkonium chloride and other quaternary ammonium compounds,0
1_105_DdmC,3_310_DntAc,23.1,dicamba,"2,4-dinitrotoluene",0
1_113_CdnA,4_406_PDO,23.1,caffeine and methylxanthines,phthalate,0
2_208_TecA1,5_505_qxyA,22.8,"1,2,4,5-tetrachlorobenzene",benzalkonium chloride and other quaternary ammonium compounds,0
1_101_OxoO,2_203_cumA1,22.7,"2-oxo-1,2-dihydroquinoline",cumene,0
2_217_HcaE,4_406_PDO,21.7,3-phenylpropionate,phthalate,0
1_104_VanA,3_313_KshA15,21.6,vanillate,3-ketosteroid,0
2_209_TDO,5_505_qxyA,21.6,toluene,benzalkonium chloride and other quaternary ammonium compounds,0
