cluster,n,divergent_regulator,codirectional_regulator,divergent_other,codirectional_other,unknown,divergent_regulator_rate,median_intergenic_bp,top_regulator_family
3_313_KshA15,1345,204,23,749,145,224,0.152,143,TetR
5_504_CntA,1210,226,43,513,209,219,0.187,197,LysR
1_104_VanA,1169,281,23,477,213,175,0.24,258,IclR
5_506_Stc2,903,257,91,340,177,38,0.285,272,LysR
1_106_TsaM,655,199,40,176,193,47,0.304,198,LysR
5_507_BmoA,610,100,48,300,134,28,0.164,235,TetR
4_404_TdnA1,425,173,17,168,54,13,0.407,199,MarR
4_411_XylX,422,134,77,108,91,12,0.318,221,LysR
1_105_DdmC,401,19,4,152,67,159,0.047,200,TetR
1_113_CdnA,401,151,7,127,105,11,0.377,245,LysR
5_508_GbcA,336,0,0,333,1,2,0.0,295,
5_501_CmoS,288,4,0,168,7,109,0.014,271,TetR
4_409_TPDO,273,125,11,114,15,8,0.458,213,regulator_unclassified
4_410_CbdC,243,154,2,44,38,5,0.634,172,LysR
1_111_GxtA,234,4,0,96,41,93,0.017,206,regulator_unclassified
1_110_SxtT,188,14,2,84,75,13,0.074,278,regulator_unclassified
4_406_PDO,184,25,2,107,48,2,0.136,238,MarR
4_408_AntA,184,134,4,18,25,3,0.728,311,regulator_unclassified
4_405_ROCH34,182,88,4,66,22,2,0.484,198,IclR
2_217_HcaE,178,175,0,2,0,1,0.983,136,regulator_unclassified
3_307_NagGH,174,96,0,57,17,4,0.552,190,LysR
3_311_PhtAa,126,13,3,91,15,4,0.103,274,IclR
4_403_AtdA,115,51,7,39,17,1,0.443,190,TetR
4_401_CmtAb,107,12,14,46,26,9,0.112,223,regulator_unclassified
5_505_qxyA,95,5,0,84,5,1,0.053,136,LysR
3_301_PhnA1a,94,60,1,19,14,0,0.638,212,sigma54
1_108_PobA,90,57,0,18,9,6,0.633,199,GntR
3_302_DitA,69,0,0,45,24,0,0.0,139,
2_218_BphA1,64,14,1,36,12,1,0.219,230,IclR
3_319_PhdA,61,16,4,27,11,3,0.262,193,TetR
1_107_CndA,60,15,5,11,17,12,0.25,255,sigma54
1_102_CARDO,55,9,2,27,13,4,0.164,203,GntR
2_211_bfzA,49,6,1,27,15,0,0.122,213,TetR
1_109_LigX,48,13,5,17,8,5,0.271,274,IclR
3_317_NidA,37,8,5,15,7,2,0.216,269,TetR
1_112_NdmA,31,0,1,20,5,5,0.0,441,regulator_unclassified
3_316_NarAa,30,3,2,24,0,1,0.1,179,IclR
2_202_EdoA1,29,3,3,12,7,4,0.103,397,TetR
2_216_BPDO,25,0,0,25,0,0,0.0,137,
2_214_TftA,23,7,1,8,7,0,0.304,172,LysR
5_502_CmoB,21,1,0,15,4,1,0.048,286,regulator_unclassified
2_204_Dpe,20,3,3,8,6,0,0.15,250,regulator_unclassified
2_212_BedC1,20,1,0,14,4,1,0.05,367,TetR
4_402_PsbAb,19,0,0,17,1,1,0.0,195,
3_303_NBDO,18,3,0,10,4,1,0.167,382,regulator_unclassified
1_114_NdmB,15,6,0,9,0,0,0.4,287,GntR
2_213_BphA1A2,14,1,8,5,0,0,0.071,357,regulator_unclassified
3_304_OMO,11,0,4,6,1,0,0.0,226,AraC
3_305_ArhA1,11,4,0,4,3,0,0.364,534,sigma54
3_318_NidA,10,4,0,1,4,1,0.4,226,TetR
2_208_TecA1,9,0,4,4,0,1,0.0,451,MarR
2_215_cadA,8,0,2,1,4,1,0.0,317,AraC
3_320_NidA3,8,0,3,1,3,1,0.0,268,MarR
5_503_CmoA,7,2,0,4,0,1,0.286,376,LysR
2_203_cumA1,6,0,0,4,1,1,0.0,406,
2_209_TDO,4,0,0,3,1,0,0.0,201,
3_308_DxnA1,2,0,0,1,1,0,0.0,336,
3_314_NDO,2,0,0,1,1,0,0.0,296,
1_101_OxoO,2,2,0,0,0,0,1.0,539,GntR
3_306_3NTDO,1,1,0,0,0,0,1.0,117,LysR
2_201_BphA1,1,1,0,0,0,0,1.0,220,TetR
