column,sdp_score,within_cluster_entropy,between_cluster_entropy,in_catalytic_domain,is_motif_position,top_residues_by_cluster
10,0.4698,0.3774,0.8471,0,0,4_411_XylX:E;2_216_BPDO:A;4_409_TPDO:V;3_301_PhnA1a:A;5_506_Stc2:Q;2_202_EdoA1:R;4_404_TdnA1:D;3_307_NagGH:P
394,0.4496,0.3412,0.7908,1,0,4_411_XylX:D;2_216_BPDO:G;4_409_TPDO:T;3_301_PhnA1a:N;5_506_Stc2:H;2_202_EdoA1:A;4_404_TdnA1:D;3_307_NagGH:T
123,0.4229,0.4175,0.8405,0,0,4_411_XylX:D;2_216_BPDO:M;4_409_TPDO:F;3_301_PhnA1a:L;5_506_Stc2:N;2_202_EdoA1:F;4_404_TdnA1:Y;3_307_NagGH:F
203,0.4128,0.3739,0.7867,1,0,4_411_XylX:T;2_216_BPDO:P;4_409_TPDO:Y;3_301_PhnA1a:P;5_506_Stc2:V;2_202_EdoA1:A;4_404_TdnA1:Q;3_307_NagGH:M
226,0.4121,0.5392,0.9514,1,0,4_411_XylX:Q;2_216_BPDO:G;4_409_TPDO:F;3_301_PhnA1a:G;5_506_Stc2:E;2_202_EdoA1:P;4_404_TdnA1:E;3_307_NagGH:W
391,0.411,0.3255,0.7365,1,0,4_411_XylX:K;2_216_BPDO:S;4_409_TPDO:T;3_301_PhnA1a:G;5_506_Stc2:L;2_202_EdoA1:Y;4_404_TdnA1:D;3_307_NagGH:H
374,0.4096,0.3706,0.7802,1,0,4_411_XylX:N;2_216_BPDO:G;4_409_TPDO:G;3_301_PhnA1a:Q;5_506_Stc2:G;2_202_EdoA1:R;4_404_TdnA1:I;3_307_NagGH:H
397,0.4065,0.3309,0.7375,1,0,4_411_XylX:L;2_216_BPDO:S;4_409_TPDO:L;3_301_PhnA1a:N;5_506_Stc2:G;2_202_EdoA1:A;4_404_TdnA1:G;3_307_NagGH:L
402,0.4065,0.1485,0.555,1,0,4_411_XylX:H;2_216_BPDO:Y;4_409_TPDO:W;3_301_PhnA1a:Y;5_506_Stc2:V;2_202_EdoA1:Y;4_404_TdnA1:Y;3_307_NagGH:Y
223,0.4005,0.487,0.8876,1,0,4_411_XylX:T;2_216_BPDO:M;4_409_TPDO:F;3_301_PhnA1a:A;5_506_Stc2:T;2_202_EdoA1:A;4_404_TdnA1:S;3_307_NagGH:F
404,0.3998,0.4031,0.8029,1,0,4_411_XylX:Y;2_216_BPDO:F;4_409_TPDO:G;3_301_PhnA1a:R;5_506_Stc2:W;2_202_EdoA1:H;4_404_TdnA1:Q;3_307_NagGH:Y
343,0.3989,0.5089,0.9078,1,0,4_411_XylX:D;2_216_BPDO:R;4_409_TPDO:N;3_301_PhnA1a:L;5_506_Stc2:E;2_202_EdoA1:R;4_404_TdnA1:H;3_307_NagGH:N
22,0.3983,0.3463,0.7446,0,0,4_411_XylX:R;2_216_BPDO:R;4_409_TPDO:Y;3_301_PhnA1a:R;5_506_Stc2:A;2_202_EdoA1:P;4_404_TdnA1:T;3_307_NagGH:F
356,0.3926,0.4403,0.8329,1,0,4_411_XylX:L;2_216_BPDO:G;4_409_TPDO:G;3_301_PhnA1a:G;5_506_Stc2:R;2_202_EdoA1:G;4_404_TdnA1:A;3_307_NagGH:G
321,0.3903,0.4554,0.8457,1,0,4_411_XylX:I;2_216_BPDO:T;4_409_TPDO:W;3_301_PhnA1a:T;5_506_Stc2:T;2_202_EdoA1:A;4_404_TdnA1:H;3_307_NagGH:W
215,0.3889,0.4023,0.7912,1,0,4_411_XylX:A;2_216_BPDO:W;4_409_TPDO:L;3_301_PhnA1a:W;5_506_Stc2:A;2_202_EdoA1:T;4_404_TdnA1:V;3_307_NagGH:L
208,0.3861,0.3604,0.7464,1,0,4_411_XylX:A;2_216_BPDO:G;4_409_TPDO:K;3_301_PhnA1a:G;5_506_Stc2:E;2_202_EdoA1:S;4_404_TdnA1:T;3_307_NagGH:K
396,0.385,0.4272,0.8122,1,0,4_411_XylX:G;2_216_BPDO:T;4_409_TPDO:S;3_301_PhnA1a:A;5_506_Stc2:G;2_202_EdoA1:E;4_404_TdnA1:T;3_307_NagGH:T
285,0.3826,0.5034,0.886,1,0,4_411_XylX:R;2_216_BPDO:W;4_409_TPDO:H;3_301_PhnA1a:A;5_506_Stc2:L;2_202_EdoA1:Q;4_404_TdnA1:F;3_307_NagGH:V
194,0.3818,0.4442,0.8261,1,0,4_411_XylX:Y;2_216_BPDO:S;4_409_TPDO:Q;3_301_PhnA1a:S;5_506_Stc2:I;2_202_EdoA1:W;4_404_TdnA1:F;3_307_NagGH:Q
398,0.381,0.2908,0.6718,1,0,4_411_XylX:Y;2_216_BPDO:Y;4_409_TPDO:I;3_301_PhnA1a:Q;5_506_Stc2:V;2_202_EdoA1:A;4_404_TdnA1:M;3_307_NagGH:I
207,0.3775,0.2775,0.655,1,0,4_411_XylX:G;2_216_BPDO:F;4_409_TPDO:V;3_301_PhnA1a:F;5_506_Stc2:N;2_202_EdoA1:F;4_404_TdnA1:T;3_307_NagGH:I
373,0.3771,0.4164,0.7934,1,0,4_411_XylX:W;2_216_BPDO:K;4_409_TPDO:D;3_301_PhnA1a:Q;5_506_Stc2:P;2_202_EdoA1:S;4_404_TdnA1:W;3_307_NagGH:W
191,0.3742,0.5194,0.8936,1,0,4_411_XylX:S;2_216_BPDO:P;4_409_TPDO:T;3_301_PhnA1a:C;5_506_Stc2:E;2_202_EdoA1:M;4_404_TdnA1:E;3_307_NagGH:Y
45,0.3691,0.2961,0.6652,0,0,4_411_XylX:Y;2_216_BPDO:M;4_409_TPDO:F;3_301_PhnA1a:F;5_506_Stc2:F;2_202_EdoA1:L;4_404_TdnA1:W;3_307_NagGH:Y
299,0.3679,0.5117,0.8796,1,0,4_411_XylX:F;3_301_PhnA1a:L;5_506_Stc2:V;4_404_TdnA1:S
392,0.3665,0.3765,0.743,1,0,4_411_XylX:T;2_216_BPDO:F;4_409_TPDO:V;3_301_PhnA1a:Q;5_506_Stc2:V;2_202_EdoA1:V;4_404_TdnA1:V;3_307_NagGH:M
14,0.362,0.3908,0.7528,0,0,4_411_XylX:E;2_216_BPDO:D;4_409_TPDO:H;3_301_PhnA1a:D;5_506_Stc2:R;2_202_EdoA1:D;4_404_TdnA1:L;3_307_NagGH:G
219,0.3608,0.4043,0.7651,1,0,4_411_XylX:N;2_216_BPDO:A;4_409_TPDO:F;3_301_PhnA1a:S;5_506_Stc2:E;2_202_EdoA1:S;4_404_TdnA1:S;3_307_NagGH:W
231,0.3591,0.4974,0.8565,1,0,4_411_XylX:Q;2_216_BPDO:A;4_409_TPDO:M;3_301_PhnA1a:P;5_506_Stc2:T;2_202_EdoA1:M;4_404_TdnA1:A;3_307_NagGH:D
310,0.3589,0.3839,0.7428,1,0,4_411_XylX:R;2_216_BPDO:H;4_409_TPDO:L;3_301_PhnA1a:H;5_506_Stc2:L;2_202_EdoA1:H;4_404_TdnA1:Q;3_307_NagGH:Q
359,0.3587,0.339,0.6977,1,0,4_411_XylX:F;2_216_BPDO:M;4_409_TPDO:T;3_301_PhnA1a:W;5_506_Stc2:V;2_202_EdoA1:W;4_404_TdnA1:W;3_307_NagGH:I
371,0.3575,0.4506,0.8081,1,0,4_411_XylX:L;2_216_BPDO:T;4_409_TPDO:V;3_301_PhnA1a:T;5_506_Stc2:Y;2_202_EdoA1:A;4_404_TdnA1:D;3_307_NagGH:K
377,0.3568,0.364,0.7208,1,0,4_411_XylX:S;2_216_BPDO:N;4_409_TPDO:V;3_301_PhnA1a:H;5_506_Stc2:S;2_202_EdoA1:N;4_404_TdnA1:N;3_307_NagGH:V
42,0.3553,0.4538,0.8091,0,0,4_411_XylX:N;2_216_BPDO:C;4_409_TPDO:T;3_301_PhnA1a:S;5_506_Stc2:H;2_202_EdoA1:S;4_404_TdnA1:T;3_307_NagGH:H
412,0.3536,0.3946,0.7482,1,0,4_411_XylX:A;2_216_BPDO:P;4_409_TPDO:A;3_301_PhnA1a:D;5_506_Stc2:R;2_202_EdoA1:P;4_404_TdnA1:E;3_307_NagGH:E
379,0.3533,0.3922,0.7456,1,0,4_411_XylX:G;2_216_BPDO:S;4_409_TPDO:E;3_301_PhnA1a:G;5_506_Stc2:E;2_202_EdoA1:Q;4_404_TdnA1:G;3_307_NagGH:E
378,0.3532,0.3536,0.7068,1,0,4_411_XylX:R;2_216_BPDO:S;4_409_TPDO:S;3_301_PhnA1a:Y;5_506_Stc2:P;2_202_EdoA1:A;4_404_TdnA1:R;3_307_NagGH:A
322,0.3526,0.4571,0.8097,1,0,4_411_XylX:Y;2_216_BPDO:Y;4_409_TPDO:T;3_301_PhnA1a:W;5_506_Stc2:K;2_202_EdoA1:F;4_404_TdnA1:V;3_307_NagGH:T
337,0.3448,0.4487,0.7935,1,0,4_411_XylX:R;2_216_BPDO:I;4_409_TPDO:R;3_301_PhnA1a:I;5_506_Stc2:L;2_202_EdoA1:Y;4_404_TdnA1:R;3_307_NagGH:R
393,0.3443,0.3841,0.7284,1,0,4_411_XylX:E;2_216_BPDO:I;4_409_TPDO:I;3_301_PhnA1a:V;5_506_Stc2:P;2_202_EdoA1:Y;4_404_TdnA1:T;3_307_NagGH:V
84,0.3412,0.3459,0.6871,0,0,4_411_XylX:A;2_216_BPDO:S;4_409_TPDO:R;3_301_PhnA1a:S;5_506_Stc2:V;2_202_EdoA1:Q;4_404_TdnA1:R;3_307_NagGH:V
218,0.3411,0.4289,0.77,1,0,4_411_XylX:W;2_216_BPDO:A;4_409_TPDO:L;3_301_PhnA1a:D;5_506_Stc2:P;2_202_EdoA1:L;4_404_TdnA1:K;3_307_NagGH:T
375,0.3382,0.3822,0.7203,1,0,4_411_XylX:D;2_216_BPDO:R;4_409_TPDO:D;3_301_PhnA1a:D;5_506_Stc2:P;2_202_EdoA1:P;4_404_TdnA1:M;3_307_NagGH:R
341,0.3382,0.5324,0.8706,1,0,4_411_XylX:Y;2_216_BPDO:A;4_409_TPDO:Q;3_301_PhnA1a:V;5_506_Stc2:L;2_202_EdoA1:N;4_404_TdnA1:H;3_307_NagGH:Q
370,0.3382,0.4747,0.8128,1,0,4_411_XylX:A;2_216_BPDO:I;4_409_TPDO:A;3_301_PhnA1a:V;5_506_Stc2:A;2_202_EdoA1:K;4_404_TdnA1:P;3_307_NagGH:P
220,0.336,0.3976,0.7336,1,0,4_411_XylX:Y;2_216_BPDO:A;4_409_TPDO:H;3_301_PhnA1a:A;5_506_Stc2:L;2_202_EdoA1:G;4_404_TdnA1:F;3_307_NagGH:F
284,0.3342,0.5132,0.8475,1,0,4_411_XylX:S;2_216_BPDO:H;4_409_TPDO:L;3_301_PhnA1a:V;5_506_Stc2:T;2_202_EdoA1:G;4_404_TdnA1:G;3_307_NagGH:A
326,0.334,0.4382,0.7722,1,0,4_411_XylX:P;2_216_BPDO:P;4_409_TPDO:Y;3_301_PhnA1a:N;5_506_Stc2:H;2_202_EdoA1:D;4_404_TdnA1:M;3_307_NagGH:F
309,0.3336,0.4095,0.7431,1,0,4_411_XylX:L;2_216_BPDO:W;4_409_TPDO:I;3_301_PhnA1a:W;5_506_Stc2:V;2_202_EdoA1:W;4_404_TdnA1:L;3_307_NagGH:I
362,0.3325,0.3761,0.7085,1,0,4_411_XylX:C;2_216_BPDO:A;4_409_TPDO:V;3_301_PhnA1a:C;5_506_Stc2:N;2_202_EdoA1:I;4_404_TdnA1:V;3_307_NagGH:S
358,0.3313,0.3217,0.6531,1,0,4_411_XylX:E;2_216_BPDO:N;4_409_TPDO:A;3_301_PhnA1a:N;5_506_Stc2:I;2_202_EdoA1:N;4_404_TdnA1:A;3_307_NagGH:V
408,0.3298,0.4115,0.7413,1,0,4_411_XylX:T;2_216_BPDO:M;4_409_TPDO:L;3_301_PhnA1a:M;5_506_Stc2:F;2_202_EdoA1:M;4_404_TdnA1:M;3_307_NagGH:V
12,0.3287,0.2896,0.6183,0,0,4_411_XylX:D;2_216_BPDO:L;4_409_TPDO:F;3_301_PhnA1a:L;5_506_Stc2:K;2_202_EdoA1:L;4_404_TdnA1:A;3_307_NagGH:W
286,0.3269,0.4598,0.7867,1,0,4_411_XylX:N;2_216_BPDO:N;4_409_TPDO:I;3_301_PhnA1a:S;5_506_Stc2:L;2_202_EdoA1:H;4_404_TdnA1:N;3_307_NagGH:M
126,0.3263,0.424,0.7503,0,0,4_411_XylX:E;2_216_BPDO:E;4_409_TPDO:M;3_301_PhnA1a:N;5_506_Stc2:A;2_202_EdoA1:K;4_404_TdnA1:K;3_307_NagGH:N
308,0.3251,0.4704,0.7955,1,0,4_411_XylX:V;2_216_BPDO:I;4_409_TPDO:Q;3_301_PhnA1a:V;5_506_Stc2:R;2_202_EdoA1:T;4_404_TdnA1:V;3_307_NagGH:H
369,0.3232,0.5506,0.8738,1,0,4_411_XylX:I;2_216_BPDO:I;4_409_TPDO:D;3_301_PhnA1a:V;5_506_Stc2:P;2_202_EdoA1:H;4_404_TdnA1:G;3_307_NagGH:K
210,0.3217,0.3633,0.6849,1,0,4_411_XylX:G;2_216_BPDO:G;4_409_TPDO:P;3_301_PhnA1a:A;5_506_Stc2:C;2_202_EdoA1:M;4_404_TdnA1:G;3_307_NagGH:P
20,0.3206,0.2839,0.6045,0,0,4_411_XylX:L;2_216_BPDO:Q;4_409_TPDO:V;3_301_PhnA1a:L;5_506_Stc2:L;2_202_EdoA1:L;4_404_TdnA1:V;3_307_NagGH:I
222,0.3205,0.4877,0.8081,1,0,4_411_XylX:A;2_216_BPDO:Q;4_409_TPDO:T;3_301_PhnA1a:R;5_506_Stc2:R;2_202_EdoA1:L;4_404_TdnA1:S;3_307_NagGH:T
155,0.32,0.3114,0.6314,0,0,4_411_XylX:S;2_216_BPDO:C;4_409_TPDO:T;3_301_PhnA1a:T;5_506_Stc2:C;2_202_EdoA1:N;4_404_TdnA1:S;3_307_NagGH:S
367,0.3191,0.5063,0.8253,1,0,4_411_XylX:A;2_216_BPDO:N;4_409_TPDO:V;3_301_PhnA1a:R;5_506_Stc2:R;2_202_EdoA1:R;4_404_TdnA1:N;3_307_NagGH:E
138,0.3168,0.4438,0.7606,0,0,4_411_XylX:H;2_216_BPDO:L;4_409_TPDO:H;3_301_PhnA1a:H;5_506_Stc2:H;2_202_EdoA1:W;4_404_TdnA1:L;3_307_NagGH:H
44,0.3167,0.3334,0.6501,0,0,4_411_XylX:V;2_216_BPDO:L;4_409_TPDO:N;3_301_PhnA1a:L;5_506_Stc2:L;2_202_EdoA1:L;4_404_TdnA1:V;3_307_NagGH:C
283,0.3163,0.5374,0.8537,1,0,4_411_XylX:N;2_216_BPDO:G;4_409_TPDO:T;3_301_PhnA1a:S;5_506_Stc2:G;2_202_EdoA1:F;4_404_TdnA1:S;3_307_NagGH:T
18,0.3158,0.4102,0.726,0,0,4_411_XylX:Y;2_216_BPDO:A;4_409_TPDO:S;3_301_PhnA1a:G;5_506_Stc2:H;2_202_EdoA1:G;4_404_TdnA1:D;3_307_NagGH:S
102,0.3151,0.4909,0.806,0,0,4_411_XylX:T;2_216_BPDO:A;4_409_TPDO:S;3_301_PhnA1a:R;5_506_Stc2:K;2_202_EdoA1:A;4_404_TdnA1:S;3_307_NagGH:E
401,0.315,0.2568,0.5718,1,0,4_411_XylX:Q;2_216_BPDO:F;4_409_TPDO:F;3_301_PhnA1a:F;5_506_Stc2:F;2_202_EdoA1:M;4_404_TdnA1:A;3_307_NagGH:M
307,0.3147,0.361,0.6757,1,0,4_411_XylX:R;2_216_BPDO:K;4_409_TPDO:R;3_301_PhnA1a:R;5_506_Stc2:F;2_202_EdoA1:R;4_404_TdnA1:R;3_307_NagGH:R
380,0.3133,0.3714,0.6847,1,0,4_411_XylX:A;2_216_BPDO:M;4_409_TPDO:M;3_301_PhnA1a:M;5_506_Stc2:T;2_202_EdoA1:M;4_404_TdnA1:L;3_307_NagGH:L
11,0.31,0.4093,0.7193,0,0,4_411_XylX:D;2_216_BPDO:A;4_409_TPDO:T;3_301_PhnA1a:D;5_506_Stc2:L;2_202_EdoA1:A;4_404_TdnA1:I;3_307_NagGH:R
417,0.3095,0.4474,0.7569,1,0,4_411_XylX:Q;2_216_BPDO:I;3_301_PhnA1a:V;5_506_Stc2:Q;2_202_EdoA1:L;4_404_TdnA1:E
297,0.3086,0.4602,0.7688,1,0,4_411_XylX:D;2_216_BPDO:Y;4_409_TPDO:Q;3_301_PhnA1a:P;5_506_Stc2:H;2_202_EdoA1:P;4_404_TdnA1:G;3_307_NagGH:Q
399,0.3067,0.3002,0.607,1,0,4_411_XylX:V;2_216_BPDO:R;4_409_TPDO:R;3_301_PhnA1a:R;5_506_Stc2:I;2_202_EdoA1:R;4_404_TdnA1:R;3_307_NagGH:R
323,0.3063,0.4777,0.7841,1,0,4_411_XylX:C;2_216_BPDO:T;4_409_TPDO:F;3_301_PhnA1a:V;5_506_Stc2:W;2_202_EdoA1:T;4_404_TdnA1:A;3_307_NagGH:H
224,0.3051,0.4674,0.7725,1,0,4_411_XylX:T;2_216_BPDO:I;4_409_TPDO:N;3_301_PhnA1a:M;5_506_Stc2:F;2_202_EdoA1:G;4_404_TdnA1:V;3_307_NagGH:G
97,0.3041,0.4745,0.7786,0,0,4_411_XylX:R;2_216_BPDO:S;4_409_TPDO:R;3_301_PhnA1a:A;5_506_Stc2:K;2_202_EdoA1:A;4_404_TdnA1:K;3_307_NagGH:S
287,0.3031,0.5021,0.8052,1,0,4_411_XylX:L;2_216_BPDO:T;4_409_TPDO:Q;3_301_PhnA1a:A;5_506_Stc2:L;2_202_EdoA1:M;4_404_TdnA1:L;3_307_NagGH:M
100,0.3016,0.4039,0.7055,0,0,4_411_XylX:K;2_216_BPDO:A;4_409_TPDO:A;3_301_PhnA1a:A;5_506_Stc2:V;2_202_EdoA1:A;4_404_TdnA1:A;3_307_NagGH:R
221,0.3,0.465,0.765,1,0,4_411_XylX:A;2_216_BPDO:L;4_409_TPDO:T;3_301_PhnA1a:M;5_506_Stc2:C;2_202_EdoA1:I;4_404_TdnA1:L;3_307_NagGH:V
202,0.2983,0.3407,0.639,1,0,4_411_XylX:L;2_216_BPDO:V;4_409_TPDO:L;3_301_PhnA1a:F;5_506_Stc2:L;2_202_EdoA1:F;4_404_TdnA1:I;3_307_NagGH:L
181,0.2975,0.4768,0.7743,1,0,4_411_XylX:S;2_216_BPDO:P;4_409_TPDO:I;3_301_PhnA1a:E;5_506_Stc2:H;2_202_EdoA1:T;4_404_TdnA1:S;3_307_NagGH:R
204,0.2973,0.4414,0.7387,1,0,4_411_XylX:A;2_216_BPDO:T;4_409_TPDO:M;3_301_PhnA1a:V;5_506_Stc2:W;2_202_EdoA1:A;4_404_TdnA1:L;3_307_NagGH:Q
15,0.2951,0.4782,0.7734,0,0,4_411_XylX:T;2_216_BPDO:N;4_409_TPDO:D;3_301_PhnA1a:L;5_506_Stc2:R;2_202_EdoA1:Q;4_404_TdnA1:V;3_307_NagGH:D
387,0.2945,0.4392,0.7337,1,0,4_411_XylX:P;2_216_BPDO:P;4_409_TPDO:P;3_301_PhnA1a:E;5_506_Stc2:P;2_202_EdoA1:T;4_404_TdnA1:A;3_307_NagGH:E
234,0.2936,0.5675,0.8611,1,0,4_411_XylX:Q;2_216_BPDO:D;4_409_TPDO:H;3_301_PhnA1a:D;5_506_Stc2:P;2_202_EdoA1:T;4_404_TdnA1:S;3_307_NagGH:K
340,0.2926,0.5229,0.8155,1,0,4_411_XylX:Q;2_216_BPDO:E;4_409_TPDO:K;3_301_PhnA1a:G;5_506_Stc2:R;2_202_EdoA1:Q;4_404_TdnA1:L;3_307_NagGH:R
281,0.2915,0.5531,0.8446,1,0,4_411_XylX:I;2_216_BPDO:Y;4_409_TPDO:D;3_301_PhnA1a:F;5_506_Stc2:D;2_202_EdoA1:R;4_404_TdnA1:G;3_307_NagGH:G
177,0.2906,0.551,0.8417,0,0,4_411_XylX:I;2_216_BPDO:I;4_409_TPDO:I;3_301_PhnA1a:W;5_506_Stc2:H;2_202_EdoA1:M;4_404_TdnA1:F;3_307_NagGH:V
24,0.2893,0.4029,0.6922,0,0,4_411_XylX:M;2_216_BPDO:V;4_409_TPDO:V;3_301_PhnA1a:I;5_506_Stc2:F;2_202_EdoA1:I;4_404_TdnA1:L;3_307_NagGH:V
120,0.2878,0.427,0.7148,0,0,4_411_XylX:K;2_216_BPDO:D;4_409_TPDO:G;3_301_PhnA1a:G;5_506_Stc2:F;2_202_EdoA1:N;4_404_TdnA1:G;3_307_NagGH:G
382,0.2876,0.464,0.7516,1,0,4_411_XylX:H;2_216_BPDO:K;4_409_TPDO:G;3_301_PhnA1a:I;5_506_Stc2:M;2_202_EdoA1:L;4_404_TdnA1:G;3_307_NagGH:G
282,0.2843,0.5463,0.8305,1,0,4_411_XylX:E;2_216_BPDO:V;4_409_TPDO:V;3_301_PhnA1a:G;5_506_Stc2:I;2_202_EdoA1:M;4_404_TdnA1:G;3_307_NagGH:P
124,0.2842,0.4381,0.7223,0,0,4_411_XylX:P;2_216_BPDO:E;4_409_TPDO:R;3_301_PhnA1a:E;5_506_Stc2:L;2_202_EdoA1:E;4_404_TdnA1:P;3_307_NagGH:R
333,0.2831,0.4988,0.7819,1,0,4_411_XylX:A;2_216_BPDO:T;4_409_TPDO:L;3_301_PhnA1a:I;5_506_Stc2:V;2_202_EdoA1:I;4_404_TdnA1:A;3_307_NagGH:M
347,0.2818,0.4121,0.6939,1,0,4_411_XylX:A;2_216_BPDO:T;4_409_TPDO:P;3_301_PhnA1a:P;5_506_Stc2:V;2_202_EdoA1:A;4_404_TdnA1:P;3_307_NagGH:P
353,0.2814,0.4183,0.6998,1,0,4_411_XylX:P;2_216_BPDO:S;4_409_TPDO:M;3_301_PhnA1a:M;5_506_Stc2:D;2_202_EdoA1:Q;4_404_TdnA1:P;3_307_NagGH:A
410,0.2803,0.5064,0.7867,1,0,4_411_XylX:K;2_216_BPDO:D;4_409_TPDO:G;3_301_PhnA1a:Q;5_506_Stc2:E;2_202_EdoA1:S;4_404_TdnA1:T;3_307_NagGH:E
386,0.2803,0.4299,0.7102,1,0,4_411_XylX:G;2_216_BPDO:G;4_409_TPDO:N;3_301_PhnA1a:I;5_506_Stc2:V;2_202_EdoA1:Q;4_404_TdnA1:T;3_307_NagGH:G
192,0.2802,0.5302,0.8104,1,0,4_411_XylX:S;2_216_BPDO:L;4_409_TPDO:R;3_301_PhnA1a:I;5_506_Stc2:S;2_202_EdoA1:Q;4_404_TdnA1:H;3_307_NagGH:N
13,0.2798,0.4269,0.7067,0,0,4_411_XylX:P;2_216_BPDO:V;4_409_TPDO:P;3_301_PhnA1a:V;5_506_Stc2:R;2_202_EdoA1:V;4_404_TdnA1:A;3_307_NagGH:P
16,0.2776,0.4399,0.7175,0,0,4_411_XylX:G;2_216_BPDO:A;4_409_TPDO:D;3_301_PhnA1a:K;5_506_Stc2:E;2_202_EdoA1:E;4_404_TdnA1:Q;3_307_NagGH:G
351,0.2771,0.325,0.6022,1,0,4_411_XylX:A;2_216_BPDO:L;4_409_TPDO:I;3_301_PhnA1a:F;5_506_Stc2:T;2_202_EdoA1:F;4_404_TdnA1:G;3_307_NagGH:V
21,0.2757,0.263,0.5388,0,0,4_411_XylX:K;2_216_BPDO:S;4_409_TPDO:P;3_301_PhnA1a:D;5_506_Stc2:P;2_202_EdoA1:D;4_404_TdnA1:H;3_307_NagGH:P
400,0.2755,0.4181,0.6936,1,0,4_411_XylX:A;2_216_BPDO:G;4_409_TPDO:G;3_301_PhnA1a:G;5_506_Stc2:Q;2_202_EdoA1:G;4_404_TdnA1:A;3_307_NagGH:G
91,0.2747,0.3903,0.6651,0,0,4_411_XylX:M;2_216_BPDO:Q;4_409_TPDO:Q;3_301_PhnA1a:K;5_506_Stc2:R;2_202_EdoA1:R;4_404_TdnA1:T;3_307_NagGH:Q
71,0.2727,0.3573,0.6301,0,0,4_411_XylX:A;2_216_BPDO:S;4_409_TPDO:T;3_301_PhnA1a:A;5_506_Stc2:V;2_202_EdoA1:V;4_404_TdnA1:V;3_307_NagGH:V
114,0.2727,0.428,0.7008,0,0,4_411_XylX:N;2_216_BPDO:Q;4_409_TPDO:N;3_301_PhnA1a:T;5_506_Stc2:L;2_202_EdoA1:I;4_404_TdnA1:L;3_307_NagGH:L
214,0.2719,0.4582,0.7301,1,0,4_411_XylX:S;2_216_BPDO:G;4_409_TPDO:S;3_301_PhnA1a:G;5_506_Stc2:A;2_202_EdoA1:G;4_404_TdnA1:P;3_307_NagGH:G
342,0.2713,0.5192,0.7905,1,0,4_411_XylX:E;2_216_BPDO:I;4_409_TPDO:A;3_301_PhnA1a:M;5_506_Stc2:T;2_202_EdoA1:I;4_404_TdnA1:E;3_307_NagGH:A
225,0.2707,0.5384,0.8091,1,0,4_411_XylX:Q;2_216_BPDO:G;4_409_TPDO:I;3_301_PhnA1a:N;5_506_Stc2:P;2_202_EdoA1:L;4_404_TdnA1:D;3_307_NagGH:L
305,0.2703,0.4652,0.7355,1,0,4_411_XylX:Q;2_216_BPDO:T;4_409_TPDO:A;3_301_PhnA1a:T;5_506_Stc2:V;2_202_EdoA1:T;4_404_TdnA1:F;3_307_NagGH:S
348,0.2695,0.4867,0.7562,1,0,4_411_XylX:S;2_216_BPDO:A;4_409_TPDO:A;3_301_PhnA1a:A;5_506_Stc2:P;2_202_EdoA1:G;4_404_TdnA1:F;3_307_NagGH:A
228,0.2679,0.5239,0.7918,1,0,4_411_XylX:K;4_409_TPDO:R;3_301_PhnA1a:D;5_506_Stc2:P;2_202_EdoA1:P;4_404_TdnA1:T;3_307_NagGH:A
201,0.2669,0.1701,0.4371,1,0,4_411_XylX:K;2_216_BPDO:K;4_409_TPDO:K;3_301_PhnA1a:K;5_506_Stc2:K;2_202_EdoA1:K;4_404_TdnA1:K;3_307_NagGH:K
216,0.2641,0.2974,0.5615,1,0,4_411_XylX:V;2_216_BPDO:T;4_409_TPDO:L;3_301_PhnA1a:T;5_506_Stc2:N;2_202_EdoA1:S;4_404_TdnA1:V;3_307_NagGH:L
94,0.2628,0.4658,0.7286,0,0,4_411_XylX:R;2_216_BPDO:H;4_409_TPDO:R;3_301_PhnA1a:F;5_506_Stc2:T;2_202_EdoA1:R;4_404_TdnA1:E;3_307_NagGH:R
406,0.2609,0.4887,0.7496,1,0,4_411_XylX:L;2_216_BPDO:Q;4_409_TPDO:Q;3_301_PhnA1a:L;5_506_Stc2:A;2_202_EdoA1:A;4_404_TdnA1:K;3_307_NagGH:R
149,0.2597,0.4273,0.687,0,0,4_411_XylX:R;2_216_BPDO:K;4_409_TPDO:R;3_301_PhnA1a:K;5_506_Stc2:A;2_202_EdoA1:K;4_404_TdnA1:N;3_307_NagGH:G
383,0.2594,0.3796,0.639,1,0,4_411_XylX:W;2_216_BPDO:D;4_409_TPDO:S;3_301_PhnA1a:G;5_506_Stc2:T;2_202_EdoA1:G;4_404_TdnA1:E;3_307_NagGH:R
366,0.2594,0.4031,0.6625,1,0,4_411_XylX:Y;2_216_BPDO:N;4_409_TPDO:T;3_301_PhnA1a:N;5_506_Stc2:I;2_202_EdoA1:L;4_404_TdnA1:A;3_307_NagGH:F
25,0.2593,0.1983,0.4576,0,0,4_411_XylX:F;2_216_BPDO:F;4_409_TPDO:F;3_301_PhnA1a:F;5_506_Stc2:Y;2_202_EdoA1:Y;4_404_TdnA1:Y;3_307_NagGH:Y
132,0.2591,0.4676,0.7267,0,0,4_411_XylX:C;2_216_BPDO:D;4_409_TPDO:D;3_301_PhnA1a:D;5_506_Stc2:D;2_202_EdoA1:G;4_404_TdnA1:C;3_307_NagGH:D
300,0.2585,0.4804,0.7389,1,0,4_411_XylX:S;2_216_BPDO:T;4_409_TPDO:S;3_301_PhnA1a:I;5_506_Stc2:P;2_202_EdoA1:I;4_404_TdnA1:I;3_307_NagGH:M
82,0.2585,0.4134,0.6719,0,0,4_411_XylX:I;2_216_BPDO:I;4_409_TPDO:V;3_301_PhnA1a:L;5_506_Stc2:H;2_202_EdoA1:L;4_404_TdnA1:L;3_307_NagGH:E
385,0.256,0.5085,0.7645,1,0,4_411_XylX:E;2_216_BPDO:E;4_409_TPDO:G;3_301_PhnA1a:Q;5_506_Stc2:L;2_202_EdoA1:S;4_404_TdnA1:E;3_307_NagGH:V
213,0.2558,0.3452,0.601,1,0,4_411_XylX:V;2_216_BPDO:V;4_409_TPDO:A;3_301_PhnA1a:A;5_506_Stc2:C;2_202_EdoA1:A;4_404_TdnA1:F;3_307_NagGH:P
101,0.2556,0.428,0.6836,0,0,4_411_XylX:A;2_216_BPDO:K;4_409_TPDO:S;3_301_PhnA1a:R;5_506_Stc2:G;2_202_EdoA1:K;4_404_TdnA1:N;3_307_NagGH:K
17,0.2549,0.5052,0.7601,0,0,4_411_XylX:I;2_216_BPDO:N;4_409_TPDO:G;3_301_PhnA1a:E;5_506_Stc2:G;2_202_EdoA1:K;4_404_TdnA1:S;3_307_NagGH:S
196,0.2528,0.448,0.7008,1,0,4_411_XylX:Y;2_216_BPDO:L;4_409_TPDO:S;3_301_PhnA1a:I;5_506_Stc2:E;2_202_EdoA1:I;4_404_TdnA1:F;3_307_NagGH:I
131,0.2524,0.479,0.7314,0,0,4_411_XylX:D;2_216_BPDO:S;4_409_TPDO:A;3_301_PhnA1a:G;5_506_Stc2:E;2_202_EdoA1:D;4_404_TdnA1:D;3_307_NagGH:A
143,0.2521,0.2963,0.5484,0,0,4_411_XylX:V;2_216_BPDO:I;4_409_TPDO:L;3_301_PhnA1a:V;5_506_Stc2:V;2_202_EdoA1:A;4_404_TdnA1:L;3_307_NagGH:L
413,0.252,0.4764,0.7284,1,0,4_411_XylX:L;2_216_BPDO:D;4_409_TPDO:L;3_301_PhnA1a:S;5_506_Stc2:L;2_202_EdoA1:S;4_404_TdnA1:P;3_307_NagGH:V
229,0.2498,0.4816,0.7314,1,0,4_411_XylX:R;2_216_BPDO:E;4_409_TPDO:R;3_301_PhnA1a:P;5_506_Stc2:T;2_202_EdoA1:P;4_404_TdnA1:E;3_307_NagGH:R
389,0.2476,0.4778,0.7254,1,0,4_411_XylX:E;2_216_BPDO:P;4_409_TPDO:Q;3_301_PhnA1a:E;5_506_Stc2:D;2_202_EdoA1:N;4_404_TdnA1:E;3_307_NagGH:T
235,0.2474,0.5464,0.7939,1,0,4_411_XylX:G;2_216_BPDO:L;4_409_TPDO:S;3_301_PhnA1a:G;5_506_Stc2:A;2_202_EdoA1:K;4_404_TdnA1:Q;3_307_NagGH:S
252,0.2473,0.5893,0.8366,1,0,4_411_XylX:W;2_216_BPDO:N;4_409_TPDO:S;3_301_PhnA1a:D;5_506_Stc2:A;2_202_EdoA1:D;4_404_TdnA1:P;3_307_NagGH:S
304,0.2469,0.4986,0.7455,1,0,4_411_XylX:S;4_409_TPDO:L;3_301_PhnA1a:F;5_506_Stc2:I;4_404_TdnA1:A;3_307_NagGH:L
294,0.2462,0.4599,0.706,1,0,4_411_XylX:Y;2_216_BPDO:S;4_409_TPDO:V;3_301_PhnA1a:S;5_506_Stc2:W;2_202_EdoA1:S;4_404_TdnA1:A;3_307_NagGH:I
242,0.2457,0.5887,0.8344,1,0,4_411_XylX:E;2_216_BPDO:R;4_409_TPDO:T;3_301_PhnA1a:V;5_506_Stc2:P;2_202_EdoA1:W;4_404_TdnA1:G;3_307_NagGH:H
405,0.2442,0.24,0.4843,1,0,4_411_XylX:W;2_216_BPDO:W;4_409_TPDO:Y;3_301_PhnA1a:W;5_506_Stc2:Y;2_202_EdoA1:W;4_404_TdnA1:W;3_307_NagGH:W
372,0.2442,0.3857,0.6299,1,0,4_411_XylX:E;2_216_BPDO:R;4_409_TPDO:R;3_301_PhnA1a:R;5_506_Stc2:E;2_202_EdoA1:R;4_404_TdnA1:L;3_307_NagGH:P
240,0.2428,0.5545,0.7973,1,0,4_411_XylX:S;2_216_BPDO:T;4_409_TPDO:T;3_301_PhnA1a:H;5_506_Stc2:R;2_202_EdoA1:R;4_404_TdnA1:E;3_307_NagGH:D
338,0.242,0.4661,0.7082,1,0,4_411_XylX:I;2_216_BPDO:Q;4_409_TPDO:R;3_301_PhnA1a:L;5_506_Stc2:E;2_202_EdoA1:R;4_404_TdnA1:L;3_307_NagGH:L
121,0.2412,0.2916,0.5328,0,0,4_411_XylX:V;2_216_BPDO:V;4_409_TPDO:V;3_301_PhnA1a:M;5_506_Stc2:A;2_202_EdoA1:V;4_404_TdnA1:V;3_307_NagGH:V
129,0.2408,0.4675,0.7083,0,0,4_411_XylX:Y;2_216_BPDO:Y;4_409_TPDO:M;3_301_PhnA1a:Y;5_506_Stc2:M;2_202_EdoA1:F;4_404_TdnA1:Y;3_307_NagGH:M
339,0.2403,0.5444,0.7846,1,0,4_411_XylX:R;2_216_BPDO:R;4_409_TPDO:L;3_301_PhnA1a:K;5_506_Stc2:D;2_202_EdoA1:R;4_404_TdnA1:R;3_307_NagGH:L
233,0.2392,0.5921,0.8313,1,0,4_411_XylX:E;2_216_BPDO:L;4_409_TPDO:A;3_301_PhnA1a:V;5_506_Stc2:V;2_202_EdoA1:L;4_404_TdnA1:L;3_307_NagGH:K
262,0.2385,0.5437,0.7822,1,0,4_411_XylX:N;2_216_BPDO:K;4_409_TPDO:S;3_301_PhnA1a:D;5_506_Stc2:S;2_202_EdoA1:Q;4_404_TdnA1:E;3_307_NagGH:S
384,0.2383,0.5228,0.7611,1,0,4_411_XylX:I;2_216_BPDO:R;4_409_TPDO:R;3_301_PhnA1a:R;5_506_Stc2:H;2_202_EdoA1:R;4_404_TdnA1:R;3_307_NagGH:E
83,0.2363,0.1049,0.3412,0,0,4_411_XylX:N;2_216_BPDO:N;4_409_TPDO:N;3_301_PhnA1a:N;5_506_Stc2:N;2_202_EdoA1:N;4_404_TdnA1:N;3_307_NagGH:N
40,0.236,0.418,0.6541,0,0,4_411_XylX:E;2_216_BPDO:S;4_409_TPDO:G;3_301_PhnA1a:A;5_506_Stc2:Y;2_202_EdoA1:G;4_404_TdnA1:Y;3_307_NagGH:G
301,0.236,0.3974,0.6334,1,0,4_411_XylX:S;2_216_BPDO:N;4_409_TPDO:H;3_301_PhnA1a:N;5_506_Stc2:G;2_202_EdoA1:N;4_404_TdnA1:Q;3_307_NagGH:V
232,0.2341,0.4822,0.7163,1,0,4_411_XylX:R;2_216_BPDO:G;4_409_TPDO:Q;3_301_PhnA1a:P;5_506_Stc2:G;2_202_EdoA1:D;4_404_TdnA1:E;3_307_NagGH:N
303,0.2334,0.4939,0.7273,1,0,4_409_TPDO:T;3_301_PhnA1a:P;5_506_Stc2:H;4_404_TdnA1:M;3_307_NagGH:S
60,0.2322,0.407,0.6393,0,0,4_411_XylX:T;2_216_BPDO:T;4_409_TPDO:S;3_301_PhnA1a:T;5_506_Stc2:T;2_202_EdoA1:T;4_404_TdnA1:T;3_307_NagGH:R
344,0.2311,0.4799,0.711,1,0,4_411_XylX:F;2_216_BPDO:S;4_409_TPDO:L;3_301_PhnA1a:T;5_506_Stc2:V;2_202_EdoA1:T;4_404_TdnA1:F;3_307_NagGH:L
103,0.2299,0.2083,0.4382,0,0,4_411_XylX:Y;2_216_BPDO:F;4_409_TPDO:F;3_301_PhnA1a:F;5_506_Stc2:L;2_202_EdoA1:F;4_404_TdnA1:F;3_307_NagGH:F
111,0.2289,0.3718,0.6008,0,0,4_411_XylX:T;2_216_BPDO:V;4_409_TPDO:S;3_301_PhnA1a:S;5_506_Stc2:T;2_202_EdoA1:A;4_404_TdnA1:S;3_307_NagGH:N
128,0.2282,0.5003,0.7285,0,0,4_411_XylX:G;2_216_BPDO:C;4_409_TPDO:G;3_301_PhnA1a:A;5_506_Stc2:H;2_202_EdoA1:A;4_404_TdnA1:G;3_307_NagGH:G
106,0.2282,0.2704,0.4986,0,0,4_411_XylX:P;2_216_BPDO:N;4_409_TPDO:V;3_301_PhnA1a:N;5_506_Stc2:P;2_202_EdoA1:S;4_404_TdnA1:P;3_307_NagGH:P
195,0.2281,0.537,0.7652,1,0,4_411_XylX:T;2_216_BPDO:T;4_409_TPDO:R;3_301_PhnA1a:V;5_506_Stc2:I;2_202_EdoA1:V;4_404_TdnA1:R;3_307_NagGH:R
350,0.2277,0.4429,0.6706,1,0,4_411_XylX:M;2_216_BPDO:T;4_409_TPDO:Y;3_301_PhnA1a:L;5_506_Stc2:A;2_202_EdoA1:V;4_404_TdnA1:F;3_307_NagGH:F
298,0.2271,0.4828,0.7099,1,0,4_411_XylX:Q;2_216_BPDO:G;4_409_TPDO:I;3_301_PhnA1a:G;5_506_Stc2:L;2_202_EdoA1:G;4_404_TdnA1:C;3_307_NagGH:Q
23,0.2271,0.4748,0.7018,0,0,4_411_XylX:S;2_216_BPDO:R;4_409_TPDO:K;3_301_PhnA1a:R;5_506_Stc2:P;2_202_EdoA1:R;4_404_TdnA1:S;3_307_NagGH:W
306,0.2267,0.4286,0.6552,1,0,4_411_XylX:I;2_216_BPDO:F;4_409_TPDO:A;3_301_PhnA1a:F;5_506_Stc2:T;2_202_EdoA1:I;4_404_TdnA1:F;3_307_NagGH:T
227,0.2253,0.488,0.7133,1,0,4_411_XylX:R;4_409_TPDO:Q;3_301_PhnA1a:G;5_506_Stc2:A;2_202_EdoA1:L;4_404_TdnA1:K;3_307_NagGH:V
137,0.2244,0.5214,0.7458,0,0,4_411_XylX:S;2_216_BPDO:K;4_409_TPDO:Q;3_301_PhnA1a:K;5_506_Stc2:C;2_202_EdoA1:E;4_404_TdnA1:E;3_307_NagGH:D
388,0.224,0.4443,0.6683,1,0,4_411_XylX:D;2_216_BPDO:H;4_409_TPDO:D;3_301_PhnA1a:H;5_506_Stc2:Y;2_202_EdoA1:G;4_404_TdnA1:N;3_307_NagGH:D
30,0.2234,0.3929,0.6164,0,0,4_411_XylX:L;2_216_BPDO:V;4_409_TPDO:V;3_301_PhnA1a:I;5_506_Stc2:I;2_202_EdoA1:L;4_404_TdnA1:I;3_307_NagGH:L
302,0.2218,0.4845,0.7063,1,0,4_409_TPDO:N;5_506_Stc2:D;4_404_TdnA1:S;3_307_NagGH:N
156,0.2214,0.3615,0.5829,0,0,4_411_XylX:L;2_216_BPDO:H;4_409_TPDO:F;3_301_PhnA1a:F;5_506_Stc2:L;2_202_EdoA1:W;4_404_TdnA1:F;3_307_NagGH:F
140,0.2211,0.1974,0.4184,0,0,4_411_XylX:L;2_216_BPDO:L;4_409_TPDO:L;3_301_PhnA1a:L;5_506_Stc2:L;2_202_EdoA1:P;4_404_TdnA1:L;3_307_NagGH:L
247,0.2202,0.5302,0.7504,1,0,4_411_XylX:L;2_216_BPDO:F;4_409_TPDO:S;3_301_PhnA1a:W;5_506_Stc2:R;2_202_EdoA1:S;4_404_TdnA1:V;3_307_NagGH:A
336,0.2193,0.531,0.7504,1,0,4_411_XylX:R;2_216_BPDO:S;4_409_TPDO:L;3_301_PhnA1a:E;5_506_Stc2:D;2_202_EdoA1:E;4_404_TdnA1:E;3_307_NagGH:R
38,0.2162,0.333,0.5492,0,0,4_411_XylX:I;2_216_BPDO:I;4_409_TPDO:I;3_301_PhnA1a:I;5_506_Stc2:I;2_202_EdoA1:V;4_404_TdnA1:I;3_307_NagGH:F
190,0.2162,0.4786,0.6948,1,0,4_411_XylX:G;2_216_BPDO:P;4_409_TPDO:G;3_301_PhnA1a:G;5_506_Stc2:F;2_202_EdoA1:G;4_404_TdnA1:G;3_307_NagGH:G
324,0.2159,0.4492,0.6651,1,0,4_411_XylX:I;2_216_BPDO:M;4_409_TPDO:F;3_301_PhnA1a:I;5_506_Stc2:L;2_202_EdoA1:V;4_404_TdnA1:I;3_307_NagGH:F
183,0.2157,0.5258,0.7415,1,0,4_411_XylX:E;2_216_BPDO:G;4_409_TPDO:D;3_301_PhnA1a:G;5_506_Stc2:L;2_202_EdoA1:A;4_404_TdnA1:A;3_307_NagGH:G
62,0.2153,0.4862,0.7015,0,0,4_411_XylX:Y;2_216_BPDO:Y;4_409_TPDO:F;3_301_PhnA1a:Y;5_506_Stc2:Q;2_202_EdoA1:Y;4_404_TdnA1:T;3_307_NagGH:V
365,0.2153,0.3446,0.5599,1,0,4_411_XylX:G;2_216_BPDO:N;4_409_TPDO:G;3_301_PhnA1a:V;5_506_Stc2:G;2_202_EdoA1:G;4_404_TdnA1:G;3_307_NagGH:G
334,0.2147,0.4577,0.6723,1,0,4_411_XylX:R;2_216_BPDO:K;4_409_TPDO:R;3_301_PhnA1a:K;5_506_Stc2:D;2_202_EdoA1:K;4_404_TdnA1:N;3_307_NagGH:T
296,0.213,0.4634,0.6764,1,0,4_411_XylX:M;2_216_BPDO:L;4_409_TPDO:Q;3_301_PhnA1a:L;5_506_Stc2:H;2_202_EdoA1:L;4_404_TdnA1:S;3_307_NagGH:Q
260,0.2127,0.5493,0.762,1,0,4_411_XylX:L;2_216_BPDO:Y;4_409_TPDO:I;3_301_PhnA1a:V;5_506_Stc2:A;2_202_EdoA1:V;4_404_TdnA1:I;3_307_NagGH:V
320,0.2119,0.4531,0.665,1,0,4_411_XylX:T;2_216_BPDO:W;4_409_TPDO:I;3_301_PhnA1a:W;5_506_Stc2:T;2_202_EdoA1:W;4_404_TdnA1:H;3_307_NagGH:V
79,0.2103,0.4162,0.6265,0,0,4_411_XylX:N;2_216_BPDO:K;4_409_TPDO:H;3_301_PhnA1a:K;5_506_Stc2:R;2_202_EdoA1:K;4_404_TdnA1:H;3_307_NagGH:N
238,0.2103,0.5554,0.7657,1,0,4_411_XylX:F;2_216_BPDO:Q;4_409_TPDO:T;3_301_PhnA1a:S;5_506_Stc2:E;2_202_EdoA1:Q;4_404_TdnA1:F;3_307_NagGH:K
416,0.2096,0.4332,0.6428,1,0,4_411_XylX:E;2_216_BPDO:A;3_301_PhnA1a:D;5_506_Stc2:D;2_202_EdoA1:T;4_404_TdnA1:Q
241,0.2096,0.5763,0.7859,1,0,4_411_XylX:F;2_216_BPDO:M;4_409_TPDO:K;3_301_PhnA1a:A;5_506_Stc2:L;2_202_EdoA1:A;4_404_TdnA1:D;3_307_NagGH:A
31,0.2078,0.3146,0.5224,0,0,4_411_XylX:F;2_216_BPDO:Y;4_409_TPDO:Y;3_301_PhnA1a:Y;5_506_Stc2:F;2_202_EdoA1:Y;4_404_TdnA1:F;3_307_NagGH:Y
19,0.2078,0.3927,0.6005,0,0,4_411_XylX:R;2_216_BPDO:S;4_409_TPDO:R;3_301_PhnA1a:R;5_506_Stc2:S;2_202_EdoA1:L;4_404_TdnA1:R;3_307_NagGH:R
185,0.2052,0.5097,0.7149,1,0,4_411_XylX:L;2_216_BPDO:L;4_409_TPDO:I;3_301_PhnA1a:T;5_506_Stc2:N;2_202_EdoA1:T;4_404_TdnA1:P;3_307_NagGH:K
34,0.2042,0.1716,0.3758,0,0,4_411_XylX:E;2_216_BPDO:E;4_409_TPDO:E;3_301_PhnA1a:E;5_506_Stc2:D;2_202_EdoA1:E;4_404_TdnA1:E;3_307_NagGH:E
325,0.2039,0.4189,0.6228,1,0,4_411_XylX:A;2_216_BPDO:V;4_409_TPDO:G;3_301_PhnA1a:V;5_506_Stc2:V;2_202_EdoA1:V;4_404_TdnA1:T;3_307_NagGH:G
418,0.2035,0.4092,0.6126,1,0,4_411_XylX:E;2_216_BPDO:R;3_301_PhnA1a:P;5_506_Stc2:A;2_202_EdoA1:K;4_404_TdnA1:R
230,0.2033,0.5471,0.7504,1,0,4_411_XylX:K;2_216_BPDO:L;4_409_TPDO:G;3_301_PhnA1a:F;5_506_Stc2:V;2_202_EdoA1:E;4_404_TdnA1:T;3_307_NagGH:A
292,0.2033,0.3549,0.5582,1,0,4_411_XylX:N;2_216_BPDO:N;4_409_TPDO:Q;3_301_PhnA1a:N;5_506_Stc2:N;2_202_EdoA1:T;4_404_TdnA1:N;3_307_NagGH:S
361,0.2031,0.4579,0.6609,1,0,4_411_XylX:S;2_216_BPDO:S;4_409_TPDO:L;3_301_PhnA1a:N;5_506_Stc2:E;2_202_EdoA1:E;4_404_TdnA1:R;3_307_NagGH:F
66,0.2029,0.3831,0.5861,0,0,4_411_XylX:Q;2_216_BPDO:D;4_409_TPDO:T;3_301_PhnA1a:D;5_506_Stc2:Y;2_202_EdoA1:D;4_404_TdnA1:Q;3_307_NagGH:R
352,0.2029,0.4162,0.6191,1,0,4_411_XylX:T;2_216_BPDO:E;4_409_TPDO:S;3_301_PhnA1a:E;5_506_Stc2:N;2_202_EdoA1:E;4_404_TdnA1:T;3_307_NagGH:S
187,0.2024,0.4999,0.7023,1,0,4_411_XylX:V;2_216_BPDO:L;4_409_TPDO:Y;3_301_PhnA1a:F;5_506_Stc2:K;2_202_EdoA1:A;4_404_TdnA1:K;3_307_NagGH:K
95,0.2018,0.2947,0.4965,0,0,4_411_XylX:H;2_216_BPDO:A;4_409_TPDO:K;3_301_PhnA1a:A;5_506_Stc2:E;2_202_EdoA1:S;4_404_TdnA1:H;3_307_NagGH:E
414,0.2013,0.4717,0.673,1,0,4_411_XylX:A;2_216_BPDO:W;4_409_TPDO:Q;3_301_PhnA1a:W;5_506_Stc2:Q;2_202_EdoA1:W;4_404_TdnA1:A;3_307_NagGH:A
170,0.2002,0.5299,0.7301,0,0,4_411_XylX:S;2_216_BPDO:F;4_409_TPDO:Q;3_301_PhnA1a:F;5_506_Stc2:A;2_202_EdoA1:A;4_404_TdnA1:A;3_307_NagGH:E
317,0.2001,0.3497,0.5498,1,0,4_411_XylX:T;2_216_BPDO:I;4_409_TPDO:F;3_301_PhnA1a:I;5_506_Stc2:T;2_202_EdoA1:I;4_404_TdnA1:T;3_307_NagGH:F
248,0.1992,0.4956,0.6948,1,0,4_411_XylX:L;2_216_BPDO:G;4_409_TPDO:A;3_301_PhnA1a:E;5_506_Stc2:G;2_202_EdoA1:G;4_404_TdnA1:M;3_307_NagGH:M
176,0.1989,0.493,0.6919,0,0,4_411_XylX:M;2_216_BPDO:T;4_409_TPDO:R;3_301_PhnA1a:V;5_506_Stc2:P;2_202_EdoA1:V;4_404_TdnA1:L;3_307_NagGH:R
270,0.198,0.5947,0.7927,1,0,4_411_XylX:R;2_216_BPDO:R;4_409_TPDO:D;3_301_PhnA1a:R;5_506_Stc2:V;2_202_EdoA1:A;4_404_TdnA1:A;3_307_NagGH:D
142,0.1976,0.4538,0.6514,0,0,4_411_XylX:K;2_216_BPDO:P;4_409_TPDO:K;3_301_PhnA1a:P;5_506_Stc2:P;2_202_EdoA1:Q;4_404_TdnA1:S;3_307_NagGH:K
173,0.1972,0.5107,0.7079,0,0,4_411_XylX:I;2_216_BPDO:Y;4_409_TPDO:W;3_301_PhnA1a:Y;5_506_Stc2:Y;2_202_EdoA1:Y;4_404_TdnA1:W;3_307_NagGH:Y
33,0.1958,0.4271,0.6229,0,0,4_411_XylX:L;2_216_BPDO:L;4_409_TPDO:R;3_301_PhnA1a:Q;5_506_Stc2:L;2_202_EdoA1:L;4_404_TdnA1:A;3_307_NagGH:R
253,0.1957,0.5444,0.7401,1,0,4_411_XylX:A;2_216_BPDO:A;4_409_TPDO:A;3_301_PhnA1a:G;5_506_Stc2:R;2_202_EdoA1:D;4_404_TdnA1:E;3_307_NagGH:T
249,0.1932,0.5309,0.7242,1,0,4_411_XylX:W;2_216_BPDO:L;4_409_TPDO:A;3_301_PhnA1a:F;5_506_Stc2:F;2_202_EdoA1:W;4_404_TdnA1:V;3_307_NagGH:A
254,0.1924,0.5672,0.7596,1,0,4_411_XylX:N;2_216_BPDO:A;4_409_TPDO:S;3_301_PhnA1a:D;5_506_Stc2:M;2_202_EdoA1:P;4_404_TdnA1:H;3_307_NagGH:R
154,0.1924,0.3059,0.4983,0,0,4_411_XylX:G;2_216_BPDO:G;4_409_TPDO:A;3_301_PhnA1a:A;5_506_Stc2:V;2_202_EdoA1:A;4_404_TdnA1:A;3_307_NagGH:A
93,0.1911,0.3076,0.4987,0,0,4_411_XylX:C;2_216_BPDO:C;4_409_TPDO:C;3_301_PhnA1a:C;5_506_Stc2:C;2_202_EdoA1:C;4_404_TdnA1:C;3_307_NagGH:C
189,0.1909,0.5116,0.7025,1,0,4_411_XylX:R;2_216_BPDO:G;4_409_TPDO:L;3_301_PhnA1a:G;5_506_Stc2:A;2_202_EdoA1:G;4_404_TdnA1:L;3_307_NagGH:L
265,0.1909,0.4772,0.668,1,0,4_411_XylX:N;4_409_TPDO:Q;3_301_PhnA1a:E;5_506_Stc2:D;4_404_TdnA1:D;3_307_NagGH:V
74,0.1907,0.5442,0.7349,0,0,4_411_XylX:K;2_216_BPDO:P;4_409_TPDO:E;3_301_PhnA1a:K;5_506_Stc2:D;2_202_EdoA1:K;4_404_TdnA1:R;3_307_NagGH:E
92,0.19,0.1736,0.3636,0,0,4_411_XylX:L;2_216_BPDO:I;4_409_TPDO:V;3_301_PhnA1a:V;5_506_Stc2:L;2_202_EdoA1:I;4_404_TdnA1:V;3_307_NagGH:F
9,0.1898,0.3385,0.5283,0,0,4_411_XylX:L;2_216_BPDO:D;4_409_TPDO:D;3_301_PhnA1a:I;5_506_Stc2:K;2_202_EdoA1:I;4_404_TdnA1:D;3_307_NagGH:D
59,0.1898,0.4826,0.6724,0,0,4_411_XylX:Y;2_216_BPDO:I;4_409_TPDO:K;3_301_PhnA1a:L;5_506_Stc2:F;2_202_EdoA1:L;4_404_TdnA1:K;3_307_NagGH:K
354,0.189,0.1751,0.3641,1,0,4_411_XylX:D;2_216_BPDO:D;4_409_TPDO:E;3_301_PhnA1a:D;5_506_Stc2:Q;2_202_EdoA1:D;4_404_TdnA1:D;3_307_NagGH:D
395,0.1887,0.0385,0.2272,1,0,4_411_XylX:E;2_216_BPDO:E;4_409_TPDO:E;3_301_PhnA1a:E;5_506_Stc2:E;2_202_EdoA1:E;4_404_TdnA1:E;3_307_NagGH:E
329,0.1884,0.4687,0.657,1,0,4_411_XylX:E;2_216_BPDO:A;4_409_TPDO:D;3_301_PhnA1a:M;5_506_Stc2:A;2_202_EdoA1:A;4_404_TdnA1:G;3_307_NagGH:D
48,0.1881,0.3408,0.5289,0,0,4_411_XylX:H;2_216_BPDO:H;4_409_TPDO:L;3_301_PhnA1a:H;5_506_Stc2:H;2_202_EdoA1:H;4_404_TdnA1:H;3_307_NagGH:L
293,0.1875,0.5002,0.6877,1,0,4_411_XylX:V;2_216_BPDO:C;4_409_TPDO:L;3_301_PhnA1a:L;5_506_Stc2:T;2_202_EdoA1:C;4_404_TdnA1:L;3_307_NagGH:V
125,0.187,0.4706,0.6576,0,0,4_411_XylX:S;4_409_TPDO:R;3_301_PhnA1a:Y;5_506_Stc2:G;2_202_EdoA1:E;4_404_TdnA1:K;3_307_NagGH:R
237,0.1858,0.5682,0.754,1,0,4_411_XylX:G;2_216_BPDO:L;4_409_TPDO:I;3_301_PhnA1a:N;5_506_Stc2:A;2_202_EdoA1:N;4_404_TdnA1:G;3_307_NagGH:L
178,0.1843,0.5066,0.6908,0,0,4_411_XylX:V;2_216_BPDO:W;4_409_TPDO:F;3_301_PhnA1a:L;5_506_Stc2:L;2_202_EdoA1:L;4_404_TdnA1:M;3_307_NagGH:F
193,0.1828,0.4785,0.6613,1,0,4_411_XylX:T;2_216_BPDO:K;4_409_TPDO:R;3_301_PhnA1a:K;5_506_Stc2:T;2_202_EdoA1:K;4_404_TdnA1:R;3_307_NagGH:R
368,0.1808,0.3704,0.5512,1,0,4_411_XylX:G;2_216_BPDO:G;4_409_TPDO:G;3_301_PhnA1a:G;5_506_Stc2:S;2_202_EdoA1:G;4_404_TdnA1:A;3_307_NagGH:Q
86,0.1805,0.2878,0.4682,0,0,4_411_XylX:S;2_216_BPDO:T;4_409_TPDO:A;3_301_PhnA1a:P;5_506_Stc2:R;2_202_EdoA1:R;4_404_TdnA1:R;3_307_NagGH:A
274,0.1793,0.6365,0.8158,1,0,4_411_XylX:A;2_216_BPDO:R;4_409_TPDO:L;3_301_PhnA1a:A;5_506_Stc2:L;2_202_EdoA1:E;4_404_TdnA1:A;3_307_NagGH:L
96,0.179,0.4691,0.6481,0,0,4_411_XylX:K;2_216_BPDO:D;4_409_TPDO:S;3_301_PhnA1a:D;5_506_Stc2:E;2_202_EdoA1:D;4_404_TdnA1:K;3_307_NagGH:R
211,0.1785,0.2179,0.3964,1,0,4_411_XylX:Y;2_216_BPDO:Y;4_409_TPDO:Y;3_301_PhnA1a:Y;5_506_Stc2:Y;2_202_EdoA1:Y;4_404_TdnA1:Y;3_307_NagGH:Y
29,0.1783,0.438,0.6163,0,0,4_411_XylX:A;2_216_BPDO:D;4_409_TPDO:A;3_301_PhnA1a:D;5_506_Stc2:D;2_202_EdoA1:S;4_404_TdnA1:A;3_307_NagGH:A
35,0.178,0.3851,0.5631,0,0,4_411_XylX:M;2_216_BPDO:L;4_409_TPDO:Q;3_301_PhnA1a:L;5_506_Stc2:M;2_202_EdoA1:L;4_404_TdnA1:M;3_307_NagGH:L
58,0.1758,0.2689,0.4447,0,0,4_411_XylX:Y;2_216_BPDO:F;4_409_TPDO:F;3_301_PhnA1a:F;5_506_Stc2:Y;2_202_EdoA1:F;4_404_TdnA1:Y;3_307_NagGH:F
166,0.1747,0.4802,0.6549,0,0,4_411_XylX:H;2_216_BPDO:Y;4_409_TPDO:Y;3_301_PhnA1a:Y;5_506_Stc2:F;2_202_EdoA1:Y;4_404_TdnA1:F;3_307_NagGH:Y
90,0.1741,0.2982,0.4723,0,0,4_411_XylX:A;2_216_BPDO:N;4_409_TPDO:A;3_301_PhnA1a:N;5_506_Stc2:A;2_202_EdoA1:M;4_404_TdnA1:A;3_307_NagGH:M
65,0.1734,0.3283,0.5018,0,0,4_411_XylX:R;2_216_BPDO:E;4_409_TPDO:D;3_301_PhnA1a:E;5_506_Stc2:D;2_202_EdoA1:E;4_404_TdnA1:R;3_307_NagGH:E
36,0.1718,0.3734,0.5452,0,0,4_411_XylX:K;2_216_BPDO:E;4_409_TPDO:E;3_301_PhnA1a:E;5_506_Stc2:E;2_202_EdoA1:E;4_404_TdnA1:E;3_307_NagGH:E
269,0.1714,0.6101,0.7815,1,0,4_411_XylX:R;2_216_BPDO:T;4_409_TPDO:Q;3_301_PhnA1a:I;5_506_Stc2:A;2_202_EdoA1:A;4_404_TdnA1:L;3_307_NagGH:N
330,0.1705,0.4883,0.6589,1,0,4_411_XylX:S;2_216_BPDO:D;4_409_TPDO:T;3_301_PhnA1a:P;5_506_Stc2:V;2_202_EdoA1:P;4_404_TdnA1:P;3_307_NagGH:T
345,0.1668,0.4707,0.6376,1,0,4_411_XylX:F;2_216_BPDO:F;4_409_TPDO:V;3_301_PhnA1a:F;5_506_Stc2:W;2_202_EdoA1:F;4_404_TdnA1:Q;3_307_NagGH:F
104,0.1661,0.3775,0.5437,0,0,4_411_XylX:T;2_216_BPDO:V;4_409_TPDO:T;3_301_PhnA1a:V;5_506_Stc2:V;2_202_EdoA1:T;4_404_TdnA1:T;3_307_NagGH:V
68,0.1651,0.3158,0.4809,0,0,4_411_XylX:I;2_216_BPDO:V;4_409_TPDO:V;3_301_PhnA1a:V;5_506_Stc2:V;2_202_EdoA1:V;4_404_TdnA1:V;3_307_NagGH:V
99,0.1645,0.4102,0.5747,0,0,4_411_XylX:N;2_216_BPDO:S;4_409_TPDO:N;3_301_PhnA1a:N;5_506_Stc2:S;2_202_EdoA1:N;4_404_TdnA1:N;3_307_NagGH:N
381,0.1645,0.3661,0.5306,1,0,4_411_XylX:K;2_216_BPDO:G;4_409_TPDO:G;3_301_PhnA1a:G;5_506_Stc2:E;2_202_EdoA1:G;4_404_TdnA1:G;3_307_NagGH:G
61,0.1624,0.401,0.5634,0,0,4_411_XylX:T;2_216_BPDO:T;4_409_TPDO:T;3_301_PhnA1a:T;5_506_Stc2:V;2_202_EdoA1:T;4_404_TdnA1:T;3_307_NagGH:T
139,0.1622,0.4085,0.5707,0,0,4_411_XylX:D;2_216_BPDO:G;4_409_TPDO:G;3_301_PhnA1a:G;5_506_Stc2:G;2_202_EdoA1:G;4_404_TdnA1:P;3_307_NagGH:G
127,0.162,0.5068,0.6688,0,0,4_411_XylX:A;2_216_BPDO:R;4_409_TPDO:G;3_301_PhnA1a:E;5_506_Stc2:R;2_202_EdoA1:E;4_404_TdnA1:E;3_307_NagGH:G
256,0.1584,0.6097,0.7681,1,0,4_411_XylX:E;2_216_BPDO:K;4_409_TPDO:D;3_301_PhnA1a:G;5_506_Stc2:L;2_202_EdoA1:M;4_404_TdnA1:D;3_307_NagGH:Q
390,0.1562,0.4463,0.6025,1,0,4_411_XylX:A;2_216_BPDO:V;4_409_TPDO:Q;3_301_PhnA1a:T;5_506_Stc2:G;2_202_EdoA1:P;4_404_TdnA1:E;3_307_NagGH:E
148,0.1561,0.3678,0.5239,0,0,4_411_XylX:Y;2_216_BPDO:Y;4_409_TPDO:Y;3_301_PhnA1a:Y;5_506_Stc2:V;2_202_EdoA1:Y;4_404_TdnA1:Y;3_307_NagGH:R
67,0.156,0.3928,0.5488,0,0,4_411_XylX:P;2_216_BPDO:R;4_409_TPDO:P;3_301_PhnA1a:A;5_506_Stc2:S;2_202_EdoA1:P;4_404_TdnA1:P;3_307_NagGH:S
180,0.1558,0.5072,0.663,1,0,4_411_XylX:Q;2_216_BPDO:G;4_409_TPDO:K;3_301_PhnA1a:N;5_506_Stc2:R;2_202_EdoA1:R;4_404_TdnA1:Q;3_307_NagGH:R
357,0.1546,0.4292,0.5838,1,0,4_411_XylX:E;2_216_BPDO:E;4_409_TPDO:E;3_301_PhnA1a:E;5_506_Stc2:R;2_202_EdoA1:E;4_404_TdnA1:E;3_307_NagGH:E
169,0.1536,0.4893,0.6429,0,0,4_411_XylX:E;2_216_BPDO:D;4_409_TPDO:E;3_301_PhnA1a:D;5_506_Stc2:G;2_202_EdoA1:D;4_404_TdnA1:G;3_307_NagGH:P
409,0.1532,0.3131,0.4663,1,0,4_411_XylX:M;2_216_BPDO:L;4_409_TPDO:M;3_301_PhnA1a:M;5_506_Stc2:M;2_202_EdoA1:M;4_404_TdnA1:M;3_307_NagGH:M
172,0.1529,0.5372,0.6901,0,0,4_411_XylX:K;2_216_BPDO:W;4_409_TPDO:P;3_301_PhnA1a:W;5_506_Stc2:P;2_202_EdoA1:P;4_404_TdnA1:K;3_307_NagGH:A
160,0.1518,0.4216,0.5734,0,0,4_411_XylX:V;2_216_BPDO:A;4_409_TPDO:V;3_301_PhnA1a:A;5_506_Stc2:P;2_202_EdoA1:A;4_404_TdnA1:I;3_307_NagGH:V
50,0.1499,0.4289,0.5788,0,0,4_411_XylX:S;2_216_BPDO:S;4_409_TPDO:A;3_301_PhnA1a:S;5_506_Stc2:C;2_202_EdoA1:S;4_404_TdnA1:S;3_307_NagGH:A
206,0.1497,0.1498,0.2996,1,0,4_411_XylX:N;2_216_BPDO:N;4_409_TPDO:N;3_301_PhnA1a:N;5_506_Stc2:N;2_202_EdoA1:Q;4_404_TdnA1:N;3_307_NagGH:N
364,0.1496,0.4982,0.6479,1,0,4_411_XylX:A;2_216_BPDO:Y;4_409_TPDO:R;3_301_PhnA1a:T;5_506_Stc2:R;2_202_EdoA1:K;4_404_TdnA1:R;3_307_NagGH:E
171,0.1492,0.5805,0.7297,0,0,4_411_XylX:A;2_216_BPDO:C;4_409_TPDO:R;3_301_PhnA1a:R;5_506_Stc2:E;2_202_EdoA1:R;4_404_TdnA1:K;3_307_NagGH:L
157,0.1491,0.3306,0.4798,0,0,4_411_XylX:N;2_216_BPDO:D;4_409_TPDO:S;3_301_PhnA1a:D;5_506_Stc2:A;2_202_EdoA1:D;4_404_TdnA1:N;3_307_NagGH:D
272,0.149,0.6043,0.7533,1,0,4_411_XylX:E;2_216_BPDO:G;4_409_TPDO:S;3_301_PhnA1a:K;5_506_Stc2:K;2_202_EdoA1:K;4_404_TdnA1:A;3_307_NagGH:R
113,0.1488,0.3875,0.5363,0,0,4_411_XylX:N;2_216_BPDO:G;4_409_TPDO:D;3_301_PhnA1a:G;5_506_Stc2:D;2_202_EdoA1:D;4_404_TdnA1:A;3_307_NagGH:D
98,0.1482,0.3011,0.4493,0,0,4_411_XylX:G;2_216_BPDO:G;4_409_TPDO:G;3_301_PhnA1a:G;5_506_Stc2:G;2_202_EdoA1:G;4_404_TdnA1:G;3_307_NagGH:G
288,0.1458,0.513,0.6589,1,0,4_411_XylX:C;2_216_BPDO:S;4_409_TPDO:S;3_301_PhnA1a:T;5_506_Stc2:F;2_202_EdoA1:T;4_404_TdnA1:N;3_307_NagGH:T
318,0.1455,0.4279,0.5734,1,0,4_411_XylX:E;2_216_BPDO:E;4_409_TPDO:E;3_301_PhnA1a:E;5_506_Stc2:L;2_202_EdoA1:E;4_404_TdnA1:E;3_307_NagGH:D
313,0.1449,0.3188,0.4637,1,0,4_411_XylX:S;2_216_BPDO:G;4_409_TPDO:G;3_301_PhnA1a:G;5_506_Stc2:S;2_202_EdoA1:G;4_404_TdnA1:S;3_307_NagGH:G
134,0.1436,0.4545,0.5981,0,0,4_411_XylX:N;2_216_BPDO:D;4_409_TPDO:D;3_301_PhnA1a:D;5_506_Stc2:D;2_202_EdoA1:D;4_404_TdnA1:D;3_307_NagGH:K
251,0.1436,0.5864,0.73,1,0,4_411_XylX:R;2_216_BPDO:D;4_409_TPDO:K;3_301_PhnA1a:F;5_506_Stc2:T;2_202_EdoA1:V;4_404_TdnA1:I;3_307_NagGH:I
32,0.143,0.44,0.583,0,0,4_411_XylX:D;2_216_BPDO:Q;4_409_TPDO:D;3_301_PhnA1a:E;5_506_Stc2:A;2_202_EdoA1:E;4_404_TdnA1:E;3_307_NagGH:Q
198,0.1429,0.3596,0.5024,1,0,4_411_XylX:G;2_216_BPDO:C;4_409_TPDO:S;3_301_PhnA1a:C;5_506_Stc2:G;2_202_EdoA1:C;4_404_TdnA1:G;3_307_NagGH:G
328,0.1428,0.5121,0.6549,1,0,4_411_XylX:G;2_216_BPDO:N;4_409_TPDO:D;3_301_PhnA1a:N;5_506_Stc2:D;2_202_EdoA1:D;4_404_TdnA1:G;3_307_NagGH:D
312,0.1425,0.4511,0.5936,1,0,4_411_XylX:I;2_216_BPDO:R;4_409_TPDO:K;3_301_PhnA1a:K;5_506_Stc2:L;2_202_EdoA1:R;4_404_TdnA1:I;3_307_NagGH:N
376,0.1421,0.3426,0.4847,1,0,4_411_XylX:M;2_216_BPDO:M;4_409_TPDO:A;3_301_PhnA1a:L;5_506_Stc2:Y;2_202_EdoA1:L;4_404_TdnA1:L;3_307_NagGH:T
117,0.1413,0.5239,0.6652,0,0,4_411_XylX:K;2_216_BPDO:S;4_409_TPDO:N;3_301_PhnA1a:A;5_506_Stc2:K;2_202_EdoA1:N;4_404_TdnA1:S;3_307_NagGH:N
268,0.1412,0.6018,0.743,1,0,4_411_XylX:E;2_216_BPDO:D;4_409_TPDO:L;3_301_PhnA1a:K;5_506_Stc2:A;2_202_EdoA1:P;4_404_TdnA1:E;3_307_NagGH:L
403,0.1407,0.4237,0.5644,1,0,4_411_XylX:K;2_216_BPDO:R;4_409_TPDO:V;3_301_PhnA1a:Q;5_506_Stc2:E;2_202_EdoA1:H;4_404_TdnA1:Q;3_307_NagGH:A
118,0.1404,0.1385,0.2789,0,0,4_411_XylX:L;2_216_BPDO:L;4_409_TPDO:L;3_301_PhnA1a:L;5_506_Stc2:L;2_202_EdoA1:L;4_404_TdnA1:L;3_307_NagGH:L
70,0.1386,0.3154,0.4539,0,0,4_411_XylX:I;2_216_BPDO:L;4_409_TPDO:V;3_301_PhnA1a:V;5_506_Stc2:I;2_202_EdoA1:M;4_404_TdnA1:V;3_307_NagGH:M
135,0.1375,0.4646,0.6021,0,0,4_411_XylX:C;2_216_BPDO:K;4_409_TPDO:P;3_301_PhnA1a:R;5_506_Stc2:K;2_202_EdoA1:K;4_404_TdnA1:K;3_307_NagGH:P
263,0.1347,0.5444,0.6791,1,0,4_411_XylX:F;2_216_BPDO:Y;4_409_TPDO:Y;3_301_PhnA1a:Y;5_506_Stc2:Y;2_202_EdoA1:Y;4_404_TdnA1:R;3_307_NagGH:V
319,0.1345,0.3944,0.5289,1,0,4_411_XylX:V;2_216_BPDO:V;4_409_TPDO:L;3_301_PhnA1a:L;5_506_Stc2:V;2_202_EdoA1:V;4_404_TdnA1:I;3_307_NagGH:F
261,0.1338,0.5882,0.7221,1,0,4_411_XylX:Y;2_216_BPDO:V;4_409_TPDO:R;3_301_PhnA1a:M;5_506_Stc2:E;2_202_EdoA1:T;4_404_TdnA1:Q;3_307_NagGH:T
112,0.1326,0.1878,0.3204,0,0,4_411_XylX:F;2_216_BPDO:F;4_409_TPDO:F;3_301_PhnA1a:F;5_506_Stc2:Y;2_202_EdoA1:Y;4_404_TdnA1:Y;3_307_NagGH:Y
315,0.1298,0.4895,0.6193,1,0,4_411_XylX:D;2_216_BPDO:H;4_409_TPDO:D;3_301_PhnA1a:G;5_506_Stc2:D;2_202_EdoA1:N;4_404_TdnA1:D;3_307_NagGH:G
246,0.1297,0.5472,0.677,1,0,4_411_XylX:M;2_216_BPDO:G;4_409_TPDO:T;3_301_PhnA1a:G;5_506_Stc2:G;2_202_EdoA1:G;4_404_TdnA1:S;3_307_NagGH:A
363,0.1286,0.2975,0.4261,1,0,4_411_XylX:Q;2_216_BPDO:T;4_409_TPDO:Q;3_301_PhnA1a:T;5_506_Stc2:Q;2_202_EdoA1:Q;4_404_TdnA1:Q;3_307_NagGH:Q
64,0.1273,0.2866,0.4139,0,0,4_411_XylX:G;2_216_BPDO:A;4_409_TPDO:G;3_301_PhnA1a:G;5_506_Stc2:G;2_202_EdoA1:G;4_404_TdnA1:G;3_307_NagGH:G
141,0.1271,0.5324,0.6595,0,0,4_411_XylX:T;2_216_BPDO:A;4_409_TPDO:R;3_301_PhnA1a:K;5_506_Stc2:K;2_202_EdoA1:L;4_404_TdnA1:V;3_307_NagGH:T
63,0.1271,0.3671,0.4942,0,0,4_411_XylX:I;2_216_BPDO:M;4_409_TPDO:V;3_301_PhnA1a:M;5_506_Stc2:I;2_202_EdoA1:M;4_404_TdnA1:I;3_307_NagGH:V
289,0.1265,0.4792,0.6057,1,0,4_411_XylX:L;2_216_BPDO:I;4_409_TPDO:I;3_301_PhnA1a:I;5_506_Stc2:H;2_202_EdoA1:I;4_404_TdnA1:L;3_307_NagGH:L
158,0.1263,0.5076,0.6339,0,0,4_411_XylX:P;2_216_BPDO:P;4_409_TPDO:D;3_301_PhnA1a:P;5_506_Stc2:D;2_202_EdoA1:A;4_404_TdnA1:D;3_307_NagGH:H
316,0.1252,0.4897,0.615,1,0,4_411_XylX:K;2_216_BPDO:E;4_409_TPDO:N;3_301_PhnA1a:Q;5_506_Stc2:E;2_202_EdoA1:E;4_404_TdnA1:E;3_307_NagGH:S
147,0.1249,0.3561,0.481,0,0,4_411_XylX:S;2_216_BPDO:T;4_409_TPDO:S;3_301_PhnA1a:S;5_506_Stc2:S;2_202_EdoA1:T;4_404_TdnA1:S;3_307_NagGH:T
37,0.1235,0.4721,0.5955,0,0,4_411_XylX:H;2_216_BPDO:R;4_409_TPDO:R;3_301_PhnA1a:R;5_506_Stc2:A;2_202_EdoA1:R;4_404_TdnA1:K;3_307_NagGH:R
81,0.1231,0.3431,0.4662,0,0,4_411_XylX:F;2_216_BPDO:F;4_409_TPDO:W;3_301_PhnA1a:F;5_506_Stc2:F;2_202_EdoA1:F;4_404_TdnA1:L;3_307_NagGH:V
250,0.123,0.5584,0.6815,1,0,4_411_XylX:T;2_216_BPDO:I;4_409_TPDO:S;3_301_PhnA1a:L;5_506_Stc2:R;2_202_EdoA1:F;4_404_TdnA1:M;3_307_NagGH:M
295,0.1229,0.4823,0.6052,1,0,4_411_XylX:L;2_216_BPDO:F;4_409_TPDO:L;3_301_PhnA1a:F;5_506_Stc2:W;2_202_EdoA1:F;4_404_TdnA1:L;3_307_NagGH:I
200,0.1202,0.1322,0.2525,1,0,4_411_XylX:W;2_216_BPDO:W;4_409_TPDO:W;3_301_PhnA1a:W;5_506_Stc2:W;2_202_EdoA1:W;4_404_TdnA1:W;3_307_NagGH:W
280,0.1202,0.6085,0.7287,1,0,4_411_XylX:A;2_216_BPDO:E;4_409_TPDO:Y;3_301_PhnA1a:M;5_506_Stc2:A;2_202_EdoA1:T;4_404_TdnA1:E;3_307_NagGH:P
47,0.1193,0.3254,0.4448,0,0,4_411_XylX:A;2_216_BPDO:G;4_409_TPDO:A;3_301_PhnA1a:A;5_506_Stc2:G;2_202_EdoA1:G;4_404_TdnA1:A;3_307_NagGH:G
41,0.1178,0.3902,0.508,0,0,4_411_XylX:G;2_216_BPDO:R;4_409_TPDO:P;3_301_PhnA1a:R;5_506_Stc2:R;2_202_EdoA1:R;4_404_TdnA1:R;3_307_NagGH:G
349,0.1169,0.3927,0.5096,1,0,4_411_XylX:G;2_216_BPDO:G;4_409_TPDO:G;3_301_PhnA1a:G;5_506_Stc2:H;2_202_EdoA1:G;4_404_TdnA1:G;3_307_NagGH:G
69,0.1163,0.2615,0.3779,0,0,4_411_XylX:F;2_216_BPDO:I;4_409_TPDO:V;3_301_PhnA1a:I;5_506_Stc2:L;2_202_EdoA1:I;4_404_TdnA1:I;3_307_NagGH:I
78,0.1147,0.3741,0.4888,0,0,4_411_XylX:L;2_216_BPDO:L;4_409_TPDO:L;3_301_PhnA1a:I;5_506_Stc2:I;2_202_EdoA1:I;4_404_TdnA1:V;3_307_NagGH:I
327,0.1132,0.4927,0.6059,1,0,4_411_XylX:K;2_216_BPDO:K;4_409_TPDO:A;3_301_PhnA1a:K;5_506_Stc2:K;2_202_EdoA1:A;4_404_TdnA1:D;3_307_NagGH:E
26,0.1132,0.4382,0.5514,0,0,4_411_XylX:T;2_216_BPDO:W;4_409_TPDO:S;3_301_PhnA1a:S;5_506_Stc2:T;2_202_EdoA1:A;4_404_TdnA1:T;3_307_NagGH:T
209,0.1115,0.0865,0.198,1,0,4_411_XylX:D;2_216_BPDO:D;4_409_TPDO:D;3_301_PhnA1a:D;5_506_Stc2:C;2_202_EdoA1:D;4_404_TdnA1:D;3_307_NagGH:D
335,0.1101,0.554,0.6641,1,0,4_411_XylX:A;2_216_BPDO:R;4_409_TPDO:A;3_301_PhnA1a:D;5_506_Stc2:Y;2_202_EdoA1:E;4_404_TdnA1:R;3_307_NagGH:R
119,0.1078,0.4653,0.5731,0,0,4_411_XylX:L;2_216_BPDO:V;4_409_TPDO:L;3_301_PhnA1a:K;5_506_Stc2:L;2_202_EdoA1:V;4_404_TdnA1:R;3_307_NagGH:Q
51,0.1074,0.3003,0.4077,0,0,4_411_XylX:Q;2_216_BPDO:L;4_409_TPDO:E;3_301_PhnA1a:Q;5_506_Stc2:E;2_202_EdoA1:H;4_404_TdnA1:E;3_307_NagGH:E
314,0.1059,0.3623,0.4682,1,0,4_411_XylX:V;2_216_BPDO:P;4_409_TPDO:P;3_301_PhnA1a:P;5_506_Stc2:P;2_202_EdoA1:P;4_404_TdnA1:V;3_307_NagGH:P
136,0.1051,0.5482,0.6533,0,0,4_411_XylX:G;2_216_BPDO:S;4_409_TPDO:K;3_301_PhnA1a:S;5_506_Stc2:S;2_202_EdoA1:A;4_404_TdnA1:S;3_307_NagGH:E
133,0.1042,0.3617,0.4659,0,0,4_411_XylX:F;2_216_BPDO:L;4_409_TPDO:F;3_301_PhnA1a:I;5_506_Stc2:F;2_202_EdoA1:F;4_404_TdnA1:L;3_307_NagGH:F
236,0.1031,0.5347,0.6378,1,0,4_411_XylX:G;2_216_BPDO:G;4_409_TPDO:G;3_301_PhnA1a:G;5_506_Stc2:S;2_202_EdoA1:G;4_404_TdnA1:A;3_307_NagGH:E
277,0.101,0.4903,0.5912,1,0,4_411_XylX:F;2_216_BPDO:F;4_409_TPDO:V;3_301_PhnA1a:L;5_506_Stc2:L;2_202_EdoA1:L;4_404_TdnA1:Y;3_307_NagGH:V
275,0.1008,0.5832,0.6841,1,0,4_411_XylX:E;2_216_BPDO:E;4_409_TPDO:D;3_301_PhnA1a:E;5_506_Stc2:G;2_202_EdoA1:E;4_404_TdnA1:E;3_307_NagGH:D
243,0.0993,0.5513,0.6507,1,0,4_411_XylX:N;2_216_BPDO:H;4_409_TPDO:G;3_301_PhnA1a:N;5_506_Stc2:D;2_202_EdoA1:G;4_404_TdnA1:N;3_307_NagGH:G
255,0.0984,0.5663,0.6648,1,0,4_411_XylX:P;2_216_BPDO:T;4_409_TPDO:N;3_301_PhnA1a:E;5_506_Stc2:P;2_202_EdoA1:G;4_404_TdnA1:V;3_307_NagGH:G
57,0.0975,0.3227,0.4202,0,0,4_411_XylX:D;2_216_BPDO:D;4_409_TPDO:D;3_301_PhnA1a:D;5_506_Stc2:D;2_202_EdoA1:D;4_404_TdnA1:D;3_307_NagGH:D
407,0.0945,0.4615,0.556,1,0,4_411_XylX:E;2_216_BPDO:E;4_409_TPDO:K;3_301_PhnA1a:D;5_506_Stc2:N;2_202_EdoA1:R;4_404_TdnA1:K;3_307_NagGH:K
197,0.0944,0.5292,0.6236,1,0,4_411_XylX:E;2_216_BPDO:A;4_409_TPDO:K;3_301_PhnA1a:S;5_506_Stc2:K;2_202_EdoA1:P;4_404_TdnA1:P;3_307_NagGH:P
46,0.091,0.2806,0.3716,0,0,4_411_XylX:L;2_216_BPDO:L;4_409_TPDO:V;3_301_PhnA1a:V;5_506_Stc2:V;2_202_EdoA1:L;4_404_TdnA1:V;3_307_NagGH:V
199,0.089,0.161,0.25,1,0,4_411_XylX:N;2_216_BPDO:N;4_409_TPDO:N;3_301_PhnA1a:N;5_506_Stc2:N;2_202_EdoA1:N;4_404_TdnA1:N;3_307_NagGH:N
130,0.0873,0.4623,0.5496,0,0,4_411_XylX:P;2_216_BPDO:H;4_409_TPDO:P;3_301_PhnA1a:F;5_506_Stc2:G;2_202_EdoA1:C;4_404_TdnA1:G;3_307_NagGH:P
109,0.0855,0.1692,0.2547,0,0,4_411_XylX:G;2_216_BPDO:G;4_409_TPDO:Q;3_301_PhnA1a:G;5_506_Stc2:Q;2_202_EdoA1:G;4_404_TdnA1:G;3_307_NagGH:Q
415,0.0836,0.4433,0.527,1,0,4_411_XylX:A;2_216_BPDO:A;4_409_TPDO:A;3_301_PhnA1a:A;5_506_Stc2:G;2_202_EdoA1:A;4_404_TdnA1:A
257,0.0833,0.5472,0.6305,1,0,4_411_XylX:D;2_216_BPDO:R;4_409_TPDO:Q;3_301_PhnA1a:R;5_506_Stc2:G;2_202_EdoA1:G;4_404_TdnA1:E;3_307_NagGH:G
259,0.0795,0.5279,0.6073,1,0,4_411_XylX:P;2_216_BPDO:G;4_409_TPDO:N;3_301_PhnA1a:K;5_506_Stc2:D;2_202_EdoA1:K;4_404_TdnA1:E;3_307_NagGH:K
89,0.0791,0.1926,0.2717,0,0,4_411_XylX:G;2_216_BPDO:G;4_409_TPDO:G;3_301_PhnA1a:G;5_506_Stc2:G;2_202_EdoA1:G;4_404_TdnA1:G;3_307_NagGH:G
52,0.0786,0.306,0.3846,0,0,4_411_XylX:I;2_216_BPDO:V;4_409_TPDO:I;3_301_PhnA1a:I;5_506_Stc2:L;2_202_EdoA1:I;4_404_TdnA1:I;3_307_NagGH:I
39,0.0761,0.2328,0.3089,0,0,4_411_XylX:F;2_216_BPDO:F;4_409_TPDO:F;3_301_PhnA1a:F;5_506_Stc2:F;2_202_EdoA1:F;4_404_TdnA1:F;3_307_NagGH:F
188,0.0758,0.4824,0.5582,1,0,4_411_XylX:L;2_216_BPDO:L;4_409_TPDO:L;3_301_PhnA1a:I;5_506_Stc2:V;2_202_EdoA1:I;4_404_TdnA1:V;3_307_NagGH:I
182,0.075,0.4818,0.5568,1,0,4_411_XylX:P;2_216_BPDO:D;4_409_TPDO:G;3_301_PhnA1a:E;5_506_Stc2:D;2_202_EdoA1:E;4_404_TdnA1:G;3_307_NagGH:P
258,0.0737,0.5329,0.6066,1,0,4_411_XylX:R;2_216_BPDO:D;4_409_TPDO:Q;3_301_PhnA1a:P;5_506_Stc2:R;2_202_EdoA1:P;4_404_TdnA1:D;3_307_NagGH:G
151,0.0711,0.3228,0.3939,0,0,4_411_XylX:F;2_216_BPDO:F;4_409_TPDO:L;3_301_PhnA1a:L;5_506_Stc2:L;2_202_EdoA1:L;4_404_TdnA1:M;3_307_NagGH:V
411,0.0686,0.4947,0.5632,1,0,4_411_XylX:K;2_216_BPDO:A;4_409_TPDO:N;3_301_PhnA1a:A;5_506_Stc2:D;2_202_EdoA1:E;4_404_TdnA1:A;3_307_NagGH:A
146,0.0669,0.5098,0.5767,0,0,4_411_XylX:E;2_216_BPDO:E;4_409_TPDO:D;3_301_PhnA1a:A;5_506_Stc2:E;2_202_EdoA1:E;4_404_TdnA1:E;3_307_NagGH:A
163,0.0615,0.3426,0.4041,0,0,4_411_XylX:L;2_216_BPDO:L;4_409_TPDO:L;3_301_PhnA1a:L;5_506_Stc2:F;2_202_EdoA1:L;4_404_TdnA1:L;3_307_NagGH:L
152,0.0615,0.2833,0.3448,0,0,4_411_XylX:L;2_216_BPDO:I;4_409_TPDO:V;3_301_PhnA1a:V;5_506_Stc2:I;2_202_EdoA1:I;4_404_TdnA1:I;3_307_NagGH:V
331,0.0613,0.5656,0.6269,1,0,4_411_XylX:A;2_216_BPDO:T;4_409_TPDO:P;3_301_PhnA1a:D;5_506_Stc2:E;2_202_EdoA1:A;4_404_TdnA1:E;3_307_NagGH:E
174,0.0606,0.5036,0.5642,0,0,4_411_XylX:I;2_216_BPDO:L;4_409_TPDO:I;3_301_PhnA1a:L;5_506_Stc2:L;2_202_EdoA1:M;4_404_TdnA1:I;3_307_NagGH:F
28,0.0567,0.4687,0.5254,0,0,4_411_XylX:E;2_216_BPDO:Q;4_409_TPDO:R;3_301_PhnA1a:E;5_506_Stc2:P;2_202_EdoA1:Q;4_404_TdnA1:P;3_307_NagGH:E
346,0.0544,0.3711,0.4254,1,0,4_411_XylX:N;2_216_BPDO:G;4_409_TPDO:G;3_301_PhnA1a:G;5_506_Stc2:G;2_202_EdoA1:S;4_404_TdnA1:G;3_307_NagGH:G
54,0.0489,0.4003,0.4492,0,0,4_411_XylX:N;2_216_BPDO:K;4_409_TPDO:N;3_301_PhnA1a:K;5_506_Stc2:E;2_202_EdoA1:K;4_404_TdnA1:E;3_307_NagGH:N
56,0.0486,0.2719,0.3205,0,0,4_411_XylX:N;2_216_BPDO:G;4_409_TPDO:G;3_301_PhnA1a:G;5_506_Stc2:G;2_202_EdoA1:G;4_404_TdnA1:G;3_307_NagGH:G
267,0.0466,0.6172,0.6637,1,0,4_411_XylX:A;2_216_BPDO:E;4_409_TPDO:D;3_301_PhnA1a:E;5_506_Stc2:K;2_202_EdoA1:G;4_404_TdnA1:E;3_307_NagGH:T
332,0.046,0.547,0.593,1,0,4_411_XylX:E;2_216_BPDO:E;4_409_TPDO:E;3_301_PhnA1a:E;5_506_Stc2:G;2_202_EdoA1:E;4_404_TdnA1:I;3_307_NagGH:E
49,0.0446,0.3883,0.4329,0,0,4_411_XylX:E;2_216_BPDO:D;4_409_TPDO:E;3_301_PhnA1a:E;5_506_Stc2:D;2_202_EdoA1:E;4_404_TdnA1:E;3_307_NagGH:E
279,0.0442,0.5322,0.5764,1,0,4_411_XylX:E;2_216_BPDO:P;4_409_TPDO:E;3_301_PhnA1a:E;5_506_Stc2:D;2_202_EdoA1:S;4_404_TdnA1:P;3_307_NagGH:E
360,0.042,0.3764,0.4184,1,0,4_411_XylX:R;2_216_BPDO:S;4_409_TPDO:E;3_301_PhnA1a:E;5_506_Stc2:E;2_202_EdoA1:V;4_404_TdnA1:E;3_307_NagGH:E
159,0.0415,0.537,0.5786,0,0,4_411_XylX:D;2_216_BPDO:E;4_409_TPDO:D;3_301_PhnA1a:D;5_506_Stc2:E;2_202_EdoA1:E;4_404_TdnA1:D;3_307_NagGH:D
53,0.041,0.3863,0.4274,0,0,4_411_XylX:P;2_216_BPDO:P;4_409_TPDO:P;3_301_PhnA1a:P;5_506_Stc2:P;2_202_EdoA1:P;4_404_TdnA1:P;3_307_NagGH:P
153,0.0396,0.159,0.1986,0,0,4_411_XylX:F;2_216_BPDO:F;4_409_TPDO:F;3_301_PhnA1a:F;5_506_Stc2:F;2_202_EdoA1:F;4_404_TdnA1:F;3_307_NagGH:F
162,0.0386,0.4499,0.4885,0,0,4_411_XylX:P;2_216_BPDO:S;4_409_TPDO:P;3_301_PhnA1a:S;5_506_Stc2:D;2_202_EdoA1:D;4_404_TdnA1:P;3_307_NagGH:S
80,0.0382,0.243,0.2812,0,0,4_411_XylX:A;2_216_BPDO:A;4_409_TPDO:A;3_301_PhnA1a:A;5_506_Stc2:A;2_202_EdoA1:V;4_404_TdnA1:V;3_307_NagGH:V
107,0.0351,0.0928,0.1278,0,0,4_411_XylX:F;2_216_BPDO:Y;4_409_TPDO:Y;3_301_PhnA1a:Y;5_506_Stc2:Y;2_202_EdoA1:Y;4_404_TdnA1:Y;3_307_NagGH:Y
239,0.0307,0.4834,0.5141,1,0,4_411_XylX:Y;2_216_BPDO:F;4_409_TPDO:V;3_301_PhnA1a:V;5_506_Stc2:I;2_202_EdoA1:F;4_404_TdnA1:V;3_307_NagGH:M
115,0.0245,0.458,0.4826,0,0,4_411_XylX:S;2_216_BPDO:D;4_409_TPDO:Q;3_301_PhnA1a:D;5_506_Stc2:D;2_202_EdoA1:A;4_404_TdnA1:D;3_307_NagGH:K
144,0.0245,0.3783,0.4027,0,0,4_411_XylX:A;2_216_BPDO:R;4_409_TPDO:R;3_301_PhnA1a:A;5_506_Stc2:H;2_202_EdoA1:R;4_404_TdnA1:R;3_307_NagGH:K
167,0.0224,0.3188,0.3412,0,0,4_411_XylX:L;2_216_BPDO:L;4_409_TPDO:L;3_301_PhnA1a:L;5_506_Stc2:A;2_202_EdoA1:L;4_404_TdnA1:L;3_307_NagGH:L
290,0.0213,0.3117,0.3329,1,0,4_411_XylX:Y;2_216_BPDO:F;4_409_TPDO:F;3_301_PhnA1a:F;5_506_Stc2:Y;2_202_EdoA1:F;4_404_TdnA1:F;3_307_NagGH:F
110,0.0164,0.0939,0.1104,0,0,4_411_XylX:W;2_216_BPDO:W;4_409_TPDO:W;3_301_PhnA1a:W;5_506_Stc2:W;2_202_EdoA1:W;4_404_TdnA1:W;3_307_NagGH:W
73,0.0154,0.3943,0.4098,0,0,4_411_XylX:N;2_216_BPDO:Q;4_409_TPDO:D;3_301_PhnA1a:Q;5_506_Stc2:D;2_202_EdoA1:Q;4_404_TdnA1:D;3_307_NagGH:D
186,0.0105,0.4932,0.5037,1,0,4_411_XylX:E;2_216_BPDO:E;4_409_TPDO:E;3_301_PhnA1a:E;5_506_Stc2:A;2_202_EdoA1:E;4_404_TdnA1:I;3_307_NagGH:L
161,0.0071,0.493,0.5,0,0,4_411_XylX:P;2_216_BPDO:P;4_409_TPDO:E;3_301_PhnA1a:P;5_506_Stc2:P;2_202_EdoA1:P;4_404_TdnA1:E;3_307_NagGH:E
271,0.0053,0.6052,0.6106,1,0,4_411_XylX:D;2_216_BPDO:G;4_409_TPDO:E;3_301_PhnA1a:P;5_506_Stc2:K;2_202_EdoA1:E;4_404_TdnA1:E;3_307_NagGH:D
245,0.0047,0.4214,0.4261,1,0,4_411_XylX:H;2_216_BPDO:H;4_409_TPDO:H;3_301_PhnA1a:H;5_506_Stc2:Q;2_202_EdoA1:H;4_404_TdnA1:H;3_307_NagGH:H
145,0.0033,0.3409,0.3442,0,0,4_411_XylX:F;2_216_BPDO:V;4_409_TPDO:V;3_301_PhnA1a:V;5_506_Stc2:C;2_202_EdoA1:V;4_404_TdnA1:V;3_307_NagGH:V
108,-0.0,0.0,-0.0,0,1,4_411_XylX:H;2_216_BPDO:H;4_409_TPDO:H;3_301_PhnA1a:H;5_506_Stc2:H;2_202_EdoA1:H;4_404_TdnA1:H;3_307_NagGH:H
105,-0.0,0.0,-0.0,0,1,4_411_XylX:C;2_216_BPDO:C;4_409_TPDO:C;3_301_PhnA1a:C;5_506_Stc2:C;2_202_EdoA1:C;4_404_TdnA1:C;3_307_NagGH:C
87,-0.0,0.0,-0.0,0,1,4_411_XylX:H;2_216_BPDO:H;4_409_TPDO:H;3_301_PhnA1a:H;5_506_Stc2:H;2_202_EdoA1:H;4_404_TdnA1:H;3_307_NagGH:H
85,-0.0,0.0,-0.0,0,1,4_411_XylX:C;2_216_BPDO:C;4_409_TPDO:C;3_301_PhnA1a:C;5_506_Stc2:C;2_202_EdoA1:C;4_404_TdnA1:C;3_307_NagGH:C
276,-0.0009,0.546,0.5452,1,0,4_411_XylX:K;2_216_BPDO:K;4_409_TPDO:L;3_301_PhnA1a:R;5_506_Stc2:R;2_202_EdoA1:R;4_404_TdnA1:R;3_307_NagGH:I
55,-0.0009,0.4908,0.4899,0,0,4_411_XylX:N;2_216_BPDO:P;4_409_TPDO:P;3_301_PhnA1a:P;5_506_Stc2:P;2_202_EdoA1:T;4_404_TdnA1:P;3_307_NagGH:P
212,-0.0009,0.0009,-0.0,1,1,4_411_XylX:H;2_216_BPDO:H;4_409_TPDO:H;3_301_PhnA1a:H;5_506_Stc2:H;2_202_EdoA1:H;4_404_TdnA1:H;3_307_NagGH:H
184,-0.0014,0.3,0.2985,1,0,4_411_XylX:G;2_216_BPDO:G;4_409_TPDO:P;3_301_PhnA1a:G;5_506_Stc2:G;2_202_EdoA1:G;4_404_TdnA1:G;3_307_NagGH:K
116,-0.0032,0.0032,-0.0,0,0,4_411_XylX:G;2_216_BPDO:G;4_409_TPDO:G;3_301_PhnA1a:G;5_506_Stc2:G;2_202_EdoA1:G;4_404_TdnA1:G;3_307_NagGH:G
43,-0.0095,0.0493,0.0398,0,0,4_411_XylX:W;2_216_BPDO:W;4_409_TPDO:W;3_301_PhnA1a:W;5_506_Stc2:W;2_202_EdoA1:W;4_404_TdnA1:W;3_307_NagGH:W
122,-0.0139,0.146,0.1321,0,0,4_411_XylX:K;2_216_BPDO:P;4_409_TPDO:P;3_301_PhnA1a:P;5_506_Stc2:P;2_202_EdoA1:P;4_404_TdnA1:P;3_307_NagGH:P
217,-0.0144,0.0144,-0.0,1,1,4_411_XylX:H;2_216_BPDO:H;4_409_TPDO:H;3_301_PhnA1a:H;5_506_Stc2:H;2_202_EdoA1:H;4_404_TdnA1:H;3_307_NagGH:H
88,-0.0165,0.0563,0.0398,0,0,4_411_XylX:R;2_216_BPDO:R;4_409_TPDO:R;3_301_PhnA1a:R;5_506_Stc2:R;2_202_EdoA1:R;4_404_TdnA1:R;3_307_NagGH:R
266,-0.0177,0.5829,0.5652,1,0,4_411_XylX:N;4_409_TPDO:D;3_301_PhnA1a:N;5_506_Stc2:D;2_202_EdoA1:A;4_404_TdnA1:A;3_307_NagGH:S
165,-0.019,0.4708,0.4519,0,0,4_411_XylX:E;2_216_BPDO:D;4_409_TPDO:D;3_301_PhnA1a:D;5_506_Stc2:D;2_202_EdoA1:T;4_404_TdnA1:D;3_307_NagGH:D
27,-0.0214,0.2653,0.2439,0,0,4_411_XylX:D;2_216_BPDO:D;4_409_TPDO:S;3_301_PhnA1a:D;5_506_Stc2:D;2_202_EdoA1:D;4_404_TdnA1:D;3_307_NagGH:D
355,-0.0238,0.0238,-0.0,1,1,4_411_XylX:D;2_216_BPDO:D;4_409_TPDO:D;3_301_PhnA1a:D;5_506_Stc2:D;2_202_EdoA1:D;4_404_TdnA1:D;3_307_NagGH:D
205,-0.0249,0.1353,0.1104,1,0,4_411_XylX:E;2_216_BPDO:E;4_409_TPDO:E;3_301_PhnA1a:E;5_506_Stc2:E;2_202_EdoA1:E;4_404_TdnA1:E;3_307_NagGH:E
77,-0.0257,0.5874,0.5616,0,0,4_411_XylX:E;2_216_BPDO:S;4_409_TPDO:T;3_301_PhnA1a:S;5_506_Stc2:E;2_202_EdoA1:S;4_404_TdnA1:K;3_307_NagGH:E
264,-0.0329,0.511,0.4781,1,0,4_411_XylX:P;2_216_BPDO:L;4_409_TPDO:D;3_301_PhnA1a:Y;5_506_Stc2:M;2_202_EdoA1:E;4_404_TdnA1:P;3_307_NagGH:S
168,-0.036,0.3582,0.3222,0,0,4_411_XylX:G;2_216_BPDO:G;4_409_TPDO:G;3_301_PhnA1a:G;5_506_Stc2:E;2_202_EdoA1:G;4_404_TdnA1:G;3_307_NagGH:G
311,-0.0365,0.0365,-0.0,1,0,4_411_XylX:P;2_216_BPDO:P;4_409_TPDO:P;3_301_PhnA1a:P;5_506_Stc2:P;2_202_EdoA1:P;4_404_TdnA1:P;3_307_NagGH:P
164,-0.0434,0.4931,0.4496,0,0,4_411_XylX:E;2_216_BPDO:E;4_409_TPDO:P;3_301_PhnA1a:E;5_506_Stc2:E;2_202_EdoA1:E;4_404_TdnA1:E;3_307_NagGH:E
278,-0.0642,0.4366,0.3724,1,0,4_411_XylX:G;2_216_BPDO:G;4_409_TPDO:S;3_301_PhnA1a:G;5_506_Stc2:G;2_202_EdoA1:G;4_404_TdnA1:G;3_307_NagGH:P
179,-0.0691,0.4579,0.3887,0,0,4_411_XylX:D;2_216_BPDO:D;4_409_TPDO:H;3_301_PhnA1a:D;5_506_Stc2:L;2_202_EdoA1:D;4_404_TdnA1:K;3_307_NagGH:D
273,-0.0769,0.4998,0.4229,1,0,4_411_XylX:L;2_216_BPDO:I;4_409_TPDO:L;3_301_PhnA1a:V;5_506_Stc2:L;2_202_EdoA1:A;4_404_TdnA1:L;3_307_NagGH:F
72,-0.0884,0.1282,0.0398,0,0,4_411_XylX:R;2_216_BPDO:R;4_409_TPDO:R;3_301_PhnA1a:R;5_506_Stc2:R;2_202_EdoA1:R;4_404_TdnA1:R;3_307_NagGH:R
75,-0.0933,0.5118,0.4184,0,0,4_411_XylX:D;2_216_BPDO:D;4_409_TPDO:D;3_301_PhnA1a:D;5_506_Stc2:D;2_202_EdoA1:D;4_404_TdnA1:K;3_307_NagGH:D
291,-0.1151,0.1151,-0.0,1,0,4_411_XylX:P;2_216_BPDO:P;4_409_TPDO:P;3_301_PhnA1a:P;5_506_Stc2:P;2_202_EdoA1:P;4_404_TdnA1:P;3_307_NagGH:P
150,-0.1195,0.1195,-0.0,0,0,4_411_XylX:G;2_216_BPDO:G;4_409_TPDO:G;3_301_PhnA1a:G;5_506_Stc2:G;2_202_EdoA1:G;4_404_TdnA1:G;3_307_NagGH:G
244,-0.1792,0.3371,0.1578,1,0,4_411_XylX:G;2_216_BPDO:G;4_409_TPDO:G;3_301_PhnA1a:G;5_506_Stc2:G;2_202_EdoA1:G;4_404_TdnA1:G;3_307_NagGH:R
175,-0.1843,0.3986,0.2144,0,0,4_411_XylX:D;2_216_BPDO:D;4_409_TPDO:D;3_301_PhnA1a:D;5_506_Stc2:A;2_202_EdoA1:D;4_404_TdnA1:D;3_307_NagGH:D
76,-0.2504,0.2504,-0.0,0,0,4_411_XylX:G;2_216_BPDO:G;4_409_TPDO:G;3_301_PhnA1a:G;5_506_Stc2:G;2_202_EdoA1:G;4_404_TdnA1:G;3_307_NagGH:G
